commit,tree,parent,author,author_time,author_tz,committer,committer_time,committer_tz,message,sha1,project
006d6af0835e5c18c30850d29d45ec59da41216a,50eea9ae261c38328953b23ff9441cb087c86a42,['11d0a7a0915b941aa8c6d0003c51f468046d2ace'],Thomas Nowotny <t.nowotny@sussex.ac.uk>,1440518697,+0100,Thomas Nowotny <t.nowotny@sussex.ac.uk>,1440518697,+0100,"Fixed a bug where the not_refractory variable was not set after a spike was detected. This closes #21 as it was the only remaining issue. Supporting subgroups will be a searate question.
",006d6af0835e5c18c30850d29d45ec59da41216a,brian-team_brian2genn
017d4fa7173396ea48340b2702d49e21ee43ec02,b0f135ffa35123d3b37dab930eb5d51cd4025b77,['eeeced22eeae75eba73f584e66bf1c02e8924e1b'],Marcel Stimberg <marcel.stimberg@inserm.fr>,1495641860,+0200,Marcel Stimberg <marcel.stimberg@inserm.fr>,1495641860,+0200,"Create a conda package on travis
",017d4fa7173396ea48340b2702d49e21ee43ec02,brian-team_brian2genn
018ffde9e82f4cfe54027b9036edce89382d54bf,5b6cde633ea547704e66214fdd7e3ad4207047b4,['6e0833081630f196a986ab2bd21d57d7b31ccaa8'],neworderofjamie <neworderofjamie@gmail.com>,1556097526,+0100,neworderofjamie <neworderofjamie@gmail.com>,1556097526,+0100,"Update preferences structure to split out backends
",018ffde9e82f4cfe54027b9036edce89382d54bf,brian-team_brian2genn
01bad74e1fbf20f63f2e12a101a8486394678c17,9d18dccbe8b09a243c8c159d1a5c3bc9c12c9400,['72aa5d9aedecdcac44f3cec514b24c2e456e6fb9'],Marcel Stimberg <marcel.stimberg@inserm.fr>,1542807362,+0100,Marcel Stimberg <marcel.stimberg@inserm.fr>,1542807362,+0100,"Try using bash also on Windows to set environment variable
",01bad74e1fbf20f63f2e12a101a8486394678c17,brian-team_brian2genn
022a25fcafc2189fe270cef83cba328464f35c44,329c9232e99942473ca63ba5abdefc2f2e1db023,['9f296fbd8b8fa6d4bbf0b7d73ff3ac415db3247f'],Marcel Stimberg <marcel.stimberg@inserm.fr>,1498063784,+0200,Marcel Stimberg <marcel.stimberg@inserm.fr>,1498063784,+0200,"Disable stdout redirection in test script

It seems to mess with the testing phase on Windows/Python 3.6
",022a25fcafc2189fe270cef83cba328464f35c44,brian-team_brian2genn
023ddc75ecb377feee08082c7c8f3dd22b27ac9a,f6ee23a7d6575b5a1d93284374ab1518443addb0,['e388ccdaa872ff2ac01e99a6e0fd2206a4105864'],Marcel Stimberg <marcel.stimberg@inserm.fr>,1690388066,+0200,Marcel Stimberg <marcel.stimberg@inserm.fr>,1690388066,+0200,"Fix link in README badge

[ci skip]
",023ddc75ecb377feee08082c7c8f3dd22b27ac9a,brian-team_brian2genn
0292c09e2d2066782286593accccb5fae36ad6c0,e6d98310737884b98337220e6ce4b37d1abdee56,['4879a273de0fd2060bb8ddc68d3beeff37fb8cdc'],Thomas Nowotny <t.nowotny@sussex.ac.uk>,1567154221,+0100,Thomas Nowotny <t.nowotny@sussex.ac.uk>,1567154221,+0100,"Using 2to3 tool to make brian2genn source python 3 compatible
",0292c09e2d2066782286593accccb5fae36ad6c0,brian-team_brian2genn
02e3a52fa6fcb47f376b6a92447d19efc6b2b536,c35b61d452e188679e79482ed6abb7235a8cecf8,['4fb633451a047d753824c93b34903ed9ea709c00'],Marcel Stimberg <marcel.stimberg@inserm.fr>,1509962014,+0100,Marcel Stimberg <marcel.stimberg@inserm.fr>,1509962014,+0100,"Install tqdm explicitly on appveyor to avoid some build problem
",02e3a52fa6fcb47f376b6a92447d19efc6b2b536,brian-team_brian2genn
03b1afe2b60c7ca5a00a7f5fc97cf5d56d7d78fa,bd0d71ad686cf8520cb5aa2d35a48b9e2f1cc742,['9fb6435824bbd132b447abe091305c8d7feaf7aa'],Thomas Nowotny <t.nowotny@sussex.ac.uk>,1443123108,+0100,Thomas Nowotny <t.nowotny@sussex.ac.uk>,1443123108,+0100,"Trying to fix the install problem on readthedocs
",03b1afe2b60c7ca5a00a7f5fc97cf5d56d7d78fa,brian-team_brian2genn
043d796fed41476789beb3d5793fd2ba6e0529cf,49e2e5a4f013b09046fdd2a45a292cbd840b612b,"['3d8cde7890da1ec9100402c59ab0d712ede3edac', '6d7a674f7dcf9a6564501e22b167662d184334e7']",Marcel Stimberg <marcel.stimberg@inserm.fr>,1587545080,+0200,GitHub <noreply@github.com>,1587545080,+0200,"Merge pull request #105 from brian-team/windows_genn_path

Windows updates",043d796fed41476789beb3d5793fd2ba6e0529cf,brian-team_brian2genn
04562acffed4cc82879595370300fb5d2a615ffb,e25b38242f0c12b23a5a80c4d50d1f0d95715ce3,['ac1d33ca9ae887f6ce8fd0da822ce0cbb0aad669'],Thomas Nowotny <tn41@inf900777.inf.susx.ac.uk>,1516813004,+0000,Thomas Nowotny <tn41@inf900777.inf.susx.ac.uk>,1516813004,+0000,"Some minor changes to the benchmarking scripts.
",04562acffed4cc82879595370300fb5d2a615ffb,brian-team_brian2genn
048159c59a193ecbc23143b56f0d08f9dd708c7c,e8a700ab24d36fa967f40bb97cde29a959ea3e3b,['926fb8d04870a45fb9a6771eef8e7644ae7db620'],Marcel Stimberg <marcel.stimberg@inserm.fr>,1641817497,+0100,Marcel Stimberg <marcel.stimberg@inserm.fr>,1641817533,+0100,"Update testing infrastructure to newer VMs

Windows 2019 and OS X 11
",048159c59a193ecbc23143b56f0d08f9dd708c7c,brian-team_brian2genn
0487392ba01ca52d81c96aebc5484f02c46f2386,d856efdff749d99dd14263fd7c449d467334c82b,"['c7135b38ba0e53a7a45ad6dc2c439e7f2ef2781d', '04d0f6a9330c39c4fd98a9fda69a9033d9ae3afb']",Thomas Nowotny <t.nowotny@sussex.ac.uk>,1480086056,+0000,GitHub <noreply@github.com>,1480086056,+0000,"Merge pull request #38 from brian-team/test_latest_dependencies

Test latest dependencies",0487392ba01ca52d81c96aebc5484f02c46f2386,brian-team_brian2genn
04d0f6a9330c39c4fd98a9fda69a9033d9ae3afb,d856efdff749d99dd14263fd7c449d467334c82b,['d490d6edb26b3033d415678ab159ab692ca1178e'],Marcel Stimberg <marcel.stimberg@inserm.fr>,1479982410,+0100,Marcel Stimberg <marcel.stimberg@inserm.fr>,1480005326,+0100,"Use the standard classifiers in setup.py
",04d0f6a9330c39c4fd98a9fda69a9033d9ae3afb,brian-team_brian2genn
0553cafeab49ea5403c0230411035df504d4db06,623fa0c4d7d34c70a20bfdf2955017b2dcb63221,['0487392ba01ca52d81c96aebc5484f02c46f2386'],Marcel Stimberg <marcel.stimberg@inserm.fr>,1480350025,+0100,Marcel Stimberg <marcel.stimberg@inserm.fr>,1480350025,+0100,"Update the example files to work with the latest version of Brian2
[ci skip]
",0553cafeab49ea5403c0230411035df504d4db06,brian-team_brian2genn
05b34bf7b1faf079c44f1795878e14d005d391b9,753b4b6a19be9bd21cb56c95f553ef3dcd926ce3,['10fa44a073ac94cac76bd2e8a6c3b111f552d29c'],Marcel Stimberg <marcel.stimberg@inserm.fr>,1573036510,+0100,Marcel Stimberg <marcel.stimberg@inserm.fr>,1573036523,+0100,"Only push/pull variables for run_regularly operations when needed
",05b34bf7b1faf079c44f1795878e14d005d391b9,brian-team_brian2genn
05bb717e368ec17d224b98cd1f25a54637a883c1,136fba0beaa17722d223d1adc74fdb23f2bc4a9a,['8b40bdf3c2f13e74820835ee3990bd8618081d82'],Marcel Stimberg <marcel.stimberg@inserm.fr>,1542725318,+0100,Marcel Stimberg <marcel.stimberg@inserm.fr>,1542725318,+0100,"Fix path for appveyor script
",05bb717e368ec17d224b98cd1f25a54637a883c1,brian-team_brian2genn
05d2336d37a6f39bb4ee699463772db631d88aba,625950ad2fa77041f85f3313758e954b9e404c24,['99bedb3ff7f1e1ae1ca19aed05ebeed961957563'],Thomas Nowotny <tn41@inf900324.inf.susx.ac.uk>,1586551122,+0100,Thomas Nowotny <tn41@inf900324.inf.susx.ac.uk>,1586551122,+0100,"Fixed some more problems including not trying to use a namespace where there is not support code and max** variables not being declared when synapses came only from arrays.
",05d2336d37a6f39bb4ee699463772db631d88aba,brian-team_brian2genn
05d36cd5cffcfeacd8c4b298d897983da4ba579f,bff1fcb7c7f5d9cb6c6d4f504b3e1915c7966bfe,['8d548ac805e3b18502f8930c6ca3bb4610986d37'],Marcel Stimberg <marcel.stimberg@inserm.fr>,1542815893,+0100,Marcel Stimberg <marcel.stimberg@inserm.fr>,1542815893,+0100,"Try setting VCTargetsPath on Windows
",05d36cd5cffcfeacd8c4b298d897983da4ba579f,brian-team_brian2genn
060d77d3f97e0166d6cc046f13793b7fd283f45a,cc2b987e07749099b42fb40a43be342a34fac8bf,['14c3ff782dc1b550792530fcc336233c3ce7962a'],thesamovar <dan.goodman@ens.fr>,1414674430,+0000,thesamovar <dan.goodman@ens.fr>,1414674430,+0000,bugfix,060d77d3f97e0166d6cc046f13793b7fd283f45a,brian-team_brian2genn
061122c785f5c54ef3c897ce10ca5dc064287e1f,57e6279da845248bd3f4fb145d2ca38865416b53,['ee337629955ec3c9a46e544c1d68106d8037b906'],thesamovar <dan.goodman@ens.fr>,1414499957,+0000,thesamovar <dan.goodman@ens.fr>,1414499957,+0000,Working inSyn variable translation,061122c785f5c54ef3c897ce10ca5dc064287e1f,brian-team_brian2genn
0616acef24420901d0af0add2884b99df822ba36,9114a0b05cf30da7a83772b4ddf6cc271bf58ab7,['b1b84e971853417ab3167c0ce42ffa9a4626d02d'],Thomas Nowotny <t.nowotny@sussex.ac.uk>,1471860469,+0100,Thomas Nowotny <t.nowotny@sussex.ac.uk>,1471860469,+0100,"added main.cc template under git control
",0616acef24420901d0af0add2884b99df822ba36,brian-team_brian2genn
06368dd86d037b3863bed8eb0a8c491860b81b8a,2482074578ed05d56da50c0df010479f87e28dc6,['7587a1b41dd7768f80fe8bb03a38e360f9aeae60'],neworderofjamie <neworderofjamie@gmail.com>,1585929173,+0100,neworderofjamie <neworderofjamie@gmail.com>,1585929173,+0100,"need to include <vector>
",06368dd86d037b3863bed8eb0a8c491860b81b8a,brian-team_brian2genn
0652c8983bb26b867b81a3d3b4c87c39025d3b29,5d13799083e49abb7f033a08231c124343758367,['afa9525dcca3d91b8fd56cc6d184c06620f48556'],Thomas Nowotny <tn41@inf900324.inf.susx.ac.uk>,1587070605,+0100,Thomas Nowotny <tn41@inf900324.inf.susx.ac.uk>,1587070605,+0100,"I put this back into the shape it has in cpp_standalon as I believe the error was caused by a different
problem that has now been fixed.
",0652c8983bb26b867b81a3d3b4c87c39025d3b29,brian-team_brian2genn
0686fbd3250a06e18f4813df90eb06895b5a3602,e05197c222c85d1da095d354c6ceb72e58c03445,['52dad0c64931f95be4c6c998c0e64ba9399d2bf6'],Marcel Stimberg <marcel.stimberg@inserm.fr>,1602506169,+0200,Marcel Stimberg <marcel.stimberg@inserm.fr>,1602506169,+0200,"Add missing header files

Whether they are necessary depends on the gcc version
",0686fbd3250a06e18f4813df90eb06895b5a3602,brian-team_brian2genn
072f8741786347d44265b10cf0f71295eadc0bbd,583bf5948d277b7ee56eacd4bfcfd651610fab56,['9011cf6c7b8c630a809675ac9aca5a00fc3a5580'],neworderofjamie <J.C.Knight@sussex.ac.uk>,1559646603,+0100,neworderofjamie <J.C.Knight@sussex.ac.uk>,1559646603,+0100,"Template for Visual Studio project
",072f8741786347d44265b10cf0f71295eadc0bbd,brian-team_brian2genn
0736101641d10d8844e0c3ee1311a2a4ae78b304,420243e98d3eaca8eadb6b83ddf5cba2c3fe1edf,['b395f4d106b4820fcdb50433983751d5dbc8203e'],Marcel Stimberg <marcel.stimberg@inserm.fr>,1586353956,+0200,Marcel Stimberg <marcel.stimberg@inserm.fr>,1586353956,+0200,"no longer use 2to3.py
",0736101641d10d8844e0c3ee1311a2a4ae78b304,brian-team_brian2genn
075980c9ce5310ca2d968d8d526b74e23893a829,335f6d203b637070b542994b80082af2bfb19282,['4879a273de0fd2060bb8ddc68d3beeff37fb8cdc'],Marcel Stimberg <marcel.stimberg@inserm.fr>,1565078901,+0200,Marcel Stimberg <marcel.stimberg@inserm.fr>,1565078901,+0200,"Properly translate syntax and function calls in summed variable expressions
",075980c9ce5310ca2d968d8d526b74e23893a829,brian-team_brian2genn
07c43186248a93b81ce69b7cbf8040ae717bd1db,5b4d6c57828d5a24416c39dafe9d9f51c5c4f6cb,['64ffd9ca5647ab9312aaf8bcaef51bee11625baf'],Marcel Stimberg <marcel.stimberg@inserm.fr>,1536148988,+0200,Marcel Stimberg <marcel.stimberg@inserm.fr>,1536149244,+0200,"Link with `-no-pie`, apparently needed with newer g++ versions

See https://wiki.ubuntu.com/SecurityTeam/PIE
",07c43186248a93b81ce69b7cbf8040ae717bd1db,brian-team_brian2genn
07e0869634a29f213c3d291054471f907e58a886,3b1f15230041dd2536e3a4beb062d0dd9894e530,['1d4fe5d19056842e228b83b7cad0a973a1409a1b'],Marcel Stimberg <marcel.stimberg@inserm.fr>,1496072575,+0200,Marcel Stimberg <marcel.stimberg@inserm.fr>,1496072575,+0200,"First steps for OS-X support (try again with sudo)
",07e0869634a29f213c3d291054471f907e58a886,brian-team_brian2genn
0911288550a25d487faac48035608d30149ba624,9826ad5192a0972af2d704dd06ee4963bac226c2,['6af40e66ddea49411991fb6df99f87dc932b7f3c'],Marcel Stimberg <marcel.stimberg@inserm.fr>,1471875940,+0100,Marcel Stimberg <marcel.stimberg@inserm.fr>,1471881115,+0100,"Redefine the `pow` function (necessary to support integer arguments with MSVC)
",0911288550a25d487faac48035608d30149ba624,brian-team_brian2genn
092a00e2e3badab17a140698fa90ef70d63e2e7c,92fe505b0b4b037366126689238a15bd8df15a54,['14fa43cce8a5887effcaf9fe4749720320ea1ec5'],Marcel Stimberg <marcel.stimberg@inserm.fr>,1542882150,+0100,Marcel Stimberg <marcel.stimberg@inserm.fr>,1542882150,+0100,"try setting VCTargetsPath
",092a00e2e3badab17a140698fa90ef70d63e2e7c,brian-team_brian2genn
0931ea6f9ff7e55525228587360d8cdc11454a46,21b457b88138d65af26b065135ec1ab7870a27c4,['8b9a82dc658341f8129bfa944f712be8de05811e'],Marcel Stimberg <marcel.stimberg@inserm.fr>,1498447407,+0900,Marcel Stimberg <marcel.stimberg@inserm.fr>,1498447542,+0900,"Add a preference to set `CUDA_PATH` and give a better error message if is not set
",0931ea6f9ff7e55525228587360d8cdc11454a46,brian-team_brian2genn
09563c7c695e5bbc690dcf42c3a86640ca19cc5a,e936e2f16410a91b8713265e4902a3912c63198b,['9e39b466b4608f87d49d0e3712c94cbaaa557ef5'],Marcel Stimberg <marcel.stimberg@inserm.fr>,1474900209,+0200,Marcel Stimberg <marcel.stimberg@inserm.fr>,1474901566,+0200,"Refactor synaptic pathway handling to remove redundant processing for pre and post
",09563c7c695e5bbc690dcf42c3a86640ca19cc5a,brian-team_brian2genn
0961e45d3edbeba532622c917f953eb0eb23c543,42ece36f5f104fae3be9837351919fa7ece63bf3,['0931ea6f9ff7e55525228587360d8cdc11454a46'],Marcel Stimberg <marcel.stimberg@inserm.fr>,1498533142,+0900,Marcel Stimberg <marcel.stimberg@inserm.fr>,1498533142,+0900,"***** Release brian2genn 1.0 *****
",0961e45d3edbeba532622c917f953eb0eb23c543,brian-team_brian2genn
09a25030b34766a7fc7b5678d90d9fd40167faa4,8e3ab45f75fa88551eb776f66d44f96dbe17c6af,['feaa8bc90cf927718e5ed2c53ccdbad38447d629'],Marcel Stimberg <marcel.stimberg@inserm.fr>,1534857539,+0200,Marcel Stimberg <marcel.stimberg@inserm.fr>,1534857539,+0200,"Recording the time t or the timestep dt with a StateMonitor is not supported
",09a25030b34766a7fc7b5678d90d9fd40167faa4,brian-team_brian2genn
09d922f0767e3e925a55ad5b2029ecc1c79d84b3,43463898adfd56baed8c175eec113744802b2e62,['1b7f05797a398f01c4f1cdcbc097d8094cbb4fd3'],Thomas Nowotny <t.nowotny@sussex.ac.uk>,1529921531,+0100,Thomas Nowotny <t.nowotny@sussex.ac.uk>,1529921531,+0100,"Slight adjustments on what benchmarks to run.
",09d922f0767e3e925a55ad5b2029ecc1c79d84b3,brian-team_brian2genn
09ef4769f41c262375f88e31003ac6eb0c6363c1,114fd4efc66f296ac3002a335f42491b4bf252be,['4ed0168a0c84e12f68be99196a754393bb53c642'],Thomas Nowotny <t.nowotny@sussex.ac.uk>,1441297961,+0100,Thomas Nowotny <t.nowotny@sussex.ac.uk>,1441297961,+0100,"docs
",09ef4769f41c262375f88e31003ac6eb0c6363c1,brian-team_brian2genn
09ff57a36acf7b4ca1217e5ba2c3076dcf422252,8365179a7b01be278eabee5fe37ea7029bd6e769,['4f4011476173ee2ae26a2279840c54ccf1715246'],Thomas Nowotny <t.nowotny@sussex.ac.uk>,1586869500,+0100,Thomas Nowotny <t.nowotny@sussex.ac.uk>,1586869500,+0100,"Fixed a problem where for synaptic sub-groups offsets were not considered
in the maxRowlength and maxCollength counting loops.
I have disabled (commented out) the code that is checking for duplicates
in sparse connectivity as it is not an issue in GeNN and previous
benchmarks contain ""accidental"" multiple synapses. The error remains in
place for DENSE connectivity as it's a real issue in that case.
",09ff57a36acf7b4ca1217e5ba2c3076dcf422252,brian-team_brian2genn
0a1186ec355daaedd178b9b40a278cbf08e06702,9148e7ed72e88285455e795c1163b2596ca7e262,"['550b155a0d1dc26e2f0744c6f3266da663d2706c', '6740049633502548d043ab3a3d0102c23860e026']",Felix Benjamin Kern <kernfel+github@gmail.com>,1688559909,+0200,GitHub <noreply@github.com>,1688559909,+0200,"Merge 6740049633502548d043ab3a3d0102c23860e026 into 550b155a0d1dc26e2f0744c6f3266da663d2706c
",0a1186ec355daaedd178b9b40a278cbf08e06702,brian-team_brian2genn
0a40706f7870bdc20453842f9c87d8d045335adb,94fdcd2c10981d41d15b8ac79b89f82d6d3eb2e8,['3fb8bf58181456caabecc94a3260dce40c2353eb'],Thomas Nowotny <t.nowotny@sussex.ac.uk>,1436896359,+0100,Thomas Nowotny <t.nowotny@sussex.ac.uk>,1436896359,+0100,"FIxed a problem where _count was renamed to count in cpp_standalone leading to problems when running spikemonitors in brian2genn (this is in the brian2genn spikemonitor.cpp template)
",0a40706f7870bdc20453842f9c87d8d045335adb,brian-team_brian2genn
0a60ffe1450a38c00ce1402587db0935194d6a81,50ac20ce12baf6d4bebd26ac6c353eaf8dc12c58,['200a05db564226eae84b63e08a4931cadbc8b56f'],Marcel Stimberg <marcel.stimberg@inserm.fr>,1536222544,+0200,Marcel Stimberg <marcel.stimberg@inserm.fr>,1536222544,+0200,"Explicitly activate the conda environment on appveyor

Should  hopefully make the recent build failures disappear
",0a60ffe1450a38c00ce1402587db0935194d6a81,brian-team_brian2genn
0ae131a497d85024923c57630c1925e32c553d94,73e9d47991445449cce156a6a5952f91a7264ab5,['d8212fd3e39e9b9cef3d595931aa0b3f05d6c937'],Marcel Stimberg <marcel.stimberg@inserm.fr>,1497859720,+0200,Marcel Stimberg <marcel.stimberg@inserm.fr>,1497859720,+0200,"Upload zip instead of .tar.bz2 to pypi (the latter is not supported anymore)
",0ae131a497d85024923c57630c1925e32c553d94,brian-team_brian2genn
0afe2fee2fd6494d74eae4190c489cfcbc02f740,422a44d8445aa6475097d3dfd6a74a0b35dd9f86,"['94aa5e58bc1c740faaee9e2051c2ab98eba8b6bb', '9c5a1b514c728f92c2b98844e5a7d6bbe9945cce']",Thomas Nowotny <t.nowotny@sussex.ac.uk>,1529671937,+0100,GitHub <noreply@github.com>,1529671937,+0100,"Merge pull request #60 from brian-team/timestep_function

[MRG] Add a `timestep` implementation make it work with Brian 2.1.3",0afe2fee2fd6494d74eae4190c489cfcbc02f740,brian-team_brian2genn
0b152dd21316e852115392df76573f50bbd728ea,e00d7537b92f063ace8b92fd225e0e123f476bee,['e1a68bbde1d7a8c50993d1a5fd2663ca6690bef2'],Marcel Stimberg <marcel.stimberg@inserm.fr>,1586450734,+0200,Marcel Stimberg <marcel.stimberg@inserm.fr>,1586450734,+0200,"Use TypeError instead of NotImplementedError, otherwise the test suite won't catch it
",0b152dd21316e852115392df76573f50bbd728ea,brian-team_brian2genn
0b1e37084a9fa65653231e601311fc78b7d38374,fbc08f932871ab1d55e74c7d0e13414e61a1e457,['b9ded1ccada04066cfd1011488bc0dba07708209'],neworderofjamie <J.C.Knight@sussex.ac.uk>,1549970117,+0000,neworderofjamie <J.C.Knight@sussex.ac.uk>,1549970117,+0000,"First attempt at updating model template - template error
",0b1e37084a9fa65653231e601311fc78b7d38374,brian-team_brian2genn
0b23f3a5486b81ab1bfd798421ef65731d5a7adb,4ed7fae888a8f0685619f5e3a1eac20a8a31e74c,"['5691b0fd52fda1f9f3d1af620f32aa00fcb5a0bf', '5cd009b9d797de94256a7efda0e5caea262db580']",Thomas Nowotny <t.nowotny@sussex.ac.uk>,1472227036,+0100,GitHub <noreply@github.com>,1472227036,+0100,"Merge pull request #26 from brian-team/brian2_master

Update to work Brian2 and GeNN master",0b23f3a5486b81ab1bfd798421ef65731d5a7adb,brian-team_brian2genn
0bb7f4040df1eb2a96971d1f773ce7e00e860d3f,94ed14af749e7f77b69e419af824a62bc87bd876,"['3fd13ce9e05a8642b7047775352c761ed8836871', '4ab4730ba890716de484d462e59f176fae478ef9']",Marcel Stimberg <marcel.stimberg@inserm.fr>,1631023743,+0200,GitHub <noreply@github.com>,1631023743,+0200,"Merge pull request #132

Include custom headers in `model.cpp`",0bb7f4040df1eb2a96971d1f773ce7e00e860d3f,brian-team_brian2genn
0bda64282fa07c067a5e2192d217191853877de2,bd301859b48f75e0193a2c02891f29a6a0b897da,"['a4fae28978a7e0b2da2567c67e347607403dff44', '86b12a5e59e33769692978aeb35f001aef3a6d36']",Marcel Stimberg <marcel.stimberg@inserm.fr>,1586512800,+0200,Marcel Stimberg <marcel.stimberg@inserm.fr>,1586512800,+0200,"Merge branch 'master' into genn_4
",0bda64282fa07c067a5e2192d217191853877de2,brian-team_brian2genn
0c484c1e63ea15d54b4aca5f1ea181345703db2d,605a3032bd7aa1496ba93621d92598473a1171d5,['8234dfd4ce9e123c9275226bbd6c5473537d4586'],Marcel Stimberg <marcel.stimberg@inserm.fr>,1536843355,+0200,Marcel Stimberg <marcel.stimberg@inserm.fr>,1536843355,+0200,"fix typo in appveyor.yml
",0c484c1e63ea15d54b4aca5f1ea181345703db2d,brian-team_brian2genn
0c8944b901728ebb55c711cae57f64b36e6c6a27,753b4b6a19be9bd21cb56c95f553ef3dcd926ce3,"['c672ce5d9593439a82865c79c406aacfcb6b3563', '05b34bf7b1faf079c44f1795878e14d005d391b9']",Marcel Stimberg <marcel.stimberg@inserm.fr>,1573115957,+0100,GitHub <noreply@github.com>,1573115957,+0100,"Merge pull request #97 from brian-team/run_regularly_CPU

run_regularly operations on the CPU",0c8944b901728ebb55c711cae57f64b36e6c6a27,brian-team_brian2genn
0d14b333aadd55f1d3deab43798ef4adf38be23b,1035991914740d60bd797f5385f1a08c8173ef3f,['b9ded1ccada04066cfd1011488bc0dba07708209'],Thomas Nowotny <t.nowotny@sussex.ac.uk>,1550136823,+0000,Thomas Nowotny <t.nowotny@sussex.ac.uk>,1550136823,+0000,"In the wake of looking at the timestep function I found this little bit of code that I believe is not needed (calculating the integer timestep from the global variable t).
",0d14b333aadd55f1d3deab43798ef4adf38be23b,brian-team_brian2genn
0d6ea987ffe5c4cce2a119b0511c05a7833fa636,d85b7a120c9ed687b00243327c9d3c1d5d1f75c7,['09ef4769f41c262375f88e31003ac6eb0c6363c1'],Thomas Nowotny <t.nowotny@sussex.ac.uk>,1441310756,+0100,Thomas Nowotny <t.nowotny@sussex.ac.uk>,1441310756,+0100,"docs
",0d6ea987ffe5c4cce2a119b0511c05a7833fa636,brian-team_brian2genn
0e203c9e39e040d1abba3e2dd5bb39a977f9f75b,e8e9965a790ec9a10aead4e8a697191ca932d144,['97e7c1621e51bfda880f2b895d31c4b7d5c5325b'],Marcel Stimberg <marcel.stimberg@inserm.fr>,1499344286,+0900,Marcel Stimberg <marcel.stimberg@inserm.fr>,1499344286,+0900,"Pass LINK_FLAGS as an environment variable so that GeNN's generateALL uses it
",0e203c9e39e040d1abba3e2dd5bb39a977f9f75b,brian-team_brian2genn
0efcd180a693082d3fd0138d255671b42c168b5c,a6a7c5490a21b75a7d173aa1623a3cbd4b311e91,['0652c8983bb26b867b81a3d3b4c87c39025d3b29'],Thomas Nowotny <tn41@inf900324.inf.susx.ac.uk>,1587131081,+0100,Thomas Nowotny <tn41@inf900324.inf.susx.ac.uk>,1587131081,+0100,"This fixes brian.tests.test_synapses.test_summed_variable
the problem was that summed_variables use DelayedCodeObject
which does not reset the array cache for its variables upon
creation. Therfore, after run, if the variables that were not used
anywhere else, they were not reloaded from the disk after run.
",0efcd180a693082d3fd0138d255671b42c168b5c,brian-team_brian2genn
0f4dff97a7bfb8bf9fef64d20e5bd77d3c09c5fd,f9f8f0bacb7c351291de14a5485cc0812dedd50d,['38b1d627ef8b9484c4718b2a336076edec637cfd'],Marcel Stimberg <marcel.stimberg@inserm.fr>,1542812472,+0100,Marcel Stimberg <marcel.stimberg@inserm.fr>,1542812472,+0100,"Try visual studio 2015
",0f4dff97a7bfb8bf9fef64d20e5bd77d3c09c5fd,brian-team_brian2genn
0f57fb7b036ca2aa6ec003fc638b4e8ad3ece14b,593bfbef48a522bb02c321db0486409219b70838,['e02a54ed6954d2665712857686fca2ae31518860'],Marcel Stimberg <marcel.stimberg@inserm.fr>,1571929813,+0200,Marcel Stimberg <marcel.stimberg@inserm.fr>,1571929813,+0200,"Only push/pull states to/from GPU once per time step
",0f57fb7b036ca2aa6ec003fc638b4e8ad3ece14b,brian-team_brian2genn
0fe71a43ffc45622edc5be0fcf11d21e01e6641f,eb254cbee8870a188c1ab6814689b9ebff69b790,['38c86dcb4c364ebc341bd1ade793cb40c288d003'],Marcel Stimberg <marcel.stimberg@inserm.fr>,1542797712,+0100,Marcel Stimberg <marcel.stimberg@inserm.fr>,1542797712,+0100,"Don't forget to install GeNN...
",0fe71a43ffc45622edc5be0fcf11d21e01e6641f,brian-team_brian2genn
0fe72fbe0eb77a46bf704fb7f696924fc3ff0d5e,3af66b429dfbfdb0a78a632ed3f19a6c8a0bf109,['d6d474d278cd11ec2a24f42eedda85bb0fe5a8c0'],Thomas Nowotny <t.nowotny@sussex.ac.uk>,1435225132,+0100,Thomas Nowotny <t.nowotny@sussex.ac.uk>,1435225132,+0100,"Some changes in templates that were necessitated by changes in the latest genn (fevelopment branch) as of 2015-06-23.
",0fe72fbe0eb77a46bf704fb7f696924fc3ff0d5e,brian-team_brian2genn
0ffd898e7557534fbc2fa4944a7d4b0f709eeb6c,cb42d477be4291528ed250ed9ed10f755cedb991,['4ce55e0e8d9e6fac748a4ea391ca32ce07548a91'],Marcel Stimberg <marcel.stimberg@inserm.fr>,1496155219,+0200,Marcel Stimberg <marcel.stimberg@inserm.fr>,1496155219,+0200,"Re-enable testing for the latest development version, and switch to more recent OS X version
",0ffd898e7557534fbc2fa4944a7d4b0f709eeb6c,brian-team_brian2genn
10a3f73194d1c3fc762a0770c70cbe8f90f89e6e,e2a8dd20dddc786a11bd7467baf0a6ae070e4661,['87b832b056a2cd7186af5e8aca914f005e8f10a4'],Thomas Nowotny <t.nowotny@sussex.ac.uk>,1413833808,+0100,Thomas Nowotny <t.nowotny@sussex.ac.uk>,1413833808,+0100,"started making the interface between brian2-generated c++ synapse descriptions in dynamic arrays to genn-like full connectivity matrices or sparse connectivity matrix representations.
(see file b2glib/convert_synapses.cpp)
",10a3f73194d1c3fc762a0770c70cbe8f90f89e6e,brian-team_brian2genn
10b19f79d4ce78d495ce07569ec01e409128a077,faf4b6da68d41ba3ffe2b85a9c401163aadbd559,['f8037b5377807700d0cc8d384fb49c5f73b84b9e'],Thomas Nowotny <tn41@inf900324.inf.susx.ac.uk>,1592307295,+0100,Thomas Nowotny <tn41@inf900324.inf.susx.ac.uk>,1592307295,+0100,"There was a problem when both a stateupdater and a summed variable existed for a synapse group. In this case identical support code was added twice to
the synapseDynamics support_code_lines. In this commit this behavious is changed so that if both exist the summed variable support code lines will
overwrite the stateupdater ones.
THIS ONLY WORKS IF THE SUPPORT CODES ARE IDENTICAL. Is this a problem o may be in the future?
",10b19f79d4ce78d495ce07569ec01e409128a077,brian-team_brian2genn
10e7ccdb99b1a79599eb107f2ea08c3b3b7ae97e,8862c3950193d1c6289379a794d15cdb049e20ca,['a4a7dbe2b20f29638b97fdac7d00ffeacf1c511b'],Thomas Nowotny <t.nowotny@sussex.ac.uk>,1556628032,+0100,Thomas Nowotny <t.nowotny@sussex.ac.uk>,1556628032,+0100,"Didn't realize that summed_variable_updater.abstract_code might contain more than a variable name on the RHS. This is now fixed.
",10e7ccdb99b1a79599eb107f2ea08c3b3b7ae97e,brian-team_brian2genn
10f19c895811ad64d2463e4d407b7a2e45c0ae99,0bf6e13f4dbafee10d18a9c35d5ccf622cd69e75,['1cb247de760a698fc2374293f730ebb95db857e2'],Marcel Stimberg <marcel.stimberg@inserm.fr>,1478537906,+0100,Marcel Stimberg <marcel.stimberg@inserm.fr>,1478612064,+0100,"Update the docs and fix some minor typos
",10f19c895811ad64d2463e4d407b7a2e45c0ae99,brian-team_brian2genn
10fa44a073ac94cac76bd2e8a6c3b111f552d29c,8c0ac19bf0ec1813ed075f57b6b8a75b2322b14d,['0f57fb7b036ca2aa6ec003fc638b4e8ad3ece14b'],Marcel Stimberg <marcel.stimberg@inserm.fr>,1571932819,+0200,Marcel Stimberg <marcel.stimberg@inserm.fr>,1571932819,+0200,"Update docs about `TimedArray`
",10fa44a073ac94cac76bd2e8a6c3b111f552d29c,brian-team_brian2genn
110acd2421e15a03851fa607687497bafa5b56a6,93465fff70d16660734fd44b9a89ccf32d7338e5,['bd9d70ea91031bfecb95541e0540cdd59e59d414'],Thomas Nowotny <t.nowotny@sussex.ac.uk>,1441270799,+0100,Thomas Nowotny <t.nowotny@sussex.ac.uk>,1441270799,+0100,"Modified the generate_reference script to not fail on import errors fro modules. It needs to be established why these import errors occur in the first place though. One example is __init__.py, another correctness_testing.py
",110acd2421e15a03851fa607687497bafa5b56a6,brian-team_brian2genn
112b4fe7d15ad371784c3265f00e4f0244a222b1,1eb78ccdaeb31d6c5893dcf8bead4057402d6550,['5f83f9a12b0401989258d28a7ffd4c08c006b9ee'],Marcel Stimberg <marcel.stimberg@inserm.fr>,1485278750,+0100,Marcel Stimberg <marcel.stimberg@inserm.fr>,1486647197,+0100,"Make sure code still works with latest brian2 master
",112b4fe7d15ad371784c3265f00e4f0244a222b1,brian-team_brian2genn
1130cee0c317d67a043b2a26a7cab80f51b723dd,70812d092b99b68be7ad691148d3fff9bfe138ca,['1f82acf9b915d6863e31ccb454b0438fcf5eb394'],Thomas Nowotny <t.nowotny@sussex.ac.uk>,1414497436,+0000,Thomas Nowotny <t.nowotny@sussex.ac.uk>,1414497436,+0000,"work in progress on completing brian interface with Dan.
",1130cee0c317d67a043b2a26a7cab80f51b723dd,brian-team_brian2genn
113424002739cfe9c86330c7eb5f16094d817745,4fef2b5c0eb5dcda9a99e1ce3ce06af0a0199b4b,['61d29f7aff4f1c1d5fcdb66c22e09e20f2a9922c'],neworderofjamie <neworderofjamie@gmail.com>,1556099859,+0100,neworderofjamie <neworderofjamie@gmail.com>,1556099859,+0100,"replaced calls to ``copy_genn_to_brian``
",113424002739cfe9c86330c7eb5f16094d817745,brian-team_brian2genn
1178990dd244899a636661394b571acbf0f9905c,ca842aee9a5397d160856fa51c09a8d1bccff558,['79c5eb46dc49e4a488d6046ecb273d11a01f666b'],Marcel Stimberg <marcel.stimberg@inserm.fr>,1472142660,+0100,Marcel Stimberg <marcel.stimberg@inserm.fr>,1472142660,+0100,"Add `run_brian_tests_CPU` to run tests on the CPU
",1178990dd244899a636661394b571acbf0f9905c,brian-team_brian2genn
11d0a7a0915b941aa8c6d0003c51f468046d2ace,15153c3b4fc7d09429dc76a34b6872be97bdba22,['d90d3b44fe78aa46dca192c64ff43bed349e0bec'],Thomas Nowotny <t.nowotny@sussex.ac.uk>,1440437889,+0100,Thomas Nowotny <t.nowotny@sussex.ac.uk>,1440437889,+0100,"Added benchmarking result on HPC server with K40 GPU.
",11d0a7a0915b941aa8c6d0003c51f468046d2ace,brian-team_brian2genn
12a4e8d32f2f0882ad574bff851340b92da9e8ce,93d0301d99dfed372f0b04b9f7c729950aa8267c,"['789ba84ebf0f340aee739113480cee1fd50b6e86', 'ac110785496c8093e12f162a478e1634e077f3d9']",Marcel Stimberg <marcel.stimberg@inserm.fr>,1641831836,+0100,Marcel Stimberg <marcel.stimberg@inserm.fr>,1641831836,+0100,"Merge remote-tracking branch 'origin/master' into fix_synapses_subgroup_monitors
",12a4e8d32f2f0882ad574bff851340b92da9e8ce,brian-team_brian2genn
12e56a049a5a9e734649e6fb91a52b672a90638f,625950ad2fa77041f85f3313758e954b9e404c24,"['0bda64282fa07c067a5e2192d217191853877de2', '05d2336d37a6f39bb4ee699463772db631d88aba']",Thomas Nowotny <tn41@inf900324.inf.susx.ac.uk>,1586551727,+0100,Thomas Nowotny <tn41@inf900324.inf.susx.ac.uk>,1586551727,+0100,"Merge branch 'genn_4_alt' into genn_4
",12e56a049a5a9e734649e6fb91a52b672a90638f,brian-team_brian2genn
12eda449a29873ff0b1a82314b8bc79f99734912,96a5dc14937ec1dff239a359aa2c37473c20aa3b,"['42ef8879c4c635d6f79da6518bc80e1f2f25ef82', '8a91f013d059bda3f0e2e0c04f7d600532059d3e']",Thomas Nowotny <t.nowotny@sussex.ac.uk>,1479224224,+0000,GitHub <noreply@github.com>,1479224224,+0000,"Merge pull request #36 from brian-team/automatic_testing

Automatic testing (CPU only) for Windows/Linux/OS-X",12eda449a29873ff0b1a82314b8bc79f99734912,brian-team_brian2genn
12edce6318ebb4faefcd0c1c0fea1e383ed9d2fd,d83be5aae8ec2da8cbd30ffe20fea8d6a876b78f,['2f333270431c9f83924910710f417203c6d859cc'],Thomas Nowotny <t.nowotny@sussex.ac.uk>,1436979500,+0100,Thomas Nowotny <t.nowotny@sussex.ac.uk>,1436979500,+0100,"Added a line that defines the GeNN schedule in the GeNNDevice.
",12edce6318ebb4faefcd0c1c0fea1e383ed9d2fd,brian-team_brian2genn
13ce175874c6f0283632ccd80439c168cc2dc32d,97aa3e1c6b1102d34b6bc5d5e0c1054b87b74a86,"['f19770bedd16144594d44d1dcaa69e3e02308c98', 'f3e8b7e2a558597366ff46b8ada8fc247d923669']",Marcel Stimberg <marcel.stimberg@inserm.fr>,1604430109,+0100,GitHub <noreply@github.com>,1604430109,+0100,"Merge pull request #124 from brian-team/fix_summed_variable_external_constants

Fix summed variable external constants",13ce175874c6f0283632ccd80439c168cc2dc32d,brian-team_brian2genn
1425409d2c2e32877fc9c16ef9b94f8267a6bfdd,c55adcb4990953060c323b2325d8044864e8b234,['f0d25f4cef7e577bc6420bb236e12e9be692bffa'],Marcel Stimberg <marcel.stimberg@inserm.fr>,1497805828,+0200,Marcel Stimberg <marcel.stimberg@inserm.fr>,1497805828,+0200,"***** Release brian2genn 1.0rc1 *****
",1425409d2c2e32877fc9c16ef9b94f8267a6bfdd,brian-team_brian2genn
14381af65239c4f50c3b9544f108badd26c150fc,fe81c1571b94a7effd464bccca64c3deaf3981cc,['27a8af72ee6f9001e93e6d8a8911f6b8208ed095'],neworderofjamie <neworderofjamie@gmail.com>,1588007790,+0100,neworderofjamie <neworderofjamie@gmail.com>,1588007790,+0100,"updated preferences documentation
",14381af65239c4f50c3b9544f108badd26c150fc,brian-team_brian2genn
1438c759b58a0894d0e41ff8ec2feef5f306919a,65255cdf733fb69cfbb9435880b5c2fa60fd0819,['21674a022706ebe08f6d9b2eded2a4147458758e'],Marcel Stimberg <marcel.stimberg@inserm.fr>,1497624078,+0200,Marcel Stimberg <marcel.stimberg@inserm.fr>,1497624078,+0200,"***** Release brian2genn 0.9rc3 *****
",1438c759b58a0894d0e41ff8ec2feef5f306919a,brian-team_brian2genn
145af6f94ce1a558786dae476b0f5342418fd42e,f3f831567345c74b3a2309fbc76a0df51476021a,['d00d9e6cef2ecaeb509e0f5bc20fc930eacba551'],Felix B. Kern <kernfel+github@gmail.com>,1643349065,+0900,Felix B. Kern <kernfel+github@gmail.com>,1643349065,+0900,"Clarified use of stateupdater_name
",145af6f94ce1a558786dae476b0f5342418fd42e,brian-team_brian2genn
14c3ff782dc1b550792530fcc336233c3ce7962a,eb2a301478b8909f62530d9cf797325b4081b53a,['f95ba97ea261d062380e79a2f8849573370d5f5d'],Thomas Nowotny <t.nowotny@sussex.ac.uk>,1414674092,+0000,Thomas Nowotny <t.nowotny@sussex.ac.uk>,1414674092,+0000,"Further development of brian 2 Genn interface
",14c3ff782dc1b550792530fcc336233c3ce7962a,brian-team_brian2genn
14fa43cce8a5887effcaf9fe4749720320ea1ec5,a92a9d1a03a166b0683f0fdc44d6146604360fe5,['fede3cb740bdf4e167a38b3844df702a6c7f8aae'],Marcel Stimberg <marcel.stimberg@inserm.fr>,1542880762,+0100,Marcel Stimberg <marcel.stimberg@inserm.fr>,1542880762,+0100,"...and one more try
",14fa43cce8a5887effcaf9fe4749720320ea1ec5,brian-team_brian2genn
156ac497d14a42683e6aace8df87c017f5f8569a,6703dac3e4efc12c163eea8c6bd4bfa0f49b51ad,"['1adee746f6c38281a9c33f4579e8bb97896cd186', 'f30cd980411d5a53929fbec0d2a55c678ae40a57']",Marcel Stimberg <marcel.stimberg@inserm.fr>,1542981550,+0100,GitHub <noreply@github.com>,1542981550,+0100,"Merge pull request #78 from brian-team/remove_packaged_genn

Remove packaged GeNN",156ac497d14a42683e6aace8df87c017f5f8569a,brian-team_brian2genn
159c29991ba52c49c7f15be957bfdd23912fa396,1500451cc72d33e7ce5c1e8986cb06efc738e57d,['3391de2cdafe3945c7689089ce035beccd3d605b'],Marcel Stimberg <marcel.stimberg@inserm.fr>,1588155220,+0200,Marcel Stimberg <marcel.stimberg@inserm.fr>,1588155220,+0200,"Update required Brian version
",159c29991ba52c49c7f15be957bfdd23912fa396,brian-team_brian2genn
15b73b97e085b1337837cf1a744b550ab76f1d6f,e16e810f87fe2c150c915154dfbe4d6c1ace16d2,['b28ea1fd805d917fe232071022f7a80817b9cc11'],Marcel Stimberg <marcel.stimberg@inserm.fr>,1496148833,+0200,Marcel Stimberg <marcel.stimberg@inserm.fr>,1496148833,+0200,"Update the GeNN submodule (Windows)
",15b73b97e085b1337837cf1a744b550ab76f1d6f,brian-team_brian2genn
1600e1680f3b6441e8dc36e31bac38cb83b146a0,8c0ac19bf0ec1813ed075f57b6b8a75b2322b14d,"['c672ce5d9593439a82865c79c406aacfcb6b3563', '10fa44a073ac94cac76bd2e8a6c3b111f552d29c']",Marcel Stimberg <marcel.stimberg@inserm.fr>,1571933126,+0000,GitHub <noreply@github.com>,1571933126,+0000,"Merge 10fa44a073ac94cac76bd2e8a6c3b111f552d29c into c672ce5d9593439a82865c79c406aacfcb6b3563
",1600e1680f3b6441e8dc36e31bac38cb83b146a0,brian-team_brian2genn
164f22d9c57d95894494b4caf49400641f0dad7a,be6a221f321de279eee56c584754ca893799b2ac,"['16f073d6e7861e5769abdccdbd577e63a1d39fef', '1c2609a2789c1f278ae28628a01fa0e862beefaa']",Marcel Stimberg <marcel.stimberg@inserm.fr>,1642091242,+0100,GitHub <noreply@github.com>,1642091242,+0100,"Merge pull request #140 from kernfel/support_slow_statemonitor_clocks

Support slow statemonitor clocks",164f22d9c57d95894494b4caf49400641f0dad7a,brian-team_brian2genn
16a9f0d7aec4e7b52c8c0ba97036728f26b14124,ea9c0541d903b3a86c3b6b10a365ca6b1b9cc0a2,['4def6a886bb9d93cd2dd69678fecd8e978b45c3e'],neworderofjamie <neworderofjamie@gmail.com>,1587390820,+0100,neworderofjamie <neworderofjamie@gmail.com>,1587390820,+0100,"Updated windows device logic
",16a9f0d7aec4e7b52c8c0ba97036728f26b14124,brian-team_brian2genn
16eee9765dc11d5ab35207ee601d40c24c56b9ea,c98b386a689de4e6a3292497e2fe9beebe348e00,['ac110785496c8093e12f162a478e1634e077f3d9'],Felix B. Kern <kernfel+github@gmail.com>,1641635811,+0900,Felix B. Kern <kernfel+github@gmail.com>,1641863679,+0900,"Cleaned up whitespace in engine.cpp
",16eee9765dc11d5ab35207ee601d40c24c56b9ea,brian-team_brian2genn
16f073d6e7861e5769abdccdbd577e63a1d39fef,20cab9110890f6dca1622dfae82338f3b41c3e05,"['ac110785496c8093e12f162a478e1634e077f3d9', '9f030ca9f8e2624f16912a2a64b9b884adb87a0e']",Marcel Stimberg <marcel.stimberg@inserm.fr>,1641895162,+0100,GitHub <noreply@github.com>,1641895162,+0100,"Merge pull request #138 from brian-team/fix_synapses_subgroup_monitors

This is a fix for issue #136. ",16f073d6e7861e5769abdccdbd577e63a1d39fef,brian-team_brian2genn
172d2c59f1c8c879450b15b6fffd71340b03db61,b2ef92a859eb49059f557e9e08702fb6b704d487,['90586e5d4e1cdd1eeacaf8e2aa27d989154a1af7'],Marcel Stimberg <marcel.stimberg@inserm.fr>,1536070258,+0200,Marcel Stimberg <marcel.stimberg@inserm.fr>,1536070287,+0200,"Separate sparse array initialization from synaptic variable copy

Otherwise, the array is not initalized if the synaptic model does not
have any variables (e.g. a simple on_pre='v += 1' model).
",172d2c59f1c8c879450b15b6fffd71340b03db61,brian-team_brian2genn
178f43edc920f31df604d7b446bed8172400d613,279bef0aa700f780e1048599a176d857a2f5f30e,['3af867bf49b60caabe50e9c4be895df64759c100'],Marcel Stimberg <marcel.stimberg@inserm.fr>,1471983080,+0100,Marcel Stimberg <marcel.stimberg@inserm.fr>,1471983080,+0100,"Fix a bug in the `randn` implementation
",178f43edc920f31df604d7b446bed8172400d613,brian-team_brian2genn
17b6d61d363b11d1823009d4d813a5823aea10dd,c6dbfa71b9b830d83e6935835bcc9b556919ba45,"['5f844d00a172a30d46882c2477228cc37f573754', '9217bc10849e929cd48d6c873499400be44d25cb']",Marcel Stimberg <marcel.stimberg@inserm.fr>,1637314283,+0100,GitHub <noreply@github.com>,1637314283,+0100,"Merge pull request #119 from brian-team/fix_dt_printf

Fixed the output of DT in main.cpp so that very small DT don't look as if 0",17b6d61d363b11d1823009d4d813a5823aea10dd,brian-team_brian2genn
186ee772976d5e1c25e6be22201a213180363233,47377330585eb78843e34d3d09b0f4ea0aa2f42d,['b954406100761e99a44f9324d6b77ab4a31a1a66'],Marcel Stimberg <marcel.stimberg@inserm.fr>,1542722409,+0100,Marcel Stimberg <marcel.stimberg@inserm.fr>,1542722409,+0100,"Fix env variable definitions in travis.yml
",186ee772976d5e1c25e6be22201a213180363233,brian-team_brian2genn
187e98cace309aea775685282317b87f481428c9,e2e06b7017602f3c050c3c89bd155c202ed8776e,['98236041804e86ef0caecce4f59caeccb156d691'],Thomas Nowotny <t.nowotny@sussex.ac.uk>,1428425977,+0100,Thomas Nowotny <t.nowotny@sussex.ac.uk>,1428425977,+0100,"First presumably functional version of SpikeGeneratorGroup.
",187e98cace309aea775685282317b87f481428c9,brian-team_brian2genn
18848b03e95ed688518c6f3efa91f7f3107324dc,f92d17d0e813aea46328be205a1f46b48bbe523e,['8b5b37c7b148de9383b017310628f7d8df13e6db'],Thomas Nowotny <t.nowotny@sussex.ac.uk>,1454947316,+0000,Thomas Nowotny <t.nowotny@sussex.ac.uk>,1454947316,+0000,"Set run_correctness_testing.py to run all correctness tests. The STDP tests shows an error due to difference in update order - this is a known issue and can be fixed by specifying the correct update order.
",18848b03e95ed688518c6f3efa91f7f3107324dc,brian-team_brian2genn
1933e7bd94cd8ae14977479531a4fa4e64a7960f,2faafd3d5fde98fdce68115cba4eb6a4d40e5bb1,['e6acccccf09d9254736fe800fb3f44f84f194b4d'],Marcel Stimberg <marcel.stimberg@inserm.fr>,1495645115,+0200,Marcel Stimberg <marcel.stimberg@inserm.fr>,1495645115,+0200,"Do not try to install gcc on Windows
",1933e7bd94cd8ae14977479531a4fa4e64a7960f,brian-team_brian2genn
19547cc752780a4fa175e0e5995f7dbee378e517,66e39ac1413bbb2b3987f8c8ac7efeb57a6e1589,['d0a4567817207174f01a6b95f66239ba65582dc6'],Thomas Nowotny <t.nowotny@sussex.ac.uk>,1405622827,+0100,Thomas Nowotny <t.nowotny@sussex.ac.uk>,1405622827,+0100,"Fixed a bug in which t was incremented twice making GeNN go two stime steps for the value of one.

",19547cc752780a4fa175e0e5995f7dbee378e517,brian-team_brian2genn
1a20eae61ac48c515342f400decbe19babfa868c,1f5cb0a6137e66abb9e25a6a93e6faa31d56e430,['80358320acb912088b642a4597774634b9c49a7e'],Marcel Stimberg <marcel.stimberg@inserm.fr>,1492528645,+0200,Marcel Stimberg <marcel.stimberg@inserm.fr>,1492528645,+0200,"Use the GENN_PATH to get the path to genn-buildmodel (no need to set the PATH)
",1a20eae61ac48c515342f400decbe19babfa868c,brian-team_brian2genn
1a8ce552cbe742226535375331208b8f93b75c9b,357c89e50f6e098197b49d0b4fc4226e77b4f65e,['f8037b5377807700d0cc8d384fb49c5f73b84b9e'],Felix B. Kern <kernfel+github@gmail.com>,1592818106,+0900,Felix B. Kern <kernfel+github@gmail.com>,1592818106,+0900,"Pass seed to binomial functions by reference, not value
",1a8ce552cbe742226535375331208b8f93b75c9b,brian-team_brian2genn
1a930521e126cced2d7429ff62da106992727601,2b583e3add1a5481a330715d88feace7e9bee749,['78f3c94a7267e636f68cac7790d84298fa2ff8ae'],Marcel Stimberg <marcel.stimberg@inserm.fr>,1498054273,+0200,Marcel Stimberg <marcel.stimberg@inserm.fr>,1498054330,+0200,"Forward debug argument to the device in `example_run`
",1a930521e126cced2d7429ff62da106992727601,brian-team_brian2genn
1aad82359421fd33b60b188e92fc6cd09384f6e5,1512877e17cb20672f8e0a76ad6c4a6298bde833,['017d4fa7173396ea48340b2702d49e21ee43ec02'],Marcel Stimberg <marcel.stimberg@inserm.fr>,1495642606,+0200,Marcel Stimberg <marcel.stimberg@inserm.fr>,1495642627,+0200,"Create conda package on appveyor
",1aad82359421fd33b60b188e92fc6cd09384f6e5,brian-team_brian2genn
1ac0ab2a6e05dde40de8e853b449d01b2f7ecb05,3ccfe8ee6e71098fa0c1c2dd44210fe07cc54f94,['60ec13d417a365b5e86e31001bb8032c2252722f'],Marcel Stimberg <marcel.stimberg@inserm.fr>,1542966468,+0100,Marcel Stimberg <marcel.stimberg@inserm.fr>,1542966468,+0100,"Set the vcvarsall.bat location via Brian preference
",1ac0ab2a6e05dde40de8e853b449d01b2f7ecb05,brian-team_brian2genn
1ad985ce0348ac4351e668e1250b9e30fea0b725,8c40a9ebee246e826b350a84804f92d1c5613ce8,['b5640c61ae635702a2a08f4b9a4a7263f3563e94'],Thomas Nowotny <t.nowotny@sussex.ac.uk>,1429281904,+0100,Thomas Nowotny <t.nowotny@sussex.ac.uk>,1429281904,+0100,"Fixed a bug in which state monitors were not working correctly for synapses that are not all-to-all because the transformation between GeNN format and Brian2 format was missing.
",1ad985ce0348ac4351e668e1250b9e30fea0b725,brian-team_brian2genn
1adee746f6c38281a9c33f4579e8bb97896cd186,938a78c0e98205e22931f4bab407fe45ab5596a0,['fefdc13dcf6f33550fe5a2321a0d790ba6e2b0a2'],Marcel Stimberg <marcel.stimberg@inserm.fr>,1541512357,+0100,Marcel Stimberg <marcel.stimberg@inserm.fr>,1541512357,+0100,"travis: move CC, CXX definition to script section
",1adee746f6c38281a9c33f4579e8bb97896cd186,brian-team_brian2genn
1b522abce0ffe52f0b2dd40b61880908f95a3496,0373ea67863f7a89e893c15c744e8d7331ba7977,['bb52b20aec3e813a2ceac3de6f349ec47da0fd08'],neworderofjamie <J.C.Knight@sussex.ac.uk>,1549972927,+0000,neworderofjamie <J.C.Knight@sussex.ac.uk>,1549972927,+0000,"Fixed definition of empty param and var values
",1b522abce0ffe52f0b2dd40b61880908f95a3496,brian-team_brian2genn
1b731276908637b3cfeb3cd94dee18366df7e397,463deed3c7634dce63403a22742fc2a386c6a816,['45dd83edc39b30734176b745529bfed0aa64cf33'],Marcel Stimberg <marcel.stimberg@inserm.fr>,1498081569,+0200,Marcel Stimberg <marcel.stimberg@inserm.fr>,1498081569,+0200,"***** Release brian2genn 1.0rc6 *****
",1b731276908637b3cfeb3cd94dee18366df7e397,brian-team_brian2genn
1b7f05797a398f01c4f1cdcbc097d8094cbb4fd3,849ff5d26162a25fbc14e5bf61f9eed22b664736,['998eb68b2b3b543730de51efcbff8bb059d10cd7'],Thomas Nowotny <tn41@inf900777.inf.susx.ac.uk>,1529693577,+0100,Thomas Nowotny <tn41@inf900777.inf.susx.ac.uk>,1529693577,+0100,"Small bug fix on the new _timestep function. It's annoying but one needs to use std::isinf on the host side but plainly isinf on the device side.
",1b7f05797a398f01c4f1cdcbc097d8094cbb4fd3,brian-team_brian2genn
1b83747a5af9a6c73bace63d27a17a29ede210b6,f7cb50e5f1b61b8cf5b1a941b6d196ccbd7306a2,['243a163280b954ad8865e0dadcdfa035cc072f03'],Thomas Nowotny <tn41@inf900324.inf.susx.ac.uk>,1587593497,+0100,Thomas Nowotny <tn41@inf900324.inf.susx.ac.uk>,1587593497,+0100,"Here is a solution that solves multiple connect calls that lead to ""from array"" synaptc connections.
However, this will still fail if there is a mixture of ""from array"" connections and ""generate"" connections.
",1b83747a5af9a6c73bace63d27a17a29ede210b6,brian-team_brian2genn
1c01d0c857bc36aade429303f1ef345277ca297c,9eaff7b677c2a1098f9924ac48ff528ddb2269a9,['b8162abdd583ee4e643781c32a20d28553748f7b'],Marcel Stimberg <marcel.stimberg@inserm.fr>,1471950468,+0100,Marcel Stimberg <marcel.stimberg@inserm.fr>,1471950468,+0100,"Do not make `GeNNCodeObject` inherit from `CPPStandaloneCodeObject`
This avoids problems with `GeNNCodeObject` preferring a function implementation for `CPPStandaloneCodeObject` over one for `GeNNCodeGenerator`
",1c01d0c857bc36aade429303f1ef345277ca297c,brian-team_brian2genn
1c0fb5c14c5e8cc66370fc864b176a381fc1d124,287536e2c0903967dd1a16a79eeef38fc8e15f45,['8a481b090b60d3f8f1203f67dbedada68a651e65'],Marcel Stimberg <marcel.stimberg@inserm.fr>,1496156598,+0200,Marcel Stimberg <marcel.stimberg@inserm.fr>,1496156598,+0200,"Also test the development version on Windows
",1c0fb5c14c5e8cc66370fc864b176a381fc1d124,brian-team_brian2genn
1c2609a2789c1f278ae28628a01fa0e862beefaa,be6a221f321de279eee56c584754ca893799b2ac,"['8f7493023ad0a0bf417dd047ae43ffa32375e676', '16f073d6e7861e5769abdccdbd577e63a1d39fef']",Felix B. Kern <kernfel+github@gmail.com>,1642039205,+0900,Felix B. Kern <kernfel+github@gmail.com>,1642039205,+0900,"Merge branch 'master' into support_slow_statemonitor_clocks
",1c2609a2789c1f278ae28628a01fa0e862beefaa,brian-team_brian2genn
1c33b8fa75cda8ccf68b6008d62229d80aff9cfa,e701158d284e61a622007606a6e87a0425243bad,['ac3a201af1e12f4bed84582f743c85c40cddcc32'],Marcel Stimberg <marcel.stimberg@inserm.fr>,1472139263,+0100,Marcel Stimberg <marcel.stimberg@inserm.fr>,1472139263,+0100,"Add support for (scalar, i.e. homogeneous) delays
",1c33b8fa75cda8ccf68b6008d62229d80aff9cfa,brian-team_brian2genn
1ca87f8c63c38beec0cd16f60886379dcac41a84,fe7f156cbf0969109e5c896f5e47aa22b368a7d7,['b8ed235e7c235217e24867ddce9730ea9d1fd8a2'],Marcel Stimberg <marcel.stimberg@inserm.fr>,1542798544,+0100,Marcel Stimberg <marcel.stimberg@inserm.fr>,1542798544,+0100,"Set GENN_PATH in the test script block
",1ca87f8c63c38beec0cd16f60886379dcac41a84,brian-team_brian2genn
1cb247de760a698fc2374293f730ebb95db857e2,e3cfc4457e6e7d2f826ed970aec231ce9bd61ebc,"['4daf55eb09c1c5a2b7f5da91b224202eea490c55', '6b8a1a02616a96665b80e3f773e0a6e4d73f2e58']",Thomas Nowotny <t.nowotny@sussex.ac.uk>,1477061886,+0100,GitHub <noreply@github.com>,1477061886,+0100,"Merge pull request #33 from brian-team/multiple_pathways_not_implemented

Raise a NotImplementedError for non-standard synaptic pathways",1cb247de760a698fc2374293f730ebb95db857e2,brian-team_brian2genn
1cba7ed9467b99dfacf3cafd07cdf98604ffdac6,8a998300535e070a7afc50e84aa4dceaf2262df4,['97c6c32472132a997ffa23039f2bfd82bb92f103'],Marcel Stimberg <marcel.stimberg@inserm.fr>,1541507850,+0100,Marcel Stimberg <marcel.stimberg@inserm.fr>,1541507850,+0100,"travis: try activating the root environment explicitly
",1cba7ed9467b99dfacf3cafd07cdf98604ffdac6,brian-team_brian2genn
1cba8cf1de5c59f1bcef4d704cd9e0b68a101f4c,a92a9d1a03a166b0683f0fdc44d6146604360fe5,['1adee746f6c38281a9c33f4579e8bb97896cd186'],azure-pipelines[bot] <azure-pipelines[bot]@users.noreply.github.com>,1542794824,+0000,Marcel Stimberg <marcel.stimberg@inserm.fr>,1542904697,+0100,"Set up CI with Azure Pipelines
",1cba8cf1de5c59f1bcef4d704cd9e0b68a101f4c,brian-team_brian2genn
1cf9304c0e97d489bc51023c716aa9cd1b38ed30,749c954db68186928451f03fda274eaf9188595f,['743597ecbbbb1295802d2e1c55ec3fe62eadc469'],neworderofjamie <neworderofjamie@gmail.com>,1587572092,+0100,neworderofjamie <neworderofjamie@gmail.com>,1587572092,+0100,"Fixed typo in use_GPU test and resultant broken code within
",1cf9304c0e97d489bc51023c716aa9cd1b38ed30,brian-team_brian2genn
1cfe3f22055a323658e93558e2c7e004e750fb8c,357c89e50f6e098197b49d0b4fc4226e77b4f65e,"['f8037b5377807700d0cc8d384fb49c5f73b84b9e', '1a8ce552cbe742226535375331208b8f93b75c9b']",Marcel Stimberg <marcel.stimberg@inserm.fr>,1592834112,+0200,GitHub <noreply@github.com>,1592834112,+0200,"Merge pull request #112 from kernfel/binomial_fix

Pass seed to binomial functions by reference, not value",1cfe3f22055a323658e93558e2c7e004e750fb8c,brian-team_brian2genn
1d3906e5059712f78fe15b0dedf12a2ffd6d3e92,0e6be967f5028e26a6aa68adf587c4d9f7099682,['4177b4f9c55330e13e8c2f28186e768f8cf91113'],Marcel Stimberg <marcel.stimberg@inserm.fr>,1586179846,+0200,Marcel Stimberg <marcel.stimberg@inserm.fr>,1586179846,+0200,"Overwrite CodeObject methods for compatibility with Brian2 master
",1d3906e5059712f78fe15b0dedf12a2ffd6d3e92,brian-team_brian2genn
1d4fe5d19056842e228b83b7cad0a973a1409a1b,0d09b257a955eb98dbc1962cfe520238fbc5676c,['4056c665b284222863543952dcf5c079c75efb6e'],Marcel Stimberg <marcel.stimberg@inserm.fr>,1496071599,+0200,Marcel Stimberg <marcel.stimberg@inserm.fr>,1496072032,+0200,"First steps for OS-X support
",1d4fe5d19056842e228b83b7cad0a973a1409a1b,brian-team_brian2genn
1d6b7461b17593b48329ed0741005a69a0f86ab4,3fa7321258afee1f26b74345c77bcdf3b9029a61,['d75c08c89f1823fb4e9b793e3c631a3b90323caf'],Marcel Stimberg <marcel.stimberg@inserm.fr>,1478794710,+0100,Marcel Stimberg <marcel.stimberg@inserm.fr>,1479207451,+0100,"Give more useful error messages when something (compilation or run) fails
",1d6b7461b17593b48329ed0741005a69a0f86ab4,brian-team_brian2genn
1d9180971e79c925a2b929ed3f6cf9ddf77f69c6,911c5a9ab811db6854e5101672d0b0a224a5ba64,['48439113cb016baa6666af5687b89c70316be7f7'],Thomas Nowotny <t.nowotny@sussex.ac.uk>,1443123514,+0100,Thomas Nowotny <t.nowotny@sussex.ac.uk>,1443123514,+0100,"And another ...
",1d9180971e79c925a2b929ed3f6cf9ddf77f69c6,brian-team_brian2genn
1e24844fa9d5b047fbd431767dea01872613a78f,369550b691d70067a54b356f2934854f9c8109f7,['1f82acf9b915d6863e31ccb454b0438fcf5eb394'],thesamovar <dan.goodman@ens.fr>,1414439197,+0000,thesamovar <dan.goodman@ens.fr>,1414439197,+0000,insyn translation module added (untested),1e24844fa9d5b047fbd431767dea01872613a78f,brian-team_brian2genn
1e35e5a34083e9d72358cdfaf4c0c141dd981f50,92586b9bfc7a5a0250b0945a460e96223e14cc58,"['58db9c9f88c6436c2d76498550a3600bf0d9c8f1', '88e57202bcb869c083bf762ddd20c02b9a7b9849']",Marcel Stimberg <marcel.stimberg@inserm.fr>,1536064783,+0200,GitHub <noreply@github.com>,1536064783,+0200,"Merge pull request #67 from brian-team/fix_#66

Use a hardcoded model name everywhere",1e35e5a34083e9d72358cdfaf4c0c141dd981f50,brian-team_brian2genn
1ecb8bdde462ccb77075ab261ce77621ea60e965,11ff946f98bf617297b4029ad01ebba818a981d0,['7f3060dd4933d68485561745d60bd8365ffb05ac'],Marcel Stimberg <marcel.stimberg@inserm.fr>,1542817644,+0100,Marcel Stimberg <marcel.stimberg@inserm.fr>,1542817644,+0100,"Check without VCTargetsPath (but with powershell instead of bash)
",1ecb8bdde462ccb77075ab261ce77621ea60e965,brian-team_brian2genn
1f2d347557511b132c73ca517af9833c02fad796,18d6ca0b65258da1aaa8fd9bf3b76dcfa06a9880,['d9c2543da89bdad574be2475eebf2538b13bd105'],Marcel Stimberg <marcel.stimberg@inserm.fr>,1542805978,+0100,Marcel Stimberg <marcel.stimberg@inserm.fr>,1542805978,+0100,"Change job name (not allowed to contain spaces)
",1f2d347557511b132c73ca517af9833c02fad796,brian-team_brian2genn
1f82acf9b915d6863e31ccb454b0438fcf5eb394,3debb4afa2add35fb0df4c09a6a4a7356c46b548,['10a3f73194d1c3fc762a0770c70cbe8f90f89e6e'],Thomas Nowotny <t.nowotny@sussex.ac.uk>,1413916846,+0100,Thomas Nowotny <t.nowotny@sussex.ac.uk>,1413916846,+0100,"Made some headway with implementing a full interface. At this point the interface side of things looks reasonably well shaped but I am encountering problems with teh GeNN user-defined synapses functionality. Need to synchronise with Esin on this.
",1f82acf9b915d6863e31ccb454b0438fcf5eb394,brian-team_brian2genn
1fa7d788f7f22eb75198e55fa921db5dcb598ec0,436ee8efa5160b929c9400a7314b1425fdb97ff2,['a96b70c6a64d0a84f47cb2fcf477297215eb0bcf'],Marcel Stimberg <marcel.stimberg@inserm.fr>,1475056661,+0200,Marcel Stimberg <marcel.stimberg@inserm.fr>,1475056717,+0200,"Remove reference to specific brian 2commit in setup.py
Fixes #31
",1fa7d788f7f22eb75198e55fa921db5dcb598ec0,brian-team_brian2genn
1fbb353d9149ea504ab7e28d831659711891b1e3,b5f534a13701b48c8a78992e2ab56c7dfd63c438,['0e203c9e39e040d1abba3e2dd5bb39a977f9f75b'],Marcel Stimberg <marcel.stimberg@inserm.fr>,1499344744,+0900,Marcel Stimberg <marcel.stimberg@inserm.fr>,1499387719,+0900,"Update GeNN submodule to use genn2.x-master branch
",1fbb353d9149ea504ab7e28d831659711891b1e3,brian-team_brian2genn
200a05db564226eae84b63e08a4931cadbc8b56f,deda5b67ae486c6192bd09928ac9894f5ae87809,"['ab106f9f8b4704dfbfe64a63646088f25a112b01', '79c32fe08dae68aac58172d171195700067f2088']",Marcel Stimberg <marcel.stimberg@inserm.fr>,1536162673,+0200,Marcel Stimberg <marcel.stimberg@inserm.fr>,1536162673,+0200,"Merge branch 'master' into code_slots
",200a05db564226eae84b63e08a4931cadbc8b56f,brian-team_brian2genn
2018763eb245a51218a4f8b6f5bacac3efecc60e,c6dbfa71b9b830d83e6935835bcc9b556919ba45,"['5f844d00a172a30d46882c2477228cc37f573754', '9217bc10849e929cd48d6c873499400be44d25cb']",Thomas Nowotny <t.nowotny@sussex.ac.uk>,1631208948,-0500,GitHub <noreply@github.com>,1631208948,-0500,"Merge 9217bc10849e929cd48d6c873499400be44d25cb into 5f844d00a172a30d46882c2477228cc37f573754
",2018763eb245a51218a4f8b6f5bacac3efecc60e,brian-team_brian2genn
2061f36e1fc34fad6c268167390c3b1260d8658e,e1579e1a4ab739861270136c83de7fa553ed9f1b,['632c4ac91f8fe096a3553e4adcec532f2c2ebc54'],thesamovar <dan.goodman@ens.fr>,1414686522,+0000,thesamovar <dan.goodman@ens.fr>,1414686522,+0000,Fixed static array problem,2061f36e1fc34fad6c268167390c3b1260d8658e,brian-team_brian2genn
207ce68246f170593ed43352079a04c34bc6556e,f4b5aed9106d7660a76647401843c6067dba4594,['ba2beebf6190640a15cc0d73ba0cba640247e4eb'],Thomas Nowotny <t.nowotny@sussex.ac.uk>,1405508862,+0100,Thomas Nowotny <t.nowotny@sussex.ac.uk>,1405508862,+0100,"Completed the minimal first example to full function. The formatting of teh thresholdConditionCode is still very hacky. I am also not quite sure why a threshold condition comes out as type ""double""? Will this always be the case (if so it will probably continue to work but if not it will fail).

",207ce68246f170593ed43352079a04c34bc6556e,brian-team_brian2genn
211e58594b3d8b75622fcfe959273f5f5b7ce271,5c7f1be2d73901a2c5d35ca629fb5997f31698e3,['164f22d9c57d95894494b4caf49400641f0dad7a'],Felix B. Kern <kernfel+github@gmail.com>,1642472617,+0900,Felix B. Kern <kernfel+github@gmail.com>,1642472617,+0900,"Fix device.py whitespace, courtesy of Atom IDE
",211e58594b3d8b75622fcfe959273f5f5b7ce271,brian-team_brian2genn
21674a022706ebe08f6d9b2eded2a4147458758e,daa170a90f110b7360214eda5e1d3af70912a7f1,['b200864ad5b973fe71b6907ccf8150701f1367b5'],Marcel Stimberg <marcel.stimberg@inserm.fr>,1497622523,+0200,Marcel Stimberg <marcel.stimberg@inserm.fr>,1497622523,+0200,"Only upload one set of anaconda packages
",21674a022706ebe08f6d9b2eded2a4147458758e,brian-team_brian2genn
219f83f1f48aedbd10a4014b6be26b93974d139e,f9ea2dd1dfd4cfdfcaa51331cc2d2ba59b08faf0,['717b8fb18d03c51c769d058e45a76231698ff657'],Marcel Stimberg <marcel.stimberg@inserm.fr>,1487674630,+0100,Marcel Stimberg <marcel.stimberg@inserm.fr>,1487759897,+0100,"Combine stateupdate, threshold, and reset into a single CodeObject

This is necessary since in GeNN, these all share a common support code. We cannot simply merge the existing support codes, as this would lead to duplicated function definitions. See comment in gh-issue #43
",219f83f1f48aedbd10a4014b6be26b93974d139e,brian-team_brian2genn
2273030601076edd6cdc6256e87ec29e00d72292,fbb79ef48683e1a2e8aebaa63f856753d3c740ac,['5ae866ce79a7e1e9f6913e98b0d863a158db2c87'],Marcel Stimberg <marcel.stimberg@inserm.fr>,1487766826,+0100,Marcel Stimberg <marcel.stimberg@inserm.fr>,1487766826,+0100,"Rename `DummyCodeObject` to `DelayedCodeObject` and delete unused `DummyObject` class
",2273030601076edd6cdc6256e87ec29e00d72292,brian-team_brian2genn
23555cc76f181a7cc952cf3d1a5ae0e6512c8ef7,51014ff266b1f5129c292f3b797c08e861584f59,['eef0405ba80595958cf3c246b2fbf94c29b293b9'],Thomas Nowotny <tn41@inf900324.inf.susx.ac.uk>,1586788171,+0100,Thomas Nowotny <tn41@inf900324.inf.susx.ac.uk>,1586788171,+0100,"Fixed typo in run_regularly code where arrays were not copied completely.
",23555cc76f181a7cc952cf3d1a5ae0e6512c8ef7,brian-team_brian2genn
239be5882cc248b4a64980e627f2df9b4e54b3f2,e49eb1dfa80f9118f0fcaf427c47c86e5d2c2f3a,['a234fd9ea455937d6835ccea392bdc969eff7a31'],Marcel Stimberg <marcel.stimberg@inserm.fr>,1479486361,+0100,Marcel Stimberg <marcel.stimberg@inserm.fr>,1488815032,+0100,"Exit with an error message if more than one synapse per neuron pair is found during Brian2->GeNN conversion
",239be5882cc248b4a64980e627f2df9b4e54b3f2,brian-team_brian2genn
242da71c75a3ed3b571e1fa35fe8c43afbf5dbae,ee739d0e588e26a758a92324ee2b5563fd3b412a,['0fe71a43ffc45622edc5be0fcf11d21e01e6641f'],Marcel Stimberg <marcel.stimberg@inserm.fr>,1542798185,+0100,Marcel Stimberg <marcel.stimberg@inserm.fr>,1542798185,+0100,"debug GENN_PATH
",242da71c75a3ed3b571e1fa35fe8c43afbf5dbae,brian-team_brian2genn
243a163280b954ad8865e0dadcdfa035cc072f03,6d3551e0d887d2c102a9c18c6a87b63255353595,['1cf9304c0e97d489bc51023c716aa9cd1b38ed30'],Thomas Nowotny <tn41@inf900324.inf.susx.ac.uk>,1587575635,+0100,Thomas Nowotny <tn41@inf900324.inf.susx.ac.uk>,1587575635,+0100,"Minimal cleanup of commented out old code.
",243a163280b954ad8865e0dadcdfa035cc072f03,brian-team_brian2genn
2459628825dd499740d9cbc724646c8859d9db69,ad1058371b809627f82f7715ed3c1fa46d79dfd7,['5570f616266512b70c73ef5344ab0c275dc16c71'],neworderofjamie <neworderofjamie@gmail.com>,1585902481,+0100,neworderofjamie <neworderofjamie@gmail.com>,1585902481,+0100,"packages need to be installed manually in conda
",2459628825dd499740d9cbc724646c8859d9db69,brian-team_brian2genn
24f6f2ab1dc4351e6956956d3d5f6b77b485f2b9,25e32b3f36a2f0020a99b3d203ad9e5b8f6ec467,['259c85463ea39f5760a30c8eb30ea76d8a80b883'],Thomas Nowotny <t.nowotny@sussex.ac.uk>,1441295419,+0100,Thomas Nowotny <t.nowotny@sussex.ac.uk>,1441295419,+0100,"Minor adjustment in docs
",24f6f2ab1dc4351e6956956d3d5f6b77b485f2b9,brian-team_brian2genn
25468d11d90e8e9daaf0bb775a52047bbcfc8096,6cddfb424dd57ccaf7556dcbb45e2093b5f4e250,['ce919bf2d2cc85f51b03cf80ea492a26fcada87a'],Marcel Stimberg <marcel.stimberg@inserm.fr>,1535732012,+0200,Marcel Stimberg <marcel.stimberg@inserm.fr>,1536151042,+0200,"Add code slots for the `insert_code` mechanism
",25468d11d90e8e9daaf0bb775a52047bbcfc8096,brian-team_brian2genn
259c85463ea39f5760a30c8eb30ea76d8a80b883,c2ba36f20714375ac14477016e8086b49d91d972,['d638c787ecff1ee2aa50c82139e296a7ec7a430b'],Thomas Nowotny <t.nowotny@sussex.ac.uk>,1441295121,+0100,Thomas Nowotny <t.nowotny@sussex.ac.uk>,1441295121,+0100,"Minor modification on docs
",259c85463ea39f5760a30c8eb30ea76d8a80b883,brian-team_brian2genn
25efdf033ee83688fb63f611c9c67b0ccc78eab2,39c5214cb4b7671f61db5af4d72fdc0485c7e090,['3b77358c9eb4f493a10b37264d2f4530f9f779b2'],Thomas Nowotny <t.nowotny@sussex.ac.uk>,1428687596,+0100,Thomas Nowotny <t.nowotny@sussex.ac.uk>,1428687596,+0100,"Made changes to spikegenerator group (newer template from cpp_standalone, fixed up to match GeNN did the job).
",25efdf033ee83688fb63f611c9c67b0ccc78eab2,brian-team_brian2genn
26e209b8f976b75d4bec2ddd03f68f3ea64d5203,0dcc1ad86abdf50a69ec0472ac7cbef48069f101,['aec3818966b5d28d6f6cb0263f5f881fd0f82978'],neworderofjamie <neworderofjamie@gmail.com>,1555957908,+0100,neworderofjamie <neworderofjamie@gmail.com>,1555957908,+0100,"Added todo re implementing maxRowLength
",26e209b8f976b75d4bec2ddd03f68f3ea64d5203,brian-team_brian2genn
273be7693ff575a4130ebc73dd5fe494b4f68d13,ecf6139b5b1ac2f94fed6d696581b701e713b44a,['e9823585f494c68538a7872ba6bbd669531bd933'],Thomas Nowotny <t.nowotny@sussex.ac.uk>,1440061929,+0100,Thomas Nowotny <t.nowotny@sussex.ac.uk>,1440061929,+0100,"Added speed test results to the repository.
",273be7693ff575a4130ebc73dd5fe494b4f68d13,brian-team_brian2genn
275175af4d38c91564e6c0f8a3c6af8cccc3f406,38fe177ad1abb976847e262e93554e639f0ad407,['c8b59aabff11d8ae83f9a6d80cebb80f6c90d1a5'],neworderofjamie <neworderofjamie@gmail.com>,1587377838,+0100,neworderofjamie <neworderofjamie@gmail.com>,1587377838,+0100,"Updated MSVC search (the underscored version is what distutils itself uses now)
",275175af4d38c91564e6c0f8a3c6af8cccc3f406,brian-team_brian2genn
2777662f9db410b016e71d05c465bf50aaf4272a,0085a42338a9d25724e732e720c72f6fc9488fcd,['624a52ca95accf35fcff40caf41422ac85ded181'],Marcel Stimberg <marcel.stimberg@inserm.fr>,1497531712,+0200,Marcel Stimberg <marcel.stimberg@inserm.fr>,1497531945,+0200,"Add a manifest file to exclude scripts etc. from the source distribution
",2777662f9db410b016e71d05c465bf50aaf4272a,brian-team_brian2genn
27a8af72ee6f9001e93e6d8a8911f6b8208ed095,224746798f93ab8158725a3d2facb5cdffdf7e9c,['8ce422b6b623c1948fe10087052572d75b6741ad'],neworderofjamie <neworderofjamie@gmail.com>,1588007745,+0100,neworderofjamie <neworderofjamie@gmail.com>,1588007745,+0100,"synapse_span_type preference isn't CUDA-specific
",27a8af72ee6f9001e93e6d8a8911f6b8208ed095,brian-team_brian2genn
285f878ec1877f6414bdf8630bba707f17d870d4,2221e7a2547de2074814a0c0cf4889fd1da19418,['6f60736d4529dab87dfd6d0147cf33b15cfb1129'],thesamovar <dan.goodman@ens.fr>,1405123033,-0400,thesamovar <dan.goodman@ens.fr>,1405123033,-0400,"CodeObject, CodeGenerator and NodeRenderer working (I think)",285f878ec1877f6414bdf8630bba707f17d870d4,brian-team_brian2genn
2893c6d38a41fc83b5273d9751856fada5f45a11,ed369d57372e4836e1829700c7da38b9b9dbe603,['741255496ac7d57f264fb220baca3684bf5aa96f'],Thomas Nowotny <t.nowotny@sussex.ac.uk>,1424856205,+0000,Thomas Nowotny <t.nowotny@sussex.ac.uk>,1424856205,+0000,"Added a check into device.py to throw a not implemented warning if multiple clocks are used.
",2893c6d38a41fc83b5273d9751856fada5f45a11,brian-team_brian2genn
28fd64d23db328c547ed34191119733500507c57,4244c2913e85d37c2042e3ac958fb9672128b6b6,['f6f19e755d8574752b62063a89f8a6df60aec181'],Marcel Stimberg <marcel.stimberg@inserm.fr>,1479144548,+0100,Marcel Stimberg <marcel.stimberg@inserm.fr>,1479207480,+0100,"Use GeNN's development branch to make INCLUDE_FLAGS used on Windows
",28fd64d23db328c547ed34191119733500507c57,brian-team_brian2genn
291416af5db740b5d5b5ee108d97035cd62a6ad3,ed906b51e1b541e7db82690269cba4e5dd5dea33,['7c38c12856d70b7d302a3e35d5babe49260dd1f6'],Marcel Stimberg <marcel.stimberg@inserm.fr>,1487928733,+0100,Marcel Stimberg <marcel.stimberg@inserm.fr>,1490030788,+0100,"Add support for ""run_regularly"" operations
",291416af5db740b5d5b5ee108d97035cd62a6ad3,brian-team_brian2genn
291994c029f54416c85053b99d7faf379ffad16e,a3e18831db7b0cc1554226518d33640e12eb0cd1,['a0e9a44f4b8961764f1eeafe54c8108db564fc04'],Thomas Nowotny <tn41@inf900324.inf.susx.ac.uk>,1586200126,+0100,Thomas Nowotny <tn41@inf900324.inf.susx.ac.uk>,1586200126,+0100,"First attempt at the max row length and max col length problem. This commit addresses the
easy case of connections that are defined in Python and read from a file.
",291994c029f54416c85053b99d7faf379ffad16e,brian-team_brian2genn
291ed8bc7198443bb7f5ed001f21b6e5204e7657,42956276c6bbaebaf05ffc29fb09bcfd13e0c804,['34e6c950dabf0581fde26aa07d3a32b1bf0af6dd'],Marcel Stimberg <marcel.stimberg@inserm.fr>,1600873570,+0200,Marcel Stimberg <marcel.stimberg@inserm.fr>,1600873570,+0200,"Do not manually add codeobject names to header files for monitors

They are already added as part of the general code object processing
",291ed8bc7198443bb7f5ed001f21b6e5204e7657,brian-team_brian2genn
29b2b93e5b9a73dbd73622c6e8f6e6199a735a9b,45639493b5500a27408455345e02abd86a75ec4a,['43e30113bb067c51e6e4747136a6250f17c2a935'],Thomas Nowotny <tn41@inf900324.inf.susx.ac.uk>,1586609184,+0100,Thomas Nowotny <tn41@inf900324.inf.susx.ac.uk>,1586609184,+0100,"Corrected silly thoughtlessness.
",29b2b93e5b9a73dbd73622c6e8f6e6199a735a9b,brian-team_brian2genn
29e7e08882ef732e832b590abd56bbc521b0f442,923e64e7a0592ee6a3384f371fc1f6a256f1b9e0,['3d3d0a099b92153affb123d8859ab988b4d54fb1'],Marcel Stimberg <marcel.stimberg@inserm.fr>,1542795935,+0100,Marcel Stimberg <marcel.stimberg@inserm.fr>,1542795935,+0100,"Fix conda install command (should not wait for user confirmation)
",29e7e08882ef732e832b590abd56bbc521b0f442,brian-team_brian2genn
2a6dd84c930218a2bf745118b371c97b90d3d075,125a189fc14084adc4f6dab636421768555a5f04,['f0460c6b35b1f68792debde4370a6a4ee2a69cec'],Thomas Nowotny <t.nowotny@sussex.ac.uk>,1441234889,+0100,Thomas Nowotny <t.nowotny@sussex.ac.uk>,1441234889,+0100,"removed dependence on brian2 for testing.
",2a6dd84c930218a2bf745118b371c97b90d3d075,brian-team_brian2genn
2aaf1eba670a2d082897c9dca0a072f6b52c1693,7d91f2c410e43dfff5116153386ddd3488a638d4,['ba5af670e3ab550a10b7bbc736ffb0c0523620f1'],Marcel Stimberg <marcel.stimberg@inserm.fr>,1471866888,+0100,Marcel Stimberg <marcel.stimberg@inserm.fr>,1471866888,+0100,"Add ""CPU-only"" variants of the manually defined functions
",2aaf1eba670a2d082897c9dca0a072f6b52c1693,brian-team_brian2genn
2c11631bb27347df9660c227e806d8c68dca91ce,01e1af2eacca9e6a6b12ce58183401aa10bf1afb,['e5fc18b63f3183ce3c3b50eb2de97af9f372df24'],Marcel Stimberg <marcel.stimberg@inserm.fr>,1509440631,+0100,Marcel Stimberg <marcel.stimberg@inserm.fr>,1509440631,+0100,"Update internally shipped GeNN version to 3.0.0
",2c11631bb27347df9660c227e806d8c68dca91ce,brian-team_brian2genn
2c11ce66c537eb661d2f95d9917d980b5b621887,50c1a3d36192fbf8ef4769814b79b14cd0f835fe,['75107aff4a9d489a402ec27df83a151e90564105'],Marcel Stimberg <marcel.stimberg@inserm.fr>,1542893955,+0100,Marcel Stimberg <marcel.stimberg@inserm.fr>,1542893955,+0100,"Try to install pip on Windows with get-pip.py
",2c11ce66c537eb661d2f95d9917d980b5b621887,brian-team_brian2genn
2cb91df43d0d758f4c3d9f5ba3bab0b364c81685,0dc3846636f306e495a12c0ed5f1154b891252bd,['646fb55eba5bbf048cc03db7cd8064be62709c47'],Marcel Stimberg <marcel.stimberg@inserm.fr>,1690388973,+0200,Marcel Stimberg <marcel.stimberg@inserm.fr>,1690388973,+0200,"Update to Python ≥ 3.9
",2cb91df43d0d758f4c3d9f5ba3bab0b364c81685,brian-team_brian2genn
2cfc365b5fcb33a302af2a0874c5ad24964986d0,7ef3a98a9efe20cf146097e9584aa23a97531a1a,['512ec4d1124671e31b1f41c66640920851c00a61'],Marcel Stimberg <marcel.stimberg@inserm.fr>,1542710791,+0100,Marcel Stimberg <marcel.stimberg@inserm.fr>,1542710791,+0100,"Update documentation
",2cfc365b5fcb33a302af2a0874c5ad24964986d0,brian-team_brian2genn
2df5601a8107dd31b5813022b30417a1aac1b0b2,3ebc4b7202d38eb57a5c90d052caba69f319737e,"['c5d842be0f92ce8a9ad71352c67ca98dea47a572', '919484a6dc1f45858b48f9b34327fa305bc7a275']",Marcel Stimberg <marcel.stimberg@inserm.fr>,1537460190,+0200,GitHub <noreply@github.com>,1537460190,+0200,"Merge pull request #73 from brian-team/expose_blocksize_prefs

I exposed the blocksize related preferences in GeNN to Brian2Genn users.",2df5601a8107dd31b5813022b30417a1aac1b0b2,brian-team_brian2genn
2df5e5de21472ea9fe642d58c3f8fbcd24e323f3,2df7aeffd3d27aa85ba654063e1b20da7872b68e,['6422dabd2dc3a5a94b3ee83607ca2333f6c9a3c8'],Marcel Stimberg <marcel.stimberg@inserm.fr>,1559746510,+0200,Marcel Stimberg <marcel.stimberg@inserm.fr>,1559746510,+0200,"On Azure: fetch tags before trying to switch to GeNN 3.3
",2df5e5de21472ea9fe642d58c3f8fbcd24e323f3,brian-team_brian2genn
2e26f414a7385cf2cdbf7fa1de027031f9ffcc5b,fcaf9566087a463419e7efd9eeb08a2a7df4b3a0,['af141db60524d3e548441ce22db54f3d6957f2b4'],Marcel Stimberg <marcel.stimberg@inserm.fr>,1497630320,+0200,Marcel Stimberg <marcel.stimberg@inserm.fr>,1497630320,+0200,"***** Release brian2genn 0.9rc5 *****
",2e26f414a7385cf2cdbf7fa1de027031f9ffcc5b,brian-team_brian2genn
2e528639309964b666d2a3d9ac31ffef949a4791,5f10a1fbdce07269511bf4967f73f4e7feac6471,['a899f33e2e43cec19cddbf1d63f8bccc24cb61ee'],Thomas Nowotny <t.nowotny@sussex.ac.uk>,1440693077,+0100,Thomas Nowotny <t.nowotny@sussex.ac.uk>,1440693077,+0100,"Edited the testing notes to reflect that the CUBAHH example is now working.
",2e528639309964b666d2a3d9ac31ffef949a4791,brian-team_brian2genn
2e5bd9a93620824f7415089aa443a0ba4a8fa73b,31d145c3b7837aec30f4dc4005e4685206f12124,['b1415c93e64ce09fd94dbd8387d02af010878f67'],Thomas Nowotny <t.nowotny@sussex.ac.uk>,1443208781,+0100,Thomas Nowotny <t.nowotny@sussex.ac.uk>,1443208781,+0100,"That didn't help - back to requiring ""brian2"" and giving the dependency_link
",2e5bd9a93620824f7415089aa443a0ba4a8fa73b,brian-team_brian2genn
2e9ecc215949bd9c723997aa021914c8ceef9cfa,e871cd79897cce35fd29bddb2370c9aa1d1f6e2c,['d639dfd8b3a1734eb7a0a46bbb83388852d49d38'],Marcel Stimberg <marcel.stimberg@inserm.fr>,1690465809,+0200,Marcel Stimberg <marcel.stimberg@inserm.fr>,1690466604,+0200,"Use profile=True instead of preference
",2e9ecc215949bd9c723997aa021914c8ceef9cfa,brian-team_brian2genn
2ecba55cca864868e3e62fd109278cb96a64b3ca,cfa565a2ea3ee9ca631dafa5b3a7c879ac67647d,['06368dd86d037b3863bed8eb0a8c491860b81b8a'],neworderofjamie <neworderofjamie@gmail.com>,1585929421,+0100,neworderofjamie <neworderofjamie@gmail.com>,1585929421,+0100,"missing } in template
",2ecba55cca864868e3e62fd109278cb96a64b3ca,brian-team_brian2genn
2ecf8a89c5983377b43c691b6316a4f071341262,627a948696d9a1849ff1f6b5783a3b096e057622,['d599278f4c5902a1b98c5e64351ea7cfab6521be'],thesamovar <dan.goodman@ens.fr>,1414716671,+0000,thesamovar <dan.goodman@ens.fr>,1414716671,+0000,Updated run_correctness_testing,2ecf8a89c5983377b43c691b6316a4f071341262,brian-team_brian2genn
2f2e297689712de9928c1ae7dc5d54aeb0436644,9102b5078d805d94d9a3ee46ba78ce74cc0abe5a,"['1e35e5a34083e9d72358cdfaf4c0c141dd981f50', '172d2c59f1c8c879450b15b6fffd71340b03db61']",Marcel Stimberg <marcel.stimberg@inserm.fr>,1536076911,+0200,GitHub <noreply@github.com>,1536076911,+0200,"Merge pull request #70 from brian-team/division_semantics

Apply Brian2's latest changes related to division/mod and timestep",2f2e297689712de9928c1ae7dc5d54aeb0436644,brian-team_brian2genn
2f333270431c9f83924910710f417203c6d859cc,cdc9717458ded73b891eb5e8ac733be8a21545f2,['0a40706f7870bdc20453842f9c87d8d045335adb'],Thomas Nowotny <t.nowotny@sussex.ac.uk>,1436896535,+0100,Thomas Nowotny <t.nowotny@sussex.ac.uk>,1436896535,+0100,"added the file ""run_brian_tests.py"" that runs the brian test suite.
",2f333270431c9f83924910710f417203c6d859cc,brian-team_brian2genn
2f420431d84ea0f5f0271ffd5d5195b596858d79,43ed941559872577250839de7d17320d60eb7960,['953cf88f741f679afd597eeb8f46bfe59163f834'],Marcel Stimberg <marcel.stimberg@inserm.fr>,1497607393,+0200,Marcel Stimberg <marcel.stimberg@inserm.fr>,1497607393,+0200,"Fix yet another syntax error in travis.yml
",2f420431d84ea0f5f0271ffd5d5195b596858d79,brian-team_brian2genn
2f4faafb77e9e1bb5df29b1f604309b30cd79aeb,7fd10bc5ee6252ed37e59e4901146006d3ed22eb,['2777662f9db410b016e71d05c465bf50aaf4272a'],Marcel Stimberg <marcel.stimberg@inserm.fr>,1497532399,+0200,Marcel Stimberg <marcel.stimberg@inserm.fr>,1497532432,+0200,"Simplify conda build script and no longer rely on the meta.yaml file to get the package name
",2f4faafb77e9e1bb5df29b1f604309b30cd79aeb,brian-team_brian2genn
2fd0670d712537cb664f4afbd561ddfffe361e7b,a15d6a27b8a0dae787d2c8eca278082da1f9dc84,['1c01d0c857bc36aade429303f1ef345277ca297c'],Marcel Stimberg <marcel.stimberg@inserm.fr>,1471950983,+0100,Marcel Stimberg <marcel.stimberg@inserm.fr>,1471950983,+0100,"Switch off ""loop-invariant optimisation"" when running tests for brian2genn
",2fd0670d712537cb664f4afbd561ddfffe361e7b,brian-team_brian2genn
2fe0672fda883a4b08eb30f125dfb00bd055f62c,7625a4aefe7a9cc9dd2b5b1b689232a2ee1bf1a2,['324f431a7c4d56238333e9873b36ec4cdee444ea'],Marcel Stimberg <marcel.stimberg@inserm.fr>,1497285519,+0200,Marcel Stimberg <marcel.stimberg@inserm.fr>,1497285519,+0200,"Fix formatting error in appveyor.yml
",2fe0672fda883a4b08eb30f125dfb00bd055f62c,brian-team_brian2genn
30b7e8cf24068c2b7674463a4175c9b20ed4ff3e,454e7f5ee6e8d9d49737685ab8a1a96ab462772c,['32d88997e2dd2b86f8f72cbdaaa04a7ea30ba1a8'],Marcel Stimberg <marcel.stimberg@inserm.fr>,1497453050,+0200,Marcel Stimberg <marcel.stimberg@inserm.fr>,1497453050,+0200,"Revert back to testing against the development branch
",30b7e8cf24068c2b7674463a4175c9b20ed4ff3e,brian-team_brian2genn
30cd1adcfad9ba2f28f682e0bfc209967ce87829,9496c04d55232eeffb34a3b34b8295b10e8887c8,['339d7bda2c6fb5a396b6a043f9d268d068bfdd14'],neworderofjamie <J.C.Knight@sussex.ac.uk>,1559648609,+0100,neworderofjamie <J.C.Knight@sussex.ac.uk>,1559648609,+0100,"Speculative fixing of windows build system
",30cd1adcfad9ba2f28f682e0bfc209967ce87829,brian-team_brian2genn
31115759716bb1f35fa391c36d660f1c879f5d5b,0760eeacef470e07c6600696be9c20727b5f40c6,['09563c7c695e5bbc690dcf42c3a86640ca19cc5a'],Marcel Stimberg <marcel.stimberg@inserm.fr>,1474902110,+0200,Marcel Stimberg <marcel.stimberg@inserm.fr>,1474993177,+0200,"Further refactoring to remove more redundant code
",31115759716bb1f35fa391c36d660f1c879f5d5b,brian-team_brian2genn
31e1136ed0d705540057964e767f587449f10fe4,d1f7209eba4f9f37b62c55d81aab7d27dbcfa0cc,['10e7ccdb99b1a79599eb107f2ea08c3b3b7ae97e'],Thomas Nowotny <t.nowotny@sussex.ac.uk>,1556902894,+0100,Thomas Nowotny <t.nowotny@sussex.ac.uk>,1556902894,+0100,"Fixed a problem where summed variables were not reset but added to.
Also now throwing a NotImplementedError if subgroups are used as targets of summed variables which is currently not workable in brian2genn.
",31e1136ed0d705540057964e767f587449f10fe4,brian-team_brian2genn
31ebe6acd5b99309090d232843dc8fa67f0a3177,1288acf93e1b6bd6b3212a2332d9be0a8df208a2,['948d9f8bae8fae5b03564cfc68d89b54a779fe95'],Marcel Stimberg <marcel.stimberg@inserm.fr>,1542892042,+0100,Marcel Stimberg <marcel.stimberg@inserm.fr>,1542892134,+0100,"Try installing numpy first (from binary wheel)
",31ebe6acd5b99309090d232843dc8fa67f0a3177,brian-team_brian2genn
31f6ab42238ddf0b2b2b0f6ef631c9313d2fb031,dce3eb987da93852f8054f7242d4316fac2c856f,['b7c589f25f290ca84ce90646f4b089c9d99f2787'],Marcel Stimberg <marcel.stimberg@inserm.fr>,1536658639,+0200,Marcel Stimberg <marcel.stimberg@inserm.fr>,1536659684,+0200,"Raise a warning if the GeNN version is not new enough
",31f6ab42238ddf0b2b2b0f6ef631c9313d2fb031,brian-team_brian2genn
3208d10530119345022f4d382315ed8d33d1ea86,489d7529fa60b925c3ecd277148b7573c77893fc,['17b6d61d363b11d1823009d4d813a5823aea10dd'],Marcel Stimberg <marcel.stimberg@inserm.fr>,1641553650,+0100,Marcel Stimberg <marcel.stimberg@inserm.fr>,1641553650,+0100,"Adapt to new connect syntax in Brian 2.5
",3208d10530119345022f4d382315ed8d33d1ea86,brian-team_brian2genn
324f431a7c4d56238333e9873b36ec4cdee444ea,c3019c0d0714781ed94ec1788f657f3db3f51a0c,['67d0337b9d2385762c0239e1280e803a2f78e70a'],Marcel Stimberg <marcel.stimberg@inserm.fr>,1497285317,+0200,Marcel Stimberg <marcel.stimberg@inserm.fr>,1497285317,+0200,"Test/support Python 3.6
",324f431a7c4d56238333e9873b36ec4cdee444ea,brian-team_brian2genn
3297fa0ef53ed14c7567c617f2e9fb4d1b2cd219,a736f4148435c312c94f8e2541894559d0b2ab4c,['53e5f8c2f126f9c3e9a2aa6819beaf7c1dd7511f'],Marcel Stimberg <marcel.stimberg@inserm.fr>,1651480998,+0200,GitHub <noreply@github.com>,1651480998,+0200,"Use floating point literals

Workaround for #133",3297fa0ef53ed14c7567c617f2e9fb4d1b2cd219,brian-team_brian2genn
32c8c7e15c9c7dcb5c4aee2183037308a02f5bd4,ebff4184142442644eb699d8a8e1f9f4c9d1baba,['b814a3414da643fba4748a5536282465ee3133e2'],Thomas Nowotny <tn41@inf900324.inf.susx.ac.uk>,1586209174,+0100,Thomas Nowotny <tn41@inf900324.inf.susx.ac.uk>,1586209174,+0100,"Adding a simple example file for experimenting with the row_lengh development.
",32c8c7e15c9c7dcb5c4aee2183037308a02f5bd4,brian-team_brian2genn
32d88997e2dd2b86f8f72cbdaaa04a7ea30ba1a8,69c266d7b2362bcf7ef6fb89c09f95c95b07255d,['e2ed8567cd2610121ee071ceebfc7016fce0b855'],Marcel Stimberg <marcel.stimberg@inserm.fr>,1497442631,+0200,Marcel Stimberg <marcel.stimberg@inserm.fr>,1497442631,+0200,"quick check whether GeNN's 3.0.0 release actually works with Brian2GeNN
",32d88997e2dd2b86f8f72cbdaaa04a7ea30ba1a8,brian-team_brian2genn
337d2dd97be78542913a0e4721e0fdd23863a175,a29ad9f46998d6f012513f9ec9d4dcf05910986b,['66eb649ac350ac6e6ebd954b9ee5cc4c95cd8660'],Thomas Nowotny <t.nowotny@sussex.ac.uk>,1585900547,+0100,GitHub <noreply@github.com>,1585900547,+0100,Update index.rst,337d2dd97be78542913a0e4721e0fdd23863a175,brian-team_brian2genn
3391de2cdafe3945c7689089ce035beccd3d605b,715cc840a4d7ac560b490ad8fbc02c70cd0a9ddb,"['d395e44101ad7d22c054362c2f2b72a4078f0b9b', '8773bcd3202d50c912ef6857d8d4ba078a030587']",Thomas Nowotny <t.nowotny@sussex.ac.uk>,1588100579,+0100,GitHub <noreply@github.com>,1588100579,+0100,"Merge pull request #101 from brian-team/genn_4

Genn 4 -first slightly incomplete version ...",3391de2cdafe3945c7689089ce035beccd3d605b,brian-team_brian2genn
339d7bda2c6fb5a396b6a043f9d268d068bfdd14,1fee568ce7cbde9a5d5a1935c523aa1cfba56236,['072f8741786347d44265b10cf0f71295eadc0bbd'],neworderofjamie <J.C.Knight@sussex.ac.uk>,1559647832,+0100,neworderofjamie <J.C.Knight@sussex.ac.uk>,1559647832,+0100,"Fixed typo
",339d7bda2c6fb5a396b6a043f9d268d068bfdd14,brian-team_brian2genn
33e9f4d764ca4263e3b59e6914989f2e1b268450,d49f2d4f551aec6cd599581dce2fae9f013091de,['658e1cf0f11739b06b45bd2d6a7938dade7e0ebf'],Marcel Stimberg <marcel.stimberg@inserm.fr>,1496397507,+0200,Marcel Stimberg <marcel.stimberg@inserm.fr>,1496397507,+0200,"Update documentation with installation instructions
",33e9f4d764ca4263e3b59e6914989f2e1b268450,brian-team_brian2genn
33fe0b71d420f5ab45cf9908fc5553cdcb88d732,ac31c43dc9571ea07f3a98784320a8fcb395b4a1,"['b8a1c19d753669ebde83c2f886ee4465d1b7f1b0', '0efcd180a693082d3fd0138d255671b42c168b5c']",neworderofjamie <neworderofjamie@gmail.com>,1587539793,+0100,neworderofjamie <neworderofjamie@gmail.com>,1587539793,+0100,"Merge branch 'genn_4' into kernel_timing_fix
",33fe0b71d420f5ab45cf9908fc5553cdcb88d732,brian-team_brian2genn
340d3a4a15da857d29ff8129a45b0fa3d8a6a468,357dc46312e6edc3021b18652e3d2f4bf927fa48,['40f4db0513eb9df544e2b59ceaded60b38d29aff'],neworderofjamie <neworderofjamie@gmail.com>,1555955829,+0100,neworderofjamie <neworderofjamie@gmail.com>,1555955829,+0100,"Updated Makefile template
",340d3a4a15da857d29ff8129a45b0fa3d8a6a468,brian-team_brian2genn
34157902de1dc2cdc8a606f4228d9b2a4b9f91e4,fbb79ef48683e1a2e8aebaa63f856753d3c740ac,['2273030601076edd6cdc6256e87ec29e00d72292'],Marcel Stimberg <marcel.stimberg@inserm.fr>,1487928759,+0100,Marcel Stimberg <marcel.stimberg@inserm.fr>,1487928759,+0100,"Dummy commit to trigger CI tests
",34157902de1dc2cdc8a606f4228d9b2a4b9f91e4,brian-team_brian2genn
341cbd85df72897a2220d59a88c45bd59fe700cf,54286a73025fd6e8edffa7591644db2f0ac6318b,"['396aecc6bda3e7976bdcb0a11d0a8ce4666474f4', '14381af65239c4f50c3b9544f108badd26c150fc']",Thomas Nowotny <tn41@inf900324.inf.susx.ac.uk>,1588062568,+0100,Thomas Nowotny <tn41@inf900324.inf.susx.ac.uk>,1588062568,+0100,"Merge branch 'genn_4' of https://github.com/brian-team/brian2genn into genn_4
",341cbd85df72897a2220d59a88c45bd59fe700cf,brian-team_brian2genn
34e2b5818a18fc8692b0a3973112abe9c47db53c,e7353e11b8b8b59181c4ea0eaec514dfa79e031c,['239be5882cc248b4a64980e627f2df9b4e54b3f2'],Marcel Stimberg <marcel.stimberg@inserm.fr>,1479489123,+0100,Marcel Stimberg <marcel.stimberg@inserm.fr>,1488895920,+0100,"Set a custom error code for multiple synapses, and check for this error code to raise a NotImplementedError on the Python side

Also change tabs to spaces in convert_synapses.h
",34e2b5818a18fc8692b0a3973112abe9c47db53c,brian-team_brian2genn
34e6c950dabf0581fde26aa07d3a32b1bf0af6dd,ad3066e6919fc3df4c366b1edb0c878749ab07ad,"['4da63141e9f4a6e4785349498e61e61e0ddae589', '3c5b39a4c099255a008053aeef46ce01d73cf422']",Marcel Stimberg <marcel.stimberg@inserm.fr>,1594388902,+0200,GitHub <noreply@github.com>,1594388902,+0200,"Merge pull request #116 from jangmarker/jangmarker/fix_intro_docs

Docs: Fix parameter name of `set_device('genn')`",34e6c950dabf0581fde26aa07d3a32b1bf0af6dd,brian-team_brian2genn
354a5cfca5ca99c2a585790ebdc8dac1b85ae538,5ffcc781b1759dbf5e6d580befa448f668cad38d,['e8bd022aedcfc43b2c92fa2c0c2da184629f9b76'],Thomas Nowotny <t.nowotny@sussex.ac.uk>,1440686197,+0100,Thomas Nowotny <t.nowotny@sussex.ac.uk>,1440686197,+0100,"CHanged the logger to 'brian2.devices.genn'. Included notes about templates and testing.
",354a5cfca5ca99c2a585790ebdc8dac1b85ae538,brian-team_brian2genn
3558044187f4adbe154968adf826e2db5c755c78,9d7048941cbd627bbab4a5a5e23929fff9d8b9e0,['4f0de4d93d0d6b163cf2e8b175b9a6582cf59bde'],Marcel Stimberg <marcel.stimberg@inserm.fr>,1478792619,+0100,Marcel Stimberg <marcel.stimberg@inserm.fr>,1479207409,+0100,"Enable testing on Windows via appveyor
",3558044187f4adbe154968adf826e2db5c755c78,brian-team_brian2genn
355c55267b1d50e19590b5bfb0755e9af5cc3be6,2e2576585c9d0a875a9ea559f255aa0da46b4246,['e9b5f637ed2cc0fe463942028ff7902b44ebda4d'],Marcel Stimberg <marcel.stimberg@ens.fr>,1405442358,+0200,Marcel Stimberg <marcel.stimberg@ens.fr>,1405442358,+0200,"Remove some unnecessary whitespace in the output
",355c55267b1d50e19590b5bfb0755e9af5cc3be6,brian-team_brian2genn
357d440f2f38e35a3b5c6e48f163e31a0e51f11c,de19d6655ca254e46228364c2aefe48b80d25856,['5efbcc717dd6964e260aec3e60f28624eaa3c9d9'],Thomas Nowotny <t.nowotny@sussex.ac.uk>,1443019997,+0100,Thomas Nowotny <t.nowotny@sussex.ac.uk>,1443019997,+0100,"Attempting to enable documentation for brian2genn. Added brian2 dependency to brian2genn setup.py with a specific commit that should work.
",357d440f2f38e35a3b5c6e48f163e31a0e51f11c,brian-team_brian2genn
35fb194f08ef9f061b1231e9edd1f38570f6798f,4eef6f96ee2ac9484865ee7a8ba1b574c74a3d96,['e3bb67a5f0112f91f26beebd43a6bcd209774c4a'],Marcel Stimberg <marcel.stimberg@inserm.fr>,1688483368,+0200,Marcel Stimberg <marcel.stimberg@inserm.fr>,1688483368,+0200,"Test on Python 3.9

The latest Brian version requires Python ≥ 3.9
",35fb194f08ef9f061b1231e9edd1f38570f6798f,brian-team_brian2genn
36a1c36c3c85cf20b11eda67d544683ce1ca455e,683988561c2610c30b6aebb43ef80e032b3adbd6,['a0744f9448586140cfae5f3452f3e7326732207d'],Marcel Stimberg <marcel.stimberg@inserm.fr>,1557753821,+0200,Marcel Stimberg <marcel.stimberg@inserm.fr>,1557753821,+0200,"Use a fixed stable GeNN version instead of latest tag
",36a1c36c3c85cf20b11eda67d544683ce1ca455e,brian-team_brian2genn
3834d8752a964a655e26d37081463b78bb3cdb71,5878733f33a7989f086d57901ed38aaec9aac75f,['a5c327749e6d9f4374ee0b3884a5904544865bf9'],neworderofjamie <neworderofjamie@gmail.com>,1585931935,+0100,neworderofjamie <neworderofjamie@gmail.com>,1585931935,+0100,"need to include <cstdint>
",3834d8752a964a655e26d37081463b78bb3cdb71,brian-team_brian2genn
38b1d627ef8b9484c4718b2a336076edec637cfd,c0750270f48e1f36871f45f53064af63e327efed,['5c6542b708bb553f32b9d74e3faf25a9d6990e65'],Marcel Stimberg <marcel.stimberg@inserm.fr>,1542811774,+0100,Marcel Stimberg <marcel.stimberg@inserm.fr>,1542811774,+0100,"More fixes...
",38b1d627ef8b9484c4718b2a336076edec637cfd,brian-team_brian2genn
38b9b9e2b8498b011a7ffc99d8c129d2d090b614,fa458eb370047aafe867b40b22e86c4dded551c3,['8fdba14ca25415b43c841f677749506e817290a5'],Felix Benjamin Kern <kernfel+github@gmail.com>,1654242952,+0900,GitHub <noreply@github.com>,1654242952,+0900,Correctly identify cuda_path prefs location,38b9b9e2b8498b011a7ffc99d8c129d2d090b614,brian-team_brian2genn
38c86dcb4c364ebc341bd1ade793cb40c288d003,8a6ddce2e516062fefc18d27e066a1558af9fe9f,['29e7e08882ef732e832b590abd56bbc521b0f442'],Marcel Stimberg <marcel.stimberg@inserm.fr>,1542797060,+0100,Marcel Stimberg <marcel.stimberg@inserm.fr>,1542797060,+0100,"Install the nose package right from the start
",38c86dcb4c364ebc341bd1ade793cb40c288d003,brian-team_brian2genn
3939ae602e768bba23f13819e911ca5988994283,b10672290cfb9a1ee4c5ded28e333986f0d5742c,['a49c56c1cb04f3d63e148447410e4af8d0b010f2'],Marcel Stimberg <marcel.stimberg@inserm.fr>,1487949071,+0100,Marcel Stimberg <marcel.stimberg@inserm.fr>,1490030788,+0100,"Remove unnecessary left-over snippet in template
",3939ae602e768bba23f13819e911ca5988994283,brian-team_brian2genn
396aecc6bda3e7976bdcb0a11d0a8ce4666474f4,9df9fc8684de08156a9e2b81e95b51953a28ca3c,['df9774cf4066c86d7159d67debc0dd93f12a4a0a'],Thomas Nowotny <tn41@inf900324.inf.susx.ac.uk>,1588062504,+0100,Thomas Nowotny <tn41@inf900324.inf.susx.ac.uk>,1588062504,+0100,"Removed outdated comment ...
",396aecc6bda3e7976bdcb0a11d0a8ce4666474f4,brian-team_brian2genn
399a9d1462e5642cc4f2644a9a10a0286a4a7c44,d2597b102af50f1435cce225b9b4fcd36fe90f94,['9a4e0c4d2601b04a973dbec5a56fda68baeb54d9'],Marcel Stimberg <marcel.stimberg@inserm.fr>,1554994721,+0200,Marcel Stimberg <marcel.stimberg@inserm.fr>,1554994721,+0200,"Fix the handling of time and time steps
",399a9d1462e5642cc4f2644a9a10a0286a4a7c44,brian-team_brian2genn
3a0cfe2895a8ae7eaabf89567695c7aa100e6dcd,45469c4846ab1433246ab450ed6003e6c5697fe0,"['3fd13ce9e05a8642b7047775352c761ed8836871', '9217bc10849e929cd48d6c873499400be44d25cb']",Thomas Nowotny <t.nowotny@sussex.ac.uk>,1610551763,+0100,GitHub <noreply@github.com>,1610551763,+0100,"Merge 9217bc10849e929cd48d6c873499400be44d25cb into 3fd13ce9e05a8642b7047775352c761ed8836871
",3a0cfe2895a8ae7eaabf89567695c7aa100e6dcd,brian-team_brian2genn
3aef455962913d7b990340b5848e43dd515b2309,e23a15504a1078943e2791750e379dd813f51452,['730d345b7bd136028ee51967567ee9386487fb84'],Thomas Nowotny <t.nowotny@sussex.ac.uk>,1426270604,+0000,Thomas Nowotny <t.nowotny@sussex.ac.uk>,1426270604,+0000,"Small change of adding ""model.finalize()"" to the end of the model.cc template to conform with a corresponding change in GeNN 2.1 release candidate.
",3aef455962913d7b990340b5848e43dd515b2309,brian-team_brian2genn
3af867bf49b60caabe50e9c4be895df64759c100,154871135d3a8e0eb93d8998c691c87f05633801,['b4296432b2529811887e69d6905aca635c7b6692'],Marcel Stimberg <marcel.stimberg@inserm.fr>,1471973355,+0100,Marcel Stimberg <marcel.stimberg@inserm.fr>,1471973355,+0100,"Make `NotImplementedError` for multiple networks clearer
",3af867bf49b60caabe50e9c4be895df64759c100,brian-team_brian2genn
3b043d567d6b8cb59d8a79032bc7187ca7f38a88,e0a647de5644ab7e104391166dcf6760c346d5e6,['b143c36c50faf96970d18aeb0df674dc04c4972a'],Marcel Stimberg <marcel.stimberg@inserm.fr>,1497284622,+0200,Marcel Stimberg <marcel.stimberg@inserm.fr>,1497284622,+0200,"Abandon trying to build conda packages on OS X
",3b043d567d6b8cb59d8a79032bc7187ca7f38a88,brian-team_brian2genn
3b77358c9eb4f493a10b37264d2f4530f9f779b2,7cfd5c352d50e9708216e704e14047005c313dfd,['187e98cace309aea775685282317b87f481428c9'],Thomas Nowotny <t.nowotny@sussex.ac.uk>,1428486559,+0100,Thomas Nowotny <t.nowotny@sussex.ac.uk>,1428486559,+0100,"Fixed device.py so that it now works with the master branch of brian2 (rather than with the device_correctness branch)
",3b77358c9eb4f493a10b37264d2f4530f9f779b2,brian-team_brian2genn
3c0e721a736ea7df011592c01437e76435412e5e,3d5d713d6860c771e56db475fe317901566b63da,['207ce68246f170593ed43352079a04c34bc6556e'],Thomas Nowotny <t.nowotny@sussex.ac.uk>,1405512858,+0100,Thomas Nowotny <t.nowotny@sussex.ac.uk>,1405512858,+0100,"Added an example of how things could be run entirely fromteh python script. It would be nice if the code below ""device.build"" in the simple_example.py could go into ""run(time,GPU/CPU)"" or similar ...

",3c0e721a736ea7df011592c01437e76435412e5e,brian-team_brian2genn
3c5b39a4c099255a008053aeef46ce01d73cf422,ad3066e6919fc3df4c366b1edb0c878749ab07ad,['4da63141e9f4a6e4785349498e61e61e0ddae589'],Jan Marker <marker@fias.uni-frankfurt.de>,1594388328,+0200,GitHub <noreply@github.com>,1594388328,+0200,Fix parameter name of `set_device('genn')`,3c5b39a4c099255a008053aeef46ce01d73cf422,brian-team_brian2genn
3cec78bd1ca246cef329cd267d0ded04bb9b25c9,c6fb92d75284ba9291d1307a456e15bde6994f29,['0a60ffe1450a38c00ce1402587db0935194d6a81'],Marcel Stimberg <marcel.stimberg@inserm.fr>,1536225225,+0200,Marcel Stimberg <marcel.stimberg@inserm.fr>,1536225225,+0200,"On appveyor, where miniconda is pre-installed, first update conda itself
",3cec78bd1ca246cef329cd267d0ded04bb9b25c9,brian-team_brian2genn
3d3d0a099b92153affb123d8859ab988b4d54fb1,a96b732c91ef391b41f534a6f157357062225977,['7095c4b39a4cce591ec10f06ff2a8bd5de93ba20'],Marcel Stimberg <marcel.stimberg@inserm.fr>,1542795384,+0100,Marcel Stimberg <marcel.stimberg@inserm.fr>,1542795384,+0100,"User `--user` option for installation
",3d3d0a099b92153affb123d8859ab988b4d54fb1,brian-team_brian2genn
3d84b98358ab4d28430dd201a8b6c6d58eae31d7,425eb67d56514489296b85dc611a38f434cf6120,['ec0015c1d06f4132b5eff3a32a5c28daba34bd49'],Marcel Stimberg <marcel.stimberg@inserm.fr>,1536661390,+0200,Marcel Stimberg <marcel.stimberg@inserm.fr>,1536661390,+0200,"Run single precision test suites on the test server
",3d84b98358ab4d28430dd201a8b6c6d58eae31d7,brian-team_brian2genn
3d8cde7890da1ec9100402c59ab0d712ede3edac,ac31c43dc9571ea07f3a98784320a8fcb395b4a1,"['0efcd180a693082d3fd0138d255671b42c168b5c', '33fe0b71d420f5ab45cf9908fc5553cdcb88d732']",neworderofjamie <neworderofjamie@gmail.com>,1587544732,+0100,GitHub <noreply@github.com>,1587544732,+0100,"Merge pull request #104 from brian-team/kernel_timing_fix

Support for GeNN 4 timing",3d8cde7890da1ec9100402c59ab0d712ede3edac,brian-team_brian2genn
3dff3252b3895448f1f915f5aebf570d25a9aca2,8cce8006313fa48f8dbabe4eb1d8a66efd4a009b,['655d7a7bc5d6c5082cd4879faa072b04330d1710'],Thomas Nowotny <tn41@inf900324.inf.susx.ac.uk>,1587745311,+0100,Thomas Nowotny <tn41@inf900324.inf.susx.ac.uk>,1587745311,+0100,"Fixed a small inconsistency.
",3dff3252b3895448f1f915f5aebf570d25a9aca2,brian-team_brian2genn
3ece949d0d16d4d064dc0e431b2e700b80c355b2,122c76c421c712f1a03cff900b3b802406c14527,['9ebed0e81f1502f6580ca53ba6dd9165e4a8c186'],Marcel Stimberg <marcel.stimberg@inserm.fr>,1559745265,+0200,Marcel Stimberg <marcel.stimberg@inserm.fr>,1559745302,+0200,"On Azure: install dependencies before installing Brian2 from github
",3ece949d0d16d4d064dc0e431b2e700b80c355b2,brian-team_brian2genn
3efa99b620a662bf536eeea754966dc8c87f19b8,e7c7b4cf8f89c2c58e70f0f79d10b56b1b01913e,['f047277864e7e4212b648ebcaa4dea395105b51f'],Thomas Nowotny <t.nowotny@sussex.ac.uk>,1440619269,+0100,Thomas Nowotny <t.nowotny@sussex.ac.uk>,1440619269,+0100,"FIxed some minor bugs and started to clean up things a little in the device.py file. Quite a few examples are now running properly with this version and the ones that fail typically are aborted with a NotImplementedError for features that brian2genn cannot support at the moment.
",3efa99b620a662bf536eeea754966dc8c87f19b8,brian-team_brian2genn
3f0a7af33bfd7c7eb26e85c8eedccb8efb0237a0,38029abde37bca4c0ad44ec268ed148d9114dfef,['2e26f414a7385cf2cdbf7fa1de027031f9ffcc5b'],Marcel Stimberg <marcel.stimberg@inserm.fr>,1497630464,+0200,Marcel Stimberg <marcel.stimberg@inserm.fr>,1497630464,+0200,"Remove debug output from travis/appveyor build and only install CUDA on appveyor when building packages
",3f0a7af33bfd7c7eb26e85c8eedccb8efb0237a0,brian-team_brian2genn
3f2e020ac681854b3f28fab6338857a8fa31d7e0,d24b8399f7d29feb5608ec3e37510fd7017a8dad,['ad3458a64d37649d8c5be658a6236ea75aaef0ad'],Thomas Nowotny <tn41@m900050.inf.susx.ac.uk>,1556224813,+0200,Thomas Nowotny <tn41@m900050.inf.susx.ac.uk>,1556224813,+0200,"First attempt at supporting ""summed variables"".
The test script ""testSummedVars.py"" runs in CPU_ONLY mode on Mac.
",3f2e020ac681854b3f28fab6338857a8fa31d7e0,brian-team_brian2genn
3f710bbb1d32e309ffdcc62e9dd2634cf0f84a6d,4cffa43f1c0fa72a74126a57c8e6347d50a250cd,['12eda449a29873ff0b1a82314b8bc79f99734912'],Marcel Stimberg <marcel.stimberg@inserm.fr>,1479736200,+0100,Marcel Stimberg <marcel.stimberg@inserm.fr>,1479736200,+0100,"Do not allow scalar variables (not correctly supported)
",3f710bbb1d32e309ffdcc62e9dd2634cf0f84a6d,brian-team_brian2genn
3fb8bf58181456caabecc94a3260dce40c2353eb,df08ed196471396e98cfeca8042fa72eea1a0c0b,['cbc0f5818c7a8e62f4abdc53e721d1ae46d4a90a'],Marcel Stimberg <marcel.stimberg@inserm.fr>,1435242237,+0200,Marcel Stimberg <marcel.stimberg@inserm.fr>,1435242237,+0200,"Add a `GeNNSimpleDevice` to run standalone-compatible tests and add the option to suppress compile and run output
",3fb8bf58181456caabecc94a3260dce40c2353eb,brian-team_brian2genn
3fd13ce9e05a8642b7047775352c761ed8836871,0b3a6c39ca4ecea5b7e1bdcce8d73e6c712196d3,['84029474f7cfd030207ad7c5789eec0699b4a9bb'],Marcel Stimberg <marcel.stimberg@inserm.fr>,1610551273,+0100,Marcel Stimberg <marcel.stimberg@inserm.fr>,1610551273,+0100,"Fix the documentation for summed variables

[ci skip]
",3fd13ce9e05a8642b7047775352c761ed8836871,brian-team_brian2genn
3fdd67e134283972065fe891bc7f81f801660bce,d35bedbb23729be7d31f03535d13e335194aa8c3,['b8f2cf450c55e92415a87338a48bcc6b9cb8365b'],Marcel Stimberg <marcel.stimberg@inserm.fr>,1542820744,+0100,Marcel Stimberg <marcel.stimberg@inserm.fr>,1542820744,+0100,"still trying to get Windows to run the test file...
",3fdd67e134283972065fe891bc7f81f801660bce,brian-team_brian2genn
40106e4ced6234088a16e0599771b4fc46549376,d98561b0e5e01489fb62e100dfa5358bb3f7afc0,['dab34ae475908bbc226780a99c1bce3a6bc7e596'],Marcel Stimberg <marcel.stimberg@inserm.fr>,1497541892,+0200,Marcel Stimberg <marcel.stimberg@inserm.fr>,1497541892,+0200,"Use GeNN 2.2.3 for now
",40106e4ced6234088a16e0599771b4fc46549376,brian-team_brian2genn
4056c665b284222863543952dcf5c079c75efb6e,a2825cf5de7d5e1b084ac3f754febb222037f7dd,['ba7a5134066e81331763ed23fc9ac23082dc1447'],Marcel Stimberg <marcel.stimberg@inserm.fr>,1496070395,+0200,Marcel Stimberg <marcel.stimberg@inserm.fr>,1496070395,+0200,"Also install runtime header files
",4056c665b284222863543952dcf5c079c75efb6e,brian-team_brian2genn
40755034bbefee64b8abb66cecf12a4b7f52ee15,601dcefe18b3c507ed0e84cbca3721a96bf3fbfe,['42d3517272cd6e13e4fbc3884e69d961aa0e2bac'],Thomas Nowotny <t.nowotny@sussex.ac.uk>,1441224598,+0100,Thomas Nowotny <t.nowotny@sussex.ac.uk>,1441224598,+0100,"Trying the automatic reference building again.
",40755034bbefee64b8abb66cecf12a4b7f52ee15,brian-team_brian2genn
4084a72c29d1e5cd588dcb6a5a7e53312b5394da,8f98de1ed8a47fbdfc662204def56531af72582e,"['80bcc822d81e9724c72c900f64142ce1c932c249', '95abed7a0c0efe3bd514311fd862094f10d179bd']",Thomas Nowotny <t.nowotny@sussex.ac.uk>,1492678697,+0100,GitHub <noreply@github.com>,1492678697,+0100,"Merge pull request #51 from brian-team/check_delays

[MRG] Raise an error when trying to set delays with string expressions",4084a72c29d1e5cd588dcb6a5a7e53312b5394da,brian-team_brian2genn
40f4db0513eb9df544e2b59ceaded60b38d29aff,340638b3072f22a92092083a9603c1a7518e5ab1,['ad3458a64d37649d8c5be658a6236ea75aaef0ad'],neworderofjamie <neworderofjamie@gmail.com>,1555939406,+0100,neworderofjamie <neworderofjamie@gmail.com>,1555939406,+0100,"look in new location for genn-buildmodel
",40f4db0513eb9df544e2b59ceaded60b38d29aff,brian-team_brian2genn
413ecdd6af8b68a873671085d7e22202416e4936,2ba16532f24117d566d3d63fa5d1fe2b87943a3c,['ee37a89ccc15bbc42dfd3a0629578d3bcddee27d'],Marcel Stimberg <marcel.stimberg@inserm.fr>,1586175336,+0200,Marcel Stimberg <marcel.stimberg@inserm.fr>,1586175336,+0200,"Fix incorrect before_run argument
",413ecdd6af8b68a873671085d7e22202416e4936,brian-team_brian2genn
41672cab70789ceaf1098f2fe2c5c4c8fad767d9,ab01a3ab8f4a14a3bbb3afe4a0ad8c78e72b1fec,['9b03de5002f0bb587dd3a0c9ad1b57a86f3a1888'],Marcel Stimberg <marcel.stimberg@inserm.fr>,1478776055,+0100,Marcel Stimberg <marcel.stimberg@inserm.fr>,1478776055,+0100,"Fix a typo in the preference documentation
",41672cab70789ceaf1098f2fe2c5c4c8fad767d9,brian-team_brian2genn
416ae6edfe2887cd551550666fa6ba7e341a0a7c,7cf1ad780ef4178f82c2129fad09a1f4eddc2874,['8618cccf33efc32170c8ac72d2c45067b24fb2ee'],Marcel Stimberg <marcel.stimberg@inserm.fr>,1543422074,+0100,Marcel Stimberg <marcel.stimberg@inserm.fr>,1543422074,+0100,"Do not tag in prepare_release script, use release mechanism on github

[ci skip]
",416ae6edfe2887cd551550666fa6ba7e341a0a7c,brian-team_brian2genn
4177b4f9c55330e13e8c2f28186e768f8cf91113,df12825e6e458355f1f8dfc8bed42d393617380d,['413ecdd6af8b68a873671085d7e22202416e4936'],Marcel Stimberg <marcel.stimberg@inserm.fr>,1586179815,+0200,Marcel Stimberg <marcel.stimberg@inserm.fr>,1586179815,+0200,"Make statemonitor template compatible with Brian2 master
",4177b4f9c55330e13e8c2f28186e768f8cf91113,brian-team_brian2genn
4232c757573f7a57058d64597d6da0ffda0c00d2,0bf6e13f4dbafee10d18a9c35d5ccf622cd69e75,"['1cb247de760a698fc2374293f730ebb95db857e2', '10f19c895811ad64d2463e4d407b7a2e45c0ae99']",Thomas Nowotny <t.nowotny@sussex.ac.uk>,1478698509,+0000,GitHub <noreply@github.com>,1478698509,+0000,"Merge pull request #34 from brian-team/update_docs

Update the docs and fix some minor typos - checked & looks ok.",4232c757573f7a57058d64597d6da0ffda0c00d2,brian-team_brian2genn
42d3517272cd6e13e4fbc3884e69d961aa0e2bac,e135616fa292975e1067c0334cc3e30dab63ed0f,['a0ad153c90004d58018c319641a2f8caced0f6ea'],Thomas Nowotny <t.nowotny@sussex.ac.uk>,1441224410,+0100,Thomas Nowotny <t.nowotny@sussex.ac.uk>,1441224410,+0100,"Added an install script ""setup.py"" following the lead from Brian 2.
",42d3517272cd6e13e4fbc3884e69d961aa0e2bac,brian-team_brian2genn
42ef8879c4c635d6f79da6518bc80e1f2f25ef82,ab01a3ab8f4a14a3bbb3afe4a0ad8c78e72b1fec,"['4232c757573f7a57058d64597d6da0ffda0c00d2', '41672cab70789ceaf1098f2fe2c5c4c8fad767d9']",Thomas Nowotny <t.nowotny@sussex.ac.uk>,1478776175,+0000,GitHub <noreply@github.com>,1478776175,+0000,"Merge pull request #35 from brian-team/use_brian_preferences

Use Brian's general compiler preferences and provide genn-specific nvcc compiler preferences.",42ef8879c4c635d6f79da6518bc80e1f2f25ef82,brian-team_brian2genn
43096a518af35519f9460305c625f0a13bb33c4e,6a59a4ec4577bdd01e61527471357122beddcebd,['5a43f9a716406cfe740fe89e728c68148a4755d7'],Marcel Stimberg <marcel.stimberg@inserm.fr>,1543402850,+0100,Marcel Stimberg <marcel.stimberg@inserm.fr>,1543402850,+0100,"Add documentation for `insert_code`

[ci skip]
",43096a518af35519f9460305c625f0a13bb33c4e,brian-team_brian2genn
4321dcd27702d440d2d5d0a100452c9c45d9022a,abbf1bc9d1113f8468f460b33f38e764f53d2891,['8baeb765f8a1eeaf7957ea9872f37571108a3dde'],Marcel Stimberg <marcel.stimberg@inserm.fr>,1496075368,+0200,Marcel Stimberg <marcel.stimberg@inserm.fr>,1496076267,+0200,"Try installing CUDA via homebrew (still OS X)
",4321dcd27702d440d2d5d0a100452c9c45d9022a,brian-team_brian2genn
435b53e89f44b28d7ae4508cb91bedf8d0455be4,254b89fb6a46ee0392562b7a536829910babd625,['5024b895811bda383a759d569eb1abafedab2c86'],Thomas Nowotny <t.nowotny@sussex.ac.uk>,1443121363,+0100,Thomas Nowotny <t.nowotny@sussex.ac.uk>,1443121363,+0100,"Added some more comments in the python modules.
",435b53e89f44b28d7ae4508cb91bedf8d0455be4,brian-team_brian2genn
437d0aa31648724d48550b68bba11c93160dfa12,43db51ce8011764ee827bfbcf5865457f5d9c364,['86bd5ca7f5b98a34a12b3b1997a9f84d1e207379'],Thomas Nowotny <t.nowotny@sussex.ac.uk>,1405439677,+0100,Thomas Nowotny <t.nowotny@sussex.ac.uk>,1405439677,+0100,"Fixed an inaccurate (outdated?) name of ""thresholdConditionCode"".

",437d0aa31648724d48550b68bba11c93160dfa12,brian-team_brian2genn
43e24d912aa4353ba831fd1b9087e1fd57dcdcb4,89d748c8a44640d4f66d65d42228cea44667dafb,['0b1e37084a9fa65653231e601311fc78b7d38374'],neworderofjamie <J.C.Knight@sussex.ac.uk>,1549970866,+0000,neworderofjamie <J.C.Knight@sussex.ac.uk>,1549970866,+0000,"Added ``zip`` function as helper
",43e24d912aa4353ba831fd1b9087e1fd57dcdcb4,brian-team_brian2genn
43e30113bb067c51e6e4747136a6250f17c2a935,f8bbc207ab3cead8edb6135eb1331ad44005734e,['e76df993ded19b5292d62a811932cfb9ef8d4235'],Thomas Nowotny <tn41@inf900324.inf.susx.ac.uk>,1586598766,+0100,Thomas Nowotny <tn41@inf900324.inf.susx.ac.uk>,1586598766,+0100,"Fixed some problems occurring when synapse groups had no synapses in them.
",43e30113bb067c51e6e4747136a6250f17c2a935,brian-team_brian2genn
4433a8d46b92de89532aa342b3e5e0a7799801a7,bcd0600a3201e4e2fb766bd523c507c18dd7bb5b,['47c8a302b9e79d6e4dafd2bbef0f86f3aa1bef01'],Marcel Stimberg <marcel.stimberg@inserm.fr>,1497876056,+0200,Marcel Stimberg <marcel.stimberg@inserm.fr>,1497876056,+0200,"***** Release brian2genn 1.0rc4 *****
",4433a8d46b92de89532aa342b3e5e0a7799801a7,brian-team_brian2genn
446ed0ecfed9a0d68c9ca2bb7ae7f4ea5153be55,c0c5b8ce7fe7e634fd567f4f3134cbafacbcabf3,['c71dff3543ec5dacbe5941975b0e7fa59bf2d7d8'],Marcel Stimberg <marcel.stimberg@inserm.fr>,1557754394,+0200,Marcel Stimberg <marcel.stimberg@inserm.fr>,1557754394,+0200,"Fetch tags before asking for stable GeNN version
",446ed0ecfed9a0d68c9ca2bb7ae7f4ea5153be55,brian-team_brian2genn
4493614e371f641778651b22e1355ce421b0ae11,8c329b2be9be51ef133be1b9a33783e59241d73e,[],Dan Goodman <dg.github@thesamovar.net>,1405119974,-0400,Dan Goodman <dg.github@thesamovar.net>,1405119974,-0400,"Initial commit
",4493614e371f641778651b22e1355ce421b0ae11,brian-team_brian2genn
4544a66b8c4b8f99bbef54f4f0c3a536295b96e1,e06dbcd432a18aa12e6ef047c78ad15ab685b6d3,['937219923aa5a640db4ead3d5f2a5d42b9a8e30c'],neworderofjamie <neworderofjamie@gmail.com>,1558358099,+0100,neworderofjamie <neworderofjamie@gmail.com>,1558358099,+0100,"disabled warnings
",4544a66b8c4b8f99bbef54f4f0c3a536295b96e1,brian-team_brian2genn
45dd83edc39b30734176b745529bfed0aa64cf33,747884e7a93917597d46f40fce12c8370b7da4df,['cc2afa26ae57f86439b6c2ef50b89a14279ea753'],Marcel Stimberg <marcel.stimberg@inserm.fr>,1498081406,+0200,Marcel Stimberg <marcel.stimberg@inserm.fr>,1498081406,+0200,"Remove OS-X package files from repository
",45dd83edc39b30734176b745529bfed0aa64cf33,brian-team_brian2genn
461621b013f3c540da2e82cb1aee5c69c1040e67,9ec75270afbf49e33899b52f13122edf37521da2,['f19770bedd16144594d44d1dcaa69e3e02308c98'],Marcel Stimberg <marcel.stimberg@inserm.fr>,1604413609,+0100,Marcel Stimberg <marcel.stimberg@inserm.fr>,1604413609,+0100,"Correctly take into account external constants in summed variable expressions
",461621b013f3c540da2e82cb1aee5c69c1040e67,brian-team_brian2genn
46672d27af96ba9f12176d877c5a8d2f71d90f0e,1ebf9eabff35e03d67b278506ad1e535b97a33c2,['2061f36e1fc34fad6c268167390c3b1260d8658e'],Thomas Nowotny <t.nowotny@sussex.ac.uk>,1414695077,+0000,Thomas Nowotny <t.nowotny@sussex.ac.uk>,1414695077,+0000,"brian2genn interface that passses the first test.
",46672d27af96ba9f12176d877c5a8d2f71d90f0e,brian-team_brian2genn
46cf44ff035e71a05859588d70ff8c7fc2b3e034,dafb091e1af51988478d1b0186b50d324a9891cb,"['f1dba69eb8df83a7910aceffcccb0084a0349328', '60b2e408a4318620f4a8e2995bf028b7572221bf']",Thomas Nowotny <tn41@inf900324.inf.susx.ac.uk>,1586276813,+0100,Thomas Nowotny <tn41@inf900324.inf.susx.ac.uk>,1586276813,+0100,"Merge branch 'genn_4' of https://github.com/brian-team/brian2genn into genn_4
",46cf44ff035e71a05859588d70ff8c7fc2b3e034,brian-team_brian2genn
46fe3f932709fd8c29be39334af2d0cb1dfe5a97,2e0ffac02ddc7c19c385e72dec0e032f68265901,['e2eed3880dd1ee68b3ac13696beb4194ad726ab5'],Marcel Stimberg <marcel.stimberg@inserm.fr>,1559744352,+0200,Marcel Stimberg <marcel.stimberg@inserm.fr>,1559744352,+0200,"Fix azure configuration syntax
",46fe3f932709fd8c29be39334af2d0cb1dfe5a97,brian-team_brian2genn
4714eb9748cc265a31859e228c239f2dba4dfb24,38c99fc8013d3b08b9f68cb8cbe29da79166c7a9,['a8be91bfd7d998fb4e2c51743b66204affbd95e7'],Marcel Stimberg <marcel.stimberg@inserm.fr>,1641565822,+0100,Marcel Stimberg <marcel.stimberg@inserm.fr>,1641565822,+0100,"Avoid redundant definitions in synapse support code
",4714eb9748cc265a31859e228c239f2dba4dfb24,brian-team_brian2genn
47c8a302b9e79d6e4dafd2bbef0f86f3aa1bef01,ecb65cb6f5801d92a65085c70e0c2a245c3dfc02,['60b26bb2ace37e79e54d62043328b7b0a3fe17e1'],Marcel Stimberg <marcel.stimberg@inserm.fr>,1497873883,+0200,Marcel Stimberg <marcel.stimberg@inserm.fr>,1497873883,+0200,"Avoid conflicts between installed GeNN and GENN_PATH by unsetting GENN_PATH
",47c8a302b9e79d6e4dafd2bbef0f86f3aa1bef01,brian-team_brian2genn
47efcd4c5563b4b9b05cf3fd1d987fb28e7ee043,f1eb0d72235197050de6f87d40fc1cf063feedf2,"['920bd280d2f1f8086cf77bbbf82b5fc6a5c95d1c', 'b200c8d208f51dfe4cb81d9895042bcae92dd537']",dependabot[bot] <49699333+dependabot[bot]@users.noreply.github.com>,1761550188,+0000,GitHub <noreply@github.com>,1761550188,+0000,"Merge b200c8d208f51dfe4cb81d9895042bcae92dd537 into 920bd280d2f1f8086cf77bbbf82b5fc6a5c95d1c
",47efcd4c5563b4b9b05cf3fd1d987fb28e7ee043,brian-team_brian2genn
47f81d288dfb15e6ce32b63b937976990e1f3940,4ca8329de39d69461c50f6811586c0ea30ab8e21,['69a6b48209e4a03df99952b68dc504d9f83e2e32'],Thomas Nowotny <t.nowotny@sussex.ac.uk>,1428939524,+0100,Thomas Nowotny <t.nowotny@sussex.ac.uk>,1428939524,+0100,"Fixed a bug where GeNN CPU mode had the wrong update order for spikegeneratorgroup generated spikes and the neuronFunction.
",47f81d288dfb15e6ce32b63b937976990e1f3940,brian-team_brian2genn
480e3af609f6a3078b300ea7320364be7c7ae4b3,b1e900cb407e7fafb380c54a47bb798c7d187d5a,['02e3a52fa6fcb47f376b6a92447d19efc6b2b536'],Marcel Stimberg <marcel.stimberg@inserm.fr>,1509962251,+0100,Marcel Stimberg <marcel.stimberg@inserm.fr>,1509962251,+0100,"Try to work around a weird issue where Python version is ignored for package builds
",480e3af609f6a3078b300ea7320364be7c7ae4b3,brian-team_brian2genn
48439113cb016baa6666af5687b89c70316be7f7,dcf20cc79f5cdecdaf6bfb3491e111d4c8bf6d15,['f94c47fdcc72c935621afab9ac0c6c92f375c625'],Thomas Nowotny <t.nowotny@sussex.ac.uk>,1443123405,+0100,Thomas Nowotny <t.nowotny@sussex.ac.uk>,1443123405,+0100,"One more attempt
",48439113cb016baa6666af5687b89c70316be7f7,brian-team_brian2genn
4861a197cddb4cc1fd7f71b290884a8c4a6b6b40,b215e051410630d9095a95bab186b6fd8bc1676a,['c34be36b6066e1f9f01835d65ed54f3730da85f0'],Marcel Stimberg <marcel.stimberg@inserm.fr>,1542889309,+0100,Marcel Stimberg <marcel.stimberg@inserm.fr>,1542889309,+0100,"Try another VCTargetsPath
",4861a197cddb4cc1fd7f71b290884a8c4a6b6b40,brian-team_brian2genn
4879a273de0fd2060bb8ddc68d3beeff37fb8cdc,9330d5738ab9bf3e2bc66d82ef29ed7e81b045da,"['ad3458a64d37649d8c5be658a6236ea75aaef0ad', 'd939e754584e6e3bfb8f0a2b0ee4486136040b05']",Marcel Stimberg <marcel.stimberg@inserm.fr>,1561136120,+0200,GitHub <noreply@github.com>,1561136120,+0200,"Merge pull request #87 from brian-team/summed_variables

Support summed variables",4879a273de0fd2060bb8ddc68d3beeff37fb8cdc,brian-team_brian2genn
48a5bc6dc7f401f1a1199f2d8b3917fe73dc9fdc,04e5fdf71a1880e5bc3e9ba7d020a1360ff46e44,['31f6ab42238ddf0b2b2b0f6ef631c9313d2fb031'],Marcel Stimberg <marcel.stimberg@inserm.fr>,1536661028,+0200,Marcel Stimberg <marcel.stimberg@inserm.fr>,1536661028,+0200,"Only raise the warning about an outdated GeNN version once
",48a5bc6dc7f401f1a1199f2d8b3917fe73dc9fdc,brian-team_brian2genn
49b386f3d210faf51b114d409502c101bf496447,28f54c9611b1e9395c56769d5669c35ec6b10a26,['f9e9ea30c7a091f2a4ba2c83768345fa699b9ce6'],Thomas Nowotny <t.nowotny@sussex.ac.uk>,1443548015,+0100,Thomas Nowotny <t.nowotny@sussex.ac.uk>,1443548015,+0100,"Fixed a remaining bug where the timing information wasn't read back into python correctly.
",49b386f3d210faf51b114d409502c101bf496447,brian-team_brian2genn
49faf57f112b56c04712e16b63f9390b12b4dfea,ca56242ef4b41cc9dcedaed8022e1fa58f50d1b0,['dea2832fe36baa76b8dbf1e7faa8034f3e611d49'],Marcel Stimberg <marcel.stimberg@inserm.fr>,1487693107,+0100,Marcel Stimberg <marcel.stimberg@inserm.fr>,1487758505,+0100,"Make sure that Travis tests use the correct Python version
",49faf57f112b56c04712e16b63f9390b12b4dfea,brian-team_brian2genn
49fe075a0ab3ce626124b029d43f042954773303,ace06b9be8e88933a6e772a8609346970f28f61b,"['97a8a747388f18e85973fa574fd83df69885a0ed', 'c30a2df3b8c9ca411f6c8f621b021d9a4bd9a062']",Marcel Stimberg <marcel.stimberg@inserm.fr>,1690542400,+0200,GitHub <noreply@github.com>,1690542400,+0200,"Merge pull request #134 from denisalevi/support_profiling_summary

Support reporting kernel timings via `profiling_summary()`",49fe075a0ab3ce626124b029d43f042954773303,brian-team_brian2genn
4a075c589ec280cf41dc845ac23b44c43255a05b,9e25814ece31b4678e218740883fc7495cb2e06c,['1a930521e126cced2d7429ff62da106992727601'],Marcel Stimberg <marcel.stimberg@inserm.fr>,1498057075,+0200,Marcel Stimberg <marcel.stimberg@inserm.fr>,1498057588,+0200,"Remove a few weird imports and use `find_packages` in setup.py
",4a075c589ec280cf41dc845ac23b44c43255a05b,brian-team_brian2genn
4a9a9ca8bf24fab81d6fae07ce36fcd56af67f90,8d4ef819eb937e7a88e87bf7eb613f682107cacb,"['4cefc253bab7395b19d466504822389aeb15e47f', 'aefe5cc4ccef859971a5e18a9fc8b1dbcfe9e56d']",Marcel Stimberg <marcel.stimberg@inserm.fr>,1649341198,+0200,Marcel Stimberg <marcel.stimberg@inserm.fr>,1649341198,+0200,"Merge remote-tracking branch 'origin/master' into improve_slow_monitor_performance
",4a9a9ca8bf24fab81d6fae07ce36fcd56af67f90,brian-team_brian2genn
4ab4730ba890716de484d462e59f176fae478ef9,94ed14af749e7f77b69e419af824a62bc87bd876,['3fd13ce9e05a8642b7047775352c761ed8836871'],Denis Alevi <mail@denisalevi.de>,1631017979,+0200,Denis Alevi <mail@denisalevi.de>,1631017979,+0200,"Include custom headers in `model.cpp`

Needed for `insert_code` statements which are included in `model.cpp`
and use custom headers.
",4ab4730ba890716de484d462e59f176fae478ef9,brian-team_brian2genn
4acc6822d3fad70a73f14b1b81592393f5ffb032,0a7ab38db0ef1c92bbe6de7a3d83218e590d5fb7,['33e9f4d764ca4263e3b59e6914989f2e1b268450'],Marcel Stimberg <marcel.stimberg@inserm.fr>,1496401834,+0200,Marcel Stimberg <marcel.stimberg@inserm.fr>,1496401834,+0200,"Apply a workaround to avoid a failing cpuinfo import during the conda build test phase

See conda/conda-build#2064 for details
",4acc6822d3fad70a73f14b1b81592393f5ffb032,brian-team_brian2genn
4acccfc5f60a56115ee678812d6f249851e7850e,09c835071e6f1fb6004ec3e8857c6d0ce79450be,['8463e5fabc1950129fa61167eba3f71eaaf49ff8'],Justas Birgiolas <JustasB@users.noreply.github.com>,1539214720,-0700,GitHub <noreply@github.com>,1539214720,-0700,"Update README.md

Changed reference from dev -> master",4acccfc5f60a56115ee678812d6f249851e7850e,brian-team_brian2genn
4c40d3f81d90d0adddf0d6accd1a8c1e1483fac5,66439be85f386a7f7bf8d7dd92043a0dde68c523,['061122c785f5c54ef3c897ce10ca5dc064287e1f'],Thomas Nowotny <t.nowotny@sussex.ac.uk>,1414509323,+0000,Thomas Nowotny <t.nowotny@sussex.ac.uk>,1414509323,+0000,"Small change in the example.
",4c40d3f81d90d0adddf0d6accd1a8c1e1483fac5,brian-team_brian2genn
4c4a5aea5d04e9aadd0f55d9b0c3a1346b400239,4a2a56d814b19bf056627e4ba69c379e9ccdb024,['0c8944b901728ebb55c711cae57f64b36e6c6a27'],Marcel Stimberg <marcel.stimberg@inserm.fr>,1575282322,+0100,Marcel Stimberg <marcel.stimberg@inserm.fr>,1575282351,+0100,"Fix links to GeNN documentation

[ci skip]
",4c4a5aea5d04e9aadd0f55d9b0c3a1346b400239,brian-team_brian2genn
4cd70d55f9582e5d1ea2db571340959b275e8039,8831574b2e6850478cdc8664e381a90a0ba552a0,['0292c09e2d2066782286593accccb5fae36ad6c0'],neworderofjamie <neworderofjamie@gmail.com>,1585857819,+0100,neworderofjamie <neworderofjamie@gmail.com>,1585857819,+0100,"Revert some of automated 2-3 conversions more conservative choices and replaced with six
",4cd70d55f9582e5d1ea2db571340959b275e8039,brian-team_brian2genn
4ce55e0e8d9e6fac748a4ea391ca32ce07548a91,6bee769e9fffd79236cbd94235695f53d54b1fd8,['fc1fbe8b5f94deb37eb9f7dac5642dca5cc1a882'],Marcel Stimberg <marcel.stimberg@inserm.fr>,1496151483,+0200,Marcel Stimberg <marcel.stimberg@inserm.fr>,1496151483,+0200,"...and correct the SHA256 checksum as well (OS X)
",4ce55e0e8d9e6fac748a4ea391ca32ce07548a91,brian-team_brian2genn
4cefc253bab7395b19d466504822389aeb15e47f,4881a41ecc30340255eb395ee35d8141e20f20a2,['f047a03a991e6cc25568ec24ae46cc7fd15a8f44'],Felix B. Kern <kernfel+github@gmail.com>,1642668831,+0900,Felix B. Kern <kernfel+github@gmail.com>,1642669131,+0900,"Pull only the required variables for SM, RR ops

Instead of pulling the entire state of a particular model, we
can just pull the individual variables requested by each
StateMonitor / run_regularly operation.
",4cefc253bab7395b19d466504822389aeb15e47f,brian-team_brian2genn
4cf69146a14b37fbad6b9e43bedbf58f5e37c9be,b4c46830db4086e5b2789afb1715bd702a01efa4,['1c33b8fa75cda8ccf68b6008d62229d80aff9cfa'],Marcel Stimberg <marcel.stimberg@inserm.fr>,1472141608,+0100,Marcel Stimberg <marcel.stimberg@inserm.fr>,1472141947,+0100,"Set the `loop_invariant_optimisations` preference to False automatically when using the `genn` device
",4cf69146a14b37fbad6b9e43bedbf58f5e37c9be,brian-team_brian2genn
4cfea8a22ce70efe4723bcf7fa292a7a917be46b,3cd7b14c8e5a9521b787888adf0b538d552cb053,['c5d842be0f92ce8a9ad71352c67ca98dea47a572'],Thomas Nowotny <t.nowotny@sussex.ac.uk>,1537295234,+0100,Thomas Nowotny <t.nowotny@sussex.ac.uk>,1537295234,+0100,"I exposed the blocksize related preferences in GeNN to Brian2Genn users.
",4cfea8a22ce70efe4723bcf7fa292a7a917be46b,brian-team_brian2genn
4da63141e9f4a6e4785349498e61e61e0ddae589,6f03f99404ed94bac0596e737119180f7f3d4f3c,"['1cfe3f22055a323658e93558e2c7e004e750fb8c', '9ccc0552f9b554c0fb36b2434dcc6f4338451a5f']",Marcel Stimberg <marcel.stimberg@inserm.fr>,1594222948,+0200,GitHub <noreply@github.com>,1594222948,+0200,"Merge pull request #114 from brian-team/fix_shared_variables

Fix shared variables",4da63141e9f4a6e4785349498e61e61e0ddae589,brian-team_brian2genn
4daf55eb09c1c5a2b7f5da91b224202eea490c55,293309fb98813cfa4e12fa2c7477bd785c47b1c8,['756c4fc5f8b2ec57b505626c15fe6375643e1b13'],Marcel Stimberg <marcel.stimberg@inserm.fr>,1476718839,+0200,Marcel Stimberg <marcel.stimberg@inserm.fr>,1476718853,+0200,"Do not fail count NotImplementedError as failures during testing
",4daf55eb09c1c5a2b7f5da91b224202eea490c55,brian-team_brian2genn
4def6a886bb9d93cd2dd69678fecd8e978b45c3e,c678b8f0b99929a05d9eea5e00c8a5a8c77b6cd0,['63be0042cf3bca3d1d1d291502fe97a688db52fa'],neworderofjamie <neworderofjamie@gmail.com>,1587389416,+0100,neworderofjamie <neworderofjamie@gmail.com>,1587389416,+0100,"turn of SDL checks in template
",4def6a886bb9d93cd2dd69678fecd8e978b45c3e,brian-team_brian2genn
4e02032e86b3ebd7c4257cad8bbc06176bf4a60d,c906776fcc6d78c8693fcade1719b92c208ceca6,['6a5c965e1c87fc8dca5e553a6d4ea66c1d6c3135'],Thomas Nowotny <tn41@inf900324.inf.susx.ac.uk>,1594140913,+0100,Thomas Nowotny <tn41@inf900324.inf.susx.ac.uk>,1594140913,+0100,"Spoke too soon - minor fix to actually make the information on state monitor variable type
accessible in the engine.cpp template.
",4e02032e86b3ebd7c4257cad8bbc06176bf4a60d,brian-team_brian2genn
4e209d02b7593d2bc8ad6331038e791d31cf01f8,cff397eaf9e5b8980a982929d5b557daee29d538,['de112ece3c5edd5455a14fa25a4a1827c8dd434c'],Thomas Nowotny <t.nowotny@sussex.ac.uk>,1441229550,+0100,Thomas Nowotny <t.nowotny@sussex.ac.uk>,1441229550,+0100,"Was missing a comma in setup.py which did not process the brian dependency as a result.
",4e209d02b7593d2bc8ad6331038e791d31cf01f8,brian-team_brian2genn
4ecd8b36886ca27c7d1cef9d5108ebe9df10e647,c0c5b8ce7fe7e634fd567f4f3134cbafacbcabf3,"['ad3458a64d37649d8c5be658a6236ea75aaef0ad', '446ed0ecfed9a0d68c9ca2bb7ae7f4ea5153be55']",Thomas Nowotny <t.nowotny@sussex.ac.uk>,1557754401,+0000,GitHub <noreply@github.com>,1557754401,+0000,"Merge 446ed0ecfed9a0d68c9ca2bb7ae7f4ea5153be55 into ad3458a64d37649d8c5be658a6236ea75aaef0ad
",4ecd8b36886ca27c7d1cef9d5108ebe9df10e647,brian-team_brian2genn
4ed0168a0c84e12f68be99196a754393bb53c642,352045709b167e215a07e64cde441d3f20373275,['e07f7aea71e587ee4157de101718ff835bdbca94'],Thomas Nowotny <t.nowotny@sussex.ac.uk>,1441297849,+0100,Thomas Nowotny <t.nowotny@sussex.ac.uk>,1441297849,+0100,Update exclusions.rst,4ed0168a0c84e12f68be99196a754393bb53c642,brian-team_brian2genn
4f0de4d93d0d6b163cf2e8b175b9a6582cf59bde,be4cbf0e9fee049d534de83a180c6666972b896e,['c95a6d5b8d56995d915a2c1efed012110dd6384c'],Marcel Stimberg <marcel.stimberg@inserm.fr>,1478791867,+0100,Marcel Stimberg <marcel.stimberg@inserm.fr>,1479207409,+0100,"Make the ""run_brian_tests"" scrips fail with an error code in case of errors
",4f0de4d93d0d6b163cf2e8b175b9a6582cf59bde,brian-team_brian2genn
4f14a879c59dfe1ce29820fa8ea2e339e4715df4,88feb538bd07a1b0a162345f89b07acb7528cb47,['550b155a0d1dc26e2f0744c6f3266da663d2706c'],Marcel Stimberg <marcel.stimberg@inserm.fr>,1690385940,+0200,Marcel Stimberg <marcel.stimberg@inserm.fr>,1690386132,+0200,"Move tests from azure to GitHub Actions
",4f14a879c59dfe1ce29820fa8ea2e339e4715df4,brian-team_brian2genn
4f4011476173ee2ae26a2279840c54ccf1715246,88d31ed2c2f156cc9e3d3c32b8233434d19ce691,['23555cc76f181a7cc952cf3d1a5ae0e6512c8ef7'],Thomas Nowotny <tn41@inf900324.inf.susx.ac.uk>,1586794350,+0100,Thomas Nowotny <tn41@inf900324.inf.susx.ac.uk>,1586794350,+0100,"Fixed the last test: there was left over code defining replacement arrays from when I
tried to solve the max row length problem without running the full brian initialisation.
I also discovered a large amount of duplicated code in device.py. I removed the duplicate
function definitions and all tests fromt eh brian test suite seem to pass.
",4f4011476173ee2ae26a2279840c54ccf1715246,brian-team_brian2genn
4f84182f9c56a5722e2181bfb50830be9e0c924b,c65f6294da0e4df9240dfc4f90039d1ff49e90b7,['3d84b98358ab4d28430dd201a8b6c6d58eae31d7'],Marcel Stimberg <marcel.stimberg@inserm.fr>,1536666489,+0200,Marcel Stimberg <marcel.stimberg@inserm.fr>,1536666489,+0200,"Use parse_version from pkg_resources

This is part of setuptools and therefore guaranteed to be installed
",4f84182f9c56a5722e2181bfb50830be9e0c924b,brian-team_brian2genn
4f930ce70cc56435d8b14691705032b63fa3bbdc,2e2c0342b9b9bf12cce917f9215edced3a2ef81c,['291ed8bc7198443bb7f5ed001f21b6e5204e7657'],Marcel Stimberg <marcel.stimberg@inserm.fr>,1600873719,+0200,Marcel Stimberg <marcel.stimberg@inserm.fr>,1600875220,+0200,"Store the name of monitor codeobjects instead of hardcoding them

Fixes #120
",4f930ce70cc56435d8b14691705032b63fa3bbdc,brian-team_brian2genn
4fb633451a047d753824c93b34903ed9ea709c00,19ecd1ac8a3b46913bb185c57eb8992941838519,['938e0ba05b7fb55374487bf26305737512e634ba'],Marcel Stimberg <marcel.stimberg@inserm.fr>,1509961803,+0100,Marcel Stimberg <marcel.stimberg@inserm.fr>,1509961803,+0100,"Remove unused ""cask file"" for CUDA on OS X
",4fb633451a047d753824c93b34903ed9ea709c00,brian-team_brian2genn
500f58327095a684162c64cad9baab7a7d0b9444,29d06864b007059bcbe80daefea9747ec663e27f,['5e42d944dd642f50eb416487441dc2037c48e6d2'],Thomas Nowotny <t.nowotny@sussex.ac.uk>,1415224776,+0000,Thomas Nowotny <t.nowotny@sussex.ac.uk>,1415224776,+0000,"Implemented additional elements to allow to run brian2genn on Windows.
Only action necessary by users wanting to do so is to define
an environment variable VS_PATH to contain the path to their
Microsoft Visual C++ installation.
E.g.
>> setx VS_PATH ""C:\Program Files (x86)\Microsoft Visual Studio 10.0""
(don't forgt to restart the shell afterwards)
",500f58327095a684162c64cad9baab7a7d0b9444,brian-team_brian2genn
5024b895811bda383a759d569eb1abafedab2c86,e5d04e9cb93c271b55e895a9fb52c0c099dcc1d8,['b039c0603315d67a8d5af0417297de9ab57fdcc1'],Thomas Nowotny <t.nowotny@sussex.ac.uk>,1443027237,+0100,Thomas Nowotny <t.nowotny@sussex.ac.uk>,1443027237,+0100,"Corrected an error in setup.py.
",5024b895811bda383a759d569eb1abafedab2c86,brian-team_brian2genn
50c2af176616d3ea1424961a78bfad9a87be49c1,c789a63e90c3b5fb9186fa636df013314ead70b8,['1b731276908637b3cfeb3cd94dee18366df7e397'],Marcel Stimberg <marcel.stimberg@inserm.fr>,1498236153,+0200,Marcel Stimberg <marcel.stimberg@inserm.fr>,1498236187,+0200,"Add a few scripts to run/plt benchmarks
",50c2af176616d3ea1424961a78bfad9a87be49c1,brian-team_brian2genn
50e230793f9ed1cbe3ada053539e27e51ea7a474,fd832bbbcfe72249d31dcf3d8e057ed4e6eba61f,['c6a03b2fdb7d83003dcee31c818cbe5972fbef7a'],Thomas Nowotny <t.nowotny@sussex.ac.uk>,1424376534,+0000,Thomas Nowotny <t.nowotny@sussex.ac.uk>,1424376534,+0000,"Implemented spike monitors. It's mostly straightforward, even though some of it may look a bit hacky.
",50e230793f9ed1cbe3ada053539e27e51ea7a474,brian-team_brian2genn
5112d8ff36cb9b15ece2822c28d482f47788faa9,88e759979f71b8cd9af60ba1147fffe43e73a7c1,"['920bd280d2f1f8086cf77bbbf82b5fc6a5c95d1c', 'ede8101f693c7bf9bcbe7b8c2c4457888194fea8']",dependabot[bot] <49699333+dependabot[bot]@users.noreply.github.com>,1757316896,+0000,GitHub <noreply@github.com>,1757316896,+0000,"Merge ede8101f693c7bf9bcbe7b8c2c4457888194fea8 into 920bd280d2f1f8086cf77bbbf82b5fc6a5c95d1c
",5112d8ff36cb9b15ece2822c28d482f47788faa9,brian-team_brian2genn
512ec4d1124671e31b1f41c66640920851c00a61,d62bf9f7ecc971356994a9e4b1527af409fc0974,['839f0162c81599e466c5c42a30eaf809e1361524'],Marcel Stimberg <marcel.stimberg@inserm.fr>,1542710778,+0100,Marcel Stimberg <marcel.stimberg@inserm.fr>,1542710778,+0100,"Remove conda package build from test server scripts
",512ec4d1124671e31b1f41c66640920851c00a61,brian-team_brian2genn
5191c52860a9cdf05c6c2b72e436be109e7fa24c,8c04573ee46e21618ad323cd5b2eb9005f9de1c7,['0efcd180a693082d3fd0138d255671b42c168b5c'],Thomas Nowotny <tn41@inf900324.inf.susx.ac.uk>,1587569615,+0100,Thomas Nowotny <tn41@inf900324.inf.susx.ac.uk>,1587569615,+0100,"Removed unnecessary check for dupolicate synapses in sparse matrices.
",5191c52860a9cdf05c6c2b72e436be109e7fa24c,brian-team_brian2genn
51dc5604abdcb38aad9a0f4c775cc913475b5af5,98e9e3008c5bb398c2a5f4dfe2e6191bf16d63ac,['c07b784efd03cd073c6d559ad1437449906738e0'],Thomas Nowotny <tn41@inf900324.inf.susx.ac.uk>,1587660797,+0100,Thomas Nowotny <tn41@inf900324.inf.susx.ac.uk>,1587660797,+0100,"Some cleanup.
",51dc5604abdcb38aad9a0f4c775cc913475b5af5,brian-team_brian2genn
52dad0c64931f95be4c6c998c0e64ba9399d2bf6,bce8921391bdf582a0a631f3598d37c17b1d2910,['a645ffca66eda9b3b94e5a3c65eaf7acaf330c12'],Marcel Stimberg <marcel.stimberg@inserm.fr>,1602506149,+0200,Marcel Stimberg <marcel.stimberg@inserm.fr>,1602506149,+0200,"Make handling of header files compatible with recent Brian changes

See brian-team/brian2#1238
",52dad0c64931f95be4c6c998c0e64ba9399d2bf6,brian-team_brian2genn
53e5f8c2f126f9c3e9a2aa6819beaf7c1dd7511f,055f2996145df24c420c1b7895b202ced7f6783e,"['aefe5cc4ccef859971a5e18a9fc8b1dbcfe9e56d', 'eaf66c1ddde127149784ff10253a6eeadcbf8593']",Marcel Stimberg <marcel.stimberg@inserm.fr>,1649678758,+0200,GitHub <noreply@github.com>,1649678758,+0200,"Merge pull request #143 from kernfel/improve_slow_monitor_performance

Improve slow monitor performance",53e5f8c2f126f9c3e9a2aa6819beaf7c1dd7511f,brian-team_brian2genn
5412aa2df7fdc6a141d834f478be69fdf32a4637,f43e18c93179b08b1bdb4ac9b0f81588ec730960,"['337d2dd97be78542913a0e4721e0fdd23863a175', '8cf55262bcfdade090ec415fb4a15bd677bc6fb6']",Marcel Stimberg <marcel.stimberg@inserm.fr>,1586371633,+0200,GitHub <noreply@github.com>,1586371633,+0200,"Merge pull request #100 from brian-team/python2to3-translation

Update to support Python 3",5412aa2df7fdc6a141d834f478be69fdf32a4637,brian-team_brian2genn
550b155a0d1dc26e2f0744c6f3266da663d2706c,0c6885844803c4760e69d6abe6ae035866fd7882,"['967c003f6fabcb697390a7127c5f97fd4fbcd5b1', 'aeb687d5bdae15e2be2ea2b136d23377af13cb38']",Marcel Stimberg <marcel.stimberg@inserm.fr>,1688559884,+0200,GitHub <noreply@github.com>,1688559884,+0200,"Merge pull request #147 from brian-team/fix_run_reg_push_state

Fix variable transfer between device and host for run regularly",550b155a0d1dc26e2f0744c6f3266da663d2706c,brian-team_brian2genn
5570f616266512b70c73ef5344ab0c275dc16c71,5fee50afe6b66a628a7771ea846479a2fd0779ae,"['4cd70d55f9582e5d1ea2db571340959b275e8039', '66eb649ac350ac6e6ebd954b9ee5cc4c95cd8660']",neworderofjamie <neworderofjamie@gmail.com>,1585858486,+0100,neworderofjamie <neworderofjamie@gmail.com>,1585858486,+0100,"Merge branch 'master' into python2to3-translation

# Conflicts:
#	brian2genn/genn_generator.py
",5570f616266512b70c73ef5344ab0c275dc16c71,brian-team_brian2genn
5580256d51fce90ed0bb5a73430dadb2cd2dc825,e00004295387f233b22ced141890c8366f2ba50f,['7e9504eb8a5c897b8040cd5a52f4148dbb7c82ec'],Marcel Stimberg <marcel.stimberg@inserm.fr>,1503324042,+0200,Marcel Stimberg <marcel.stimberg@inserm.fr>,1503324862,+0200,"Minor fix to make brian2genn compatible with latest Brian2 master
",5580256d51fce90ed0bb5a73430dadb2cd2dc825,brian-team_brian2genn
56732f6435650a1ecb5f895aaec159335047697d,273e98e521eb5262b0b9e58938631be6fca108ed,['5e6afd28055b6f06612b0b94906f3be6a4764f78'],Thomas Nowotny <tn41@inf900324.inf.susx.ac.uk>,1586469464,+0100,Thomas Nowotny <tn41@inf900324.inf.susx.ac.uk>,1586469464,+0100,"Fixed a problem with synaptic definitions that have multiple connection rules.
",56732f6435650a1ecb5f895aaec159335047697d,brian-team_brian2genn
5691b0fd52fda1f9f3d1af620f32aa00fcb5a0bf,cf1757e9f90f68ed4bff7eff2ba7875da0023957,['2aaf1eba670a2d082897c9dca0a072f6b52c1693'],Marcel Stimberg <marcel.stimberg@inserm.fr>,1471876554,+0100,Marcel Stimberg <marcel.stimberg@inserm.fr>,1471881031,+0100,"Re-introduce the `__host__ __device__` for random functions, erroneously deleted in the previous commit
",5691b0fd52fda1f9f3d1af620f32aa00fcb5a0bf,brian-team_brian2genn
5699a697b61796de63ac43306182992e63ab74e8,5db8524c7629593cf88fed1e24adedfeff236b47,"['d0566383dd70a1d24f881127444d554780eee1e2', 'e87d6445364da41e1082db8e58bfe55a8709d5ef']",Thomas Nowotny <t.nowotny@sussex.ac.uk>,1438612010,+0100,Thomas Nowotny <t.nowotny@sussex.ac.uk>,1438612010,+0100,"Merge branch 'develop' of ssh://github.com/brian-team/brian2genn into develop
",5699a697b61796de63ac43306182992e63ab74e8,brian-team_brian2genn
57793796640540371143481c9c20aadd1d78a278,585dd6c53cdf7ef70a959e333044c10c27004ad0,['96bf5da6eec49d9e07cc45300fec20b732df4e6e'],Marcel Stimberg <marcel.stimberg@inserm.fr>,1586538576,+0200,Marcel Stimberg <marcel.stimberg@inserm.fr>,1586538576,+0200,"Fix problem with missing Network variables in _write_arrays
",57793796640540371143481c9c20aadd1d78a278,brian-team_brian2genn
578f2cad8f8c0f13abfd226cded2a8c1dc3a369b,d6297874001ed5d06e81b7ff0fd751666c78dc69,['5b5b65342ed8f55f25f83c8fc3f28b18eaf50eb1'],Marcel Stimberg <marcel.stimberg@inserm.fr>,1479147025,+0100,Marcel Stimberg <marcel.stimberg@inserm.fr>,1479207482,+0100,"Explicitly set the `SIM_CODE` variable in the make files
",578f2cad8f8c0f13abfd226cded2a8c1dc3a369b,brian-team_brian2genn
57b0ecaddfe0e6f6e23c53f080402331317978f1,335f6d203b637070b542994b80082af2bfb19282,"['4879a273de0fd2060bb8ddc68d3beeff37fb8cdc', '075980c9ce5310ca2d968d8d526b74e23893a829']",Marcel Stimberg <marcel.stimberg@inserm.fr>,1567164268,+0200,GitHub <noreply@github.com>,1567164268,+0200,"Merge pull request #92 from brian-team/fix_functions_in_summed

[MRG] Properly translate syntax and function calls in summed variable expressions",57b0ecaddfe0e6f6e23c53f080402331317978f1,brian-team_brian2genn
58add7f2ee399c6a58422c4598b1ae2d56b25cd9,310eebbd55305d5e61c1f781c73b81bf188468a7,['f258d11d703f557a4cbd9e7654959dc13108a4a0'],Marcel Stimberg <marcel.stimberg@inserm.fr>,1472052440,+0100,Marcel Stimberg <marcel.stimberg@inserm.fr>,1472052440,+0100,"Fix the recorded neuron index for `SpikeMonitor` recording from a subgroup (should be relative not absolute)
",58add7f2ee399c6a58422c4598b1ae2d56b25cd9,brian-team_brian2genn
58db9c9f88c6436c2d76498550a3600bf0d9c8f1,87f0733c3f636b64937ad21873fdaefc41cec3bd,"['b6d94937771d4e0d967cbc93806455cb30dba8cf', 'bae4692a16bbe95a4297ea51e785139a59f4bc45']",Marcel Stimberg <marcel.stimberg@inserm.fr>,1535732564,+0200,GitHub <noreply@github.com>,1535732564,+0200,"Merge pull request #65 from denisalevi/master

Fix `_last_run_time` recording",58db9c9f88c6436c2d76498550a3600bf0d9c8f1,brian-team_brian2genn
5921a033a446df263d88e33e06937e5029eea251,0461916107ba43a09659c0589f4f3d58dfceedf3,['d149946cd7c2013bbff0489ef74eef1dac2ff3ac'],Marcel Stimberg <marcel.stimberg@inserm.fr>,1536841369,+0200,Marcel Stimberg <marcel.stimberg@inserm.fr>,1536842123,+0200,"Use simple_example.py for debugging on Windows
",5921a033a446df263d88e33e06937e5029eea251,brian-team_brian2genn
59941b556b1a05b6fd55f28d15e47bc8b0ac6700,a948c09a07f33c7d0496227ead930ec126088984,['9259a9a4d20c219534b72b39003132687a4ce8af'],Marcel Stimberg <marcel.stimberg@inserm.fr>,1509979727,+0100,Marcel Stimberg <marcel.stimberg@inserm.fr>,1509979920,+0100,"Always build conda packages (i.e., not only for releases) for easier testing
",59941b556b1a05b6fd55f28d15e47bc8b0ac6700,brian-team_brian2genn
59bd85ea01ea0a6e52d6d5233b787f4e19c0b30e,ad299f9fb827ed9ec4d88e93122ff36b1ac419d6,['e48dc495f4c9ed56c788e70c267ae3fbd9d50537'],Thomas Nowotny <t.nowotny@sussex.ac.uk>,1500054445,+0100,Thomas Nowotny <t.nowotny@sussex.ac.uk>,1500054445,+0100,"Introduced more fine-grained benchmarking to genn. This would have to be matched with something similar for cpp_standalone if we want to compare like with like.
",59bd85ea01ea0a6e52d6d5233b787f4e19c0b30e,brian-team_brian2genn
5a43f9a716406cfe740fe89e728c68148a4755d7,547b5d340cb8c579991116357a7ea72a3804a83a,['b661baeb42fda9df90d32da7b4def07dffc863f0'],Marcel Stimberg <marcel.stimberg@inserm.fr>,1543400010,+0100,Marcel Stimberg <marcel.stimberg@inserm.fr>,1543400010,+0100,"Update badge to use organization account
",5a43f9a716406cfe740fe89e728c68148a4755d7,brian-team_brian2genn
5ae866ce79a7e1e9f6913e98b0d863a158db2c87,7d3fa8048231da66f808db14285ef399ca4e0ccc,['219f83f1f48aedbd10a4014b6be26b93974d139e'],Marcel Stimberg <marcel.stimberg@inserm.fr>,1487693268,+0100,Marcel Stimberg <marcel.stimberg@inserm.fr>,1487759897,+0100,"Fix code for neuron groups without threshold
",5ae866ce79a7e1e9f6913e98b0d863a158db2c87,brian-team_brian2genn
5b5b65342ed8f55f25f83c8fc3f28b18eaf50eb1,f513a929b027bc5a3056e72c1957fa8dd994fe64,['28fd64d23db328c547ed34191119733500507c57'],Marcel Stimberg <marcel.stimberg@inserm.fr>,1479146136,+0100,Marcel Stimberg <marcel.stimberg@inserm.fr>,1479207482,+0100,"Add a necesary linker flag for randomkit on Windows
",5b5b65342ed8f55f25f83c8fc3f28b18eaf50eb1,brian-team_brian2genn
5b75dbdd8e17d82931cc8415f2d500031daf6082,65a63ddbd8c85e4695b6eee6219f7c92dca50367,['f5e351fe3bc1bf5e8b27dc29c7d9c02b1ae0bdd3'],neworderofjamie <J.C.Knight@sussex.ac.uk>,1559641935,+0100,neworderofjamie <J.C.Knight@sussex.ac.uk>,1559641935,+0100,"Revert ""random generators should no longer need 'fixing'""

This reverts commit 9ac0780b28eb3da9d397fc764fe2fbf003b6de94.
",5b75dbdd8e17d82931cc8415f2d500031daf6082,brian-team_brian2genn
5bac67ab199afba48e5c764ddd14281f96bf0797,9ad08d7641ff4d67f3f1803380b2ce91f09118c6,['09a25030b34766a7fc7b5678d90d9fd40167faa4'],Marcel Stimberg <marcel.stimberg@inserm.fr>,1534526896,+0200,Marcel Stimberg <marcel.stimberg@inserm.fr>,1534859890,+0200,"Raise a NotImplementedError when profiling information is requested

(Otherwise Brian's profiling test will be counted as a failure)
",5bac67ab199afba48e5c764ddd14281f96bf0797,brian-team_brian2genn
5c6542b708bb553f32b9d74e3faf25a9d6990e65,3bbe7b0d4a493af4525efbae876bad0d9c5f8a13,['b495a2691b3f065f7f22ba566276864a4ca9ff94'],Marcel Stimberg <marcel.stimberg@inserm.fr>,1542811360,+0100,Marcel Stimberg <marcel.stimberg@inserm.fr>,1542811360,+0100,"Working directory seems to be block specific
",5c6542b708bb553f32b9d74e3faf25a9d6990e65,brian-team_brian2genn
5c9ca0c6a2085c9924eef2ef582daa3f19860a52,cdcc773471cdbeeaeafdecf8abf7aee138f42ed8,"['a63f88c95e3f3efd5efae5bb083f31e370b2ca20', 'feaa8bc90cf927718e5ed2c53ccdbad38447d629']",Thomas Nowotny <t.nowotny@sussex.ac.uk>,1530635536,+0100,Thomas Nowotny <t.nowotny@sussex.ac.uk>,1530635536,+0100,"Merge branch 'master' into benchmarking
",5c9ca0c6a2085c9924eef2ef582daa3f19860a52,brian-team_brian2genn
5cbbeca80419360a8bcdfd77354e3cc09c8be2ae,885ffc0f498c3d81d3f5d784339d4be8701ccbad,['a308dc4c229555baeb457afbfad9feafa072bf58'],Thomas Nowotny <t.nowotny@sussex.ac.uk>,1415287202,+0000,Thomas Nowotny <t.nowotny@sussex.ac.uk>,1415287202,+0000,"Also moved Makefile to GNUmakefile.
",5cbbeca80419360a8bcdfd77354e3cc09c8be2ae,brian-team_brian2genn
5cd009b9d797de94256a7efda0e5caea262db580,4ed7fae888a8f0685619f5e3a1eac20a8a31e74c,['832ea8e1773ffe0d6219d256ef1c0eb7bd96227e'],Marcel Stimberg <marcel.stimberg@inserm.fr>,1472223156,+0100,Marcel Stimberg <marcel.stimberg@inserm.fr>,1472223156,+0100,"Remove the (non-functional) `AUTO` option for connectivity
",5cd009b9d797de94256a7efda0e5caea262db580,brian-team_brian2genn
5cef00e3c7dbf5ad2e1d8a6365767aaa08742f74,2239107c998fc37c5d3b70f4e59f1a689487eaed,['4f4011476173ee2ae26a2279840c54ccf1715246'],Marcel Stimberg <marcel.stimberg@inserm.fr>,1586865777,+0200,Marcel Stimberg <marcel.stimberg@inserm.fr>,1586865777,+0200,"Use 4_2_0_release branch for testing
",5cef00e3c7dbf5ad2e1d8a6365767aaa08742f74,brian-team_brian2genn
5e0af606bfa3f1df4aa30888506f6088a50b4f6b,c0b29b8c8f9857a3220196728d3f85de73eb9384,['b540aa185a430dbd898e81e13f518326529f2096'],Marcel Stimberg <marcel.stimberg@inserm.fr>,1497627986,+0200,Marcel Stimberg <marcel.stimberg@inserm.fr>,1497627986,+0200,"***** Release brian2genn 0.9rc4 *****
",5e0af606bfa3f1df4aa30888506f6088a50b4f6b,brian-team_brian2genn
5e42d944dd642f50eb416487441dc2037c48e6d2,97ac532db749d7b8f2e4c4540a3d93e587ef5031,['84dbfaaf427813be8a5948acb04e5ffe84f82799'],thesamovar <dan.goodman@ens.fr>,1414716738,+0000,thesamovar <dan.goodman@ens.fr>,1414716738,+0000,Updated ignore,5e42d944dd642f50eb416487441dc2037c48e6d2,brian-team_brian2genn
5e6afd28055b6f06612b0b94906f3be6a4764f78,38fb6e2953fb2f2218a82f8d60bc3ca1df3df533,['a4fae28978a7e0b2da2567c67e347607403dff44'],Thomas Nowotny <tn41@inf900324.inf.susx.ac.uk>,1586453747,+0100,Thomas Nowotny <tn41@inf900324.inf.susx.ac.uk>,1586453747,+0100,"Alternative attemot trying to do a dry run of the full initilisation phase of the eventual run within the genn-buildmode phase.
",5e6afd28055b6f06612b0b94906f3be6a4764f78,brian-team_brian2genn
5efbcc717dd6964e260aec3e60f28624eaa3c9d9,d9da88372d6a432403772858b9dcf33134763579,['a19f7123c062f8a4287b7cc0961e5f547addeea0'],Thomas Nowotny <t.nowotny@sussex.ac.uk>,1441832672,+0100,Thomas Nowotny <t.nowotny@sussex.ac.uk>,1441832672,+0100,"Now making compiler flags customizable through brian preferences and implemented the interface to GeNN ""cpu_only"" mode. This canbe useful on non-CUDA computers.
",5efbcc717dd6964e260aec3e60f28624eaa3c9d9,brian-team_brian2genn
5f646a4728fe464473816a3d2f5738ce1557b207,50414358c5c06fd5bf28231a5630a3cab1827289,['a025618b1bb89dc0d1a1f37cc4264463b7f88fd5'],Marcel Stimberg <marcel.stimberg@inserm.fr>,1474995100,+0200,Marcel Stimberg <marcel.stimberg@inserm.fr>,1474995100,+0200,"Raise a NotImplementedError for reference to pre-synaptic variables in on_pre or post-synaptic variables in on_post
Fixes #28
",5f646a4728fe464473816a3d2f5738ce1557b207,brian-team_brian2genn
5f83f9a12b0401989258d28a7ffd4c08c006b9ee,2fa0851c538eac788579970cafb71fea5e0b2f68,['0553cafeab49ea5403c0230411035df504d4db06'],Marcel Stimberg <marcel.stimberg@inserm.fr>,1485278671,+0100,Marcel Stimberg <marcel.stimberg@inserm.fr>,1485278671,+0100,"Do not allow codeobjects after the run
E.g. setting variables or using StateMonitor.record_single_timestep()
",5f83f9a12b0401989258d28a7ffd4c08c006b9ee,brian-team_brian2genn
5f844d00a172a30d46882c2477228cc37f573754,85a15180beea6e282e7a2c9ef185434d655654ee,['d76149f1841010365c2600cf1da685b7fcbedd47'],Marcel Stimberg <marcel.stimberg@inserm.fr>,1631030050,+0200,Marcel Stimberg <marcel.stimberg@inserm.fr>,1631030050,+0200,"Test on Python 3.7 + 3.9 instead of 3.6 + 3.8
",5f844d00a172a30d46882c2477228cc37f573754,brian-team_brian2genn
5f96c23adc4a3d579b58a21ec25ae6493634865e,64fc555d9c97023fb4ff1764caf33dbe0e15cd56,['4321dcd27702d440d2d5d0a100452c9c45d9022a'],Marcel Stimberg <marcel.stimberg@inserm.fr>,1496076785,+0200,Marcel Stimberg <marcel.stimberg@inserm.fr>,1496076799,+0200,"Try a different OS X version...
",5f96c23adc4a3d579b58a21ec25ae6493634865e,brian-team_brian2genn
5f9ba00ad351d946704c2077082bcf31d7912bdd,8951a696fc6a416a3a8a897d26a6c2693d6a26da,['5580256d51fce90ed0bb5a73430dadb2cd2dc825'],Marcel Stimberg <marcel.stimberg@inserm.fr>,1509196839,+0200,Marcel Stimberg <marcel.stimberg@inserm.fr>,1509196839,+0200,"Fix convert_dynamic_arrays_2_sparse_synapses for variables of varying types

The `bypre` variable was supposed to be shared between all function
calls by being defined as static, but since it is a templated function,
this sharing was only across variables of the same type.
",5f9ba00ad351d946704c2077082bcf31d7912bdd,brian-team_brian2genn
5fa4ac25d50d8ac77213038502ac71d6895fc50d,69bfeeebc614373df89a5409cc18241c3d5a64ca,['110acd2421e15a03851fa607687497bafa5b56a6'],Thomas Nowotny <t.nowotny@sussex.ac.uk>,1441282743,+0100,Thomas Nowotny <t.nowotny@sussex.ac.uk>,1441282743,+0100,"dded brian2 dependency back into setup.py
",5fa4ac25d50d8ac77213038502ac71d6895fc50d,brian-team_brian2genn
60b26bb2ace37e79e54d62043328b7b0a3fe17e1,68555409a9c15b66532eb5e218c0f1b05da13a6a,['0ae131a497d85024923c57630c1925e32c553d94'],Marcel Stimberg <marcel.stimberg@inserm.fr>,1497859728,+0200,Marcel Stimberg <marcel.stimberg@inserm.fr>,1497859728,+0200,"***** Release brian2genn 1.0rc3 *****
",60b26bb2ace37e79e54d62043328b7b0a3fe17e1,brian-team_brian2genn
60b2e408a4318620f4a8e2995bf028b7572221bf,366316e676d125e23f0ea1f47732f04e1573d009,['dfa51c20b9db062d9c11a30de9628228286739d1'],neworderofjamie <neworderofjamie@gmail.com>,1586272975,+0100,neworderofjamie <neworderofjamie@gmail.com>,1586272975,+0100,"Updated templated to pass max row and col to correct function
",60b2e408a4318620f4a8e2995bf028b7572221bf,brian-team_brian2genn
60cb1faad74ad72998e69e6527297fd696cf3d92,0522c304b6f197ac5c7041229b6c48d03b83b8ac,['40106e4ced6234088a16e0599771b4fc46549376'],Marcel Stimberg <marcel.stimberg@inserm.fr>,1497542173,+0200,Marcel Stimberg <marcel.stimberg@inserm.fr>,1497542173,+0200,"Replace anaconda token in travis.yml
",60cb1faad74ad72998e69e6527297fd696cf3d92,brian-team_brian2genn
60ec13d417a365b5e86e31001bb8032c2252722f,92fe505b0b4b037366126689238a15bd8df15a54,['1cba8cf1de5c59f1bcef4d704cd9e0b68a101f4c'],Marcel Stimberg <marcel.stimberg@inserm.fr>,1542906055,+0100,Marcel Stimberg <marcel.stimberg@inserm.fr>,1542906055,+0100,"Set VCTargetsPath
",60ec13d417a365b5e86e31001bb8032c2252722f,brian-team_brian2genn
611724de15da0d2b1d5d9c9b7ea124885bac235b,b5b9ac85ac1a48552755661284f35b02ecfab79c,['a234fd9ea455937d6835ccea392bdc969eff7a31'],Marcel Stimberg <marcel.stimberg@inserm.fr>,1488903240,+0100,Marcel Stimberg <marcel.stimberg@inserm.fr>,1488903240,+0100,"Update refractory state in the absence of a reset statement
",611724de15da0d2b1d5d9c9b7ea124885bac235b,brian-team_brian2genn
61d29f7aff4f1c1d5fcdb66c22e09e20f2a9922c,27420a879778b569ae9adad124db888de08ceb7f,['e3023022470542aad0c697a17d7a43a24a905b57'],neworderofjamie <neworderofjamie@gmail.com>,1556099813,+0100,neworderofjamie <neworderofjamie@gmail.com>,1556099813,+0100,"fixed warning about ``delaySteps`` in model
",61d29f7aff4f1c1d5fcdb66c22e09e20f2a9922c,brian-team_brian2genn
623a89ab109e90c536e9c58b01a2db70b56b1f32,a4219cb745d4934b99a4352cfeb53330b3c3f747,['825f76d834d60d6dc39e77c7f9f43a1e4ecdc284'],Marcel Stimberg <marcel.stimberg@inserm.fr>,1496137656,+0200,Marcel Stimberg <marcel.stimberg@inserm.fr>,1496137656,+0200,"Avoid time out in CUDA install (OS X)
",623a89ab109e90c536e9c58b01a2db70b56b1f32,brian-team_brian2genn
624a52ca95accf35fcff40caf41422ac85ded181,250a180427b77e1fd89a8fb6deff73fe3cb92a00,['9cc437f5e07d5fc36419559efc1158b4a4021d87'],Marcel Stimberg <marcel.stimberg@inserm.fr>,1497519782,+0200,Marcel Stimberg <marcel.stimberg@inserm.fr>,1497519782,+0200,"Add tokens for upload to pypi
",624a52ca95accf35fcff40caf41422ac85ded181,brian-team_brian2genn
62505668caf0660f3b902433ac28e1c213ea9713,f6f5a38a8fb2b04cfeebd176e2ad47e12c9dd44a,['5c9ca0c6a2085c9924eef2ef582daa3f19860a52'],Thomas Nowotny <t.nowotny@sussex.ac.uk>,1532628262,+0100,Thomas Nowotny <t.nowotny@sussex.ac.uk>,1532628262,+0100,"iI fixed up the MB example. Turns out the Traub and Miles Model was slightly shifted in its parameters for (in)activation curves by 2mV compared to the one we are using in the COBAHH example; the latter is mor stable and NaNs disappear.
",62505668caf0660f3b902433ac28e1c213ea9713,brian-team_brian2genn
62f039e93ae76dd636d97534873b75f13b6d7d15,7e9b3cb9f05d7c891687dd738fc7635e6dfd9612,['e7a17ca3cdad2d7fbd9b4248adff7d7950361cf1'],Marcel Stimberg <marcel.stimberg@inserm.fr>,1542989720,+0100,Marcel Stimberg <marcel.stimberg@inserm.fr>,1542989720,+0100,"Add a git fetch for tags
",62f039e93ae76dd636d97534873b75f13b6d7d15,brian-team_brian2genn
632c4ac91f8fe096a3553e4adcec532f2c2ebc54,16313191939d6b2f0d5749d01e5f784528c1dc27,['b06059accb4c843fdefa93dbc6b4d668c801fb96'],thesamovar <dan.goodman@ens.fr>,1414685490,+0000,thesamovar <dan.goodman@ens.fr>,1414685490,+0000,Ignore non-synaptic variables,632c4ac91f8fe096a3553e4adcec532f2c2ebc54,brian-team_brian2genn
63be0042cf3bca3d1d1d291502fe97a688db52fa,f906e2bf639f9ccaa07d4c18054e1ec5a06e27ae,['275175af4d38c91564e6c0f8a3c6af8cccc3f406'],neworderofjamie <neworderofjamie@gmail.com>,1587377881,+0100,neworderofjamie <neworderofjamie@gmail.com>,1587377881,+0100,"less aggressive warning level, disable CRT deprecations as errors and fix issues with include paths and filenames
",63be0042cf3bca3d1d1d291502fe97a688db52fa,brian-team_brian2genn
6422dabd2dc3a5a94b3ee83607ca2333f6c9a3c8,1b367e8d9b45c0a0d16e0740db396ea0b2887e7d,['b64c7ee936fc713cd1181d961371dbefae54f480'],Marcel Stimberg <marcel.stimberg@inserm.fr>,1559746221,+0200,Marcel Stimberg <marcel.stimberg@inserm.fr>,1559746221,+0200,"On Azure: always use GeNN 3.3 for now
",6422dabd2dc3a5a94b3ee83607ca2333f6c9a3c8,brian-team_brian2genn
646fb55eba5bbf048cc03db7cd8064be62709c47,9de2289e099592b4788ddeb52ca19343229ee764,['f80b924c1ac3456297301ccf247bc983c323b028'],Marcel Stimberg <marcel.stimberg@inserm.fr>,1690388688,+0200,Marcel Stimberg <marcel.stimberg@inserm.fr>,1690388688,+0200,"ignore version file
",646fb55eba5bbf048cc03db7cd8064be62709c47,brian-team_brian2genn
64a60ebf1b44c8628a9587fe1c25908ed784b660,df8ff229e4810bbe90b3c127aaf2d8980b806cd7,['992c0f5acc18bcd5a649507ce3c9a1bb559bf04b'],Marcel Stimberg <marcel.stimberg@inserm.fr>,1550049930,+0100,Marcel Stimberg <marcel.stimberg@inserm.fr>,1550049930,+0100,"Do not update conda before testing

Hoping the recent build failures on Windows are due to changes in conda
",64a60ebf1b44c8628a9587fe1c25908ed784b660,brian-team_brian2genn
64cdfab433783dec7894071d28decbd23a480fc1,b5b5a16a6d80a3d8be9fdf8597eb6d256cb044eb,['6b6fa8831fc4db10bb292c5e96ba46b371dd8ae3'],Marcel Stimberg <marcel.stimberg@inserm.fr>,1536156113,+0200,Marcel Stimberg <marcel.stimberg@inserm.fr>,1536156113,+0200,"For backwards compatibility, set lastspike manually to -1e4 if it is -inf
",64cdfab433783dec7894071d28decbd23a480fc1,brian-team_brian2genn
64ffd9ca5647ab9312aaf8bcaef51bee11625baf,9efd3b7ca29677720d42637051901338ea0c2561,['2f2e297689712de9928c1ae7dc5d54aeb0436644'],Marcel Stimberg <marcel.stimberg@inserm.fr>,1536148888,+0200,Marcel Stimberg <marcel.stimberg@inserm.fr>,1536149236,+0200,"travis: Use C++ compiler from conda packages and install most recent Brian2 from git
",64ffd9ca5647ab9312aaf8bcaef51bee11625baf,brian-team_brian2genn
6556f3f4cffa2257c370617d265c74073cb0e025,449257a7cfddf676c9dc074ee1b7f8fa51930fb0,"['4084a72c29d1e5cd588dcb6a5a7e53312b5394da', 'fb32a2258d7b0e1a1e54e4b62e3f5ef6d54bbc49']",Thomas Nowotny <t.nowotny@sussex.ac.uk>,1495471851,+0100,GitHub <noreply@github.com>,1495471851,+0100,"Merge pull request #52 from brian-team/compatibility_changes

[MRG] Compatibility changes",6556f3f4cffa2257c370617d265c74073cb0e025,brian-team_brian2genn
655a5d69f5b808dbe63259e67ed736b7666d3229,f74c821f6d6483b34fc3514be5f948f37d409e43,['2f333270431c9f83924910710f417203c6d859cc'],Thomas Nowotny <t.nowotny@sussex.ac.uk>,1438371566,+0100,Thomas Nowotny <t.nowotny@sussex.ac.uk>,1438371566,+0100,"Update brian2genn to reflect recent changes to spike monitors in brian2 (issues #510, #498). Some of it is an untested hack - I expect anything monitoring not t or i to fail (at the very least the declaration with var.dtype should fail).
Need to improve on that.
",655a5d69f5b808dbe63259e67ed736b7666d3229,brian-team_brian2genn
655d7a7bc5d6c5082cd4879faa072b04330d1710,28c08393683091b69e20785b3a40a31155024e12,['d5c0ac7a50f80e4fb91f8f50b02232f9f2b378ff'],Thomas Nowotny <tn41@inf900324.inf.susx.ac.uk>,1587744991,+0100,Thomas Nowotny <tn41@inf900324.inf.susx.ac.uk>,1587744991,+0100,"Combined the run calls for arrays and generators into one list as they *can* (arguably *should*) be run in the sequence they were created.
",655d7a7bc5d6c5082cd4879faa072b04330d1710,brian-team_brian2genn
65600abb9142764c285a9a66ec7c823e245d26eb,ea544d7ea4a6f47b5ab11cf328c6959bf6e35188,['dd9296de7058127e6bd5ac5490630fe3d5d1a2a6'],Marcel Stimberg <marcel.stimberg@inserm.fr>,1542969207,+0100,Marcel Stimberg <marcel.stimberg@inserm.fr>,1542969207,+0100,"Try using the same test task for all platforms
",65600abb9142764c285a9a66ec7c823e245d26eb,brian-team_brian2genn
6578d674a563be9d3ad18860b47d76c19f8c2ff9,10b71cd03a66d84872182be8437355a82ec2ecc2,['2e528639309964b666d2a3d9ac31ffef949a4791'],Thomas Nowotny <t.nowotny@sussex.ac.uk>,1440693737,+0100,Thomas Nowotny <t.nowotny@sussex.ac.uk>,1440693737,+0100,"Removed debug print of the Subgroup __dict__ in device.py.
",6578d674a563be9d3ad18860b47d76c19f8c2ff9,brian-team_brian2genn
658e1cf0f11739b06b45bd2d6a7938dade7e0ebf,3ceb697fd2fd23bb0c675c76602d12455681000f,['1c0fb5c14c5e8cc66370fc864b176a381fc1d124'],Marcel Stimberg <marcel.stimberg@inserm.fr>,1496159180,+0200,Marcel Stimberg <marcel.stimberg@inserm.fr>,1496159180,+0200,"Move back cuda_toolkit.rb to the scripts directory (OS X)
",658e1cf0f11739b06b45bd2d6a7938dade7e0ebf,brian-team_brian2genn
65b652bd12c8b2d3c8b6c85a6f1c52d5c104c6f7,20d7470b440b6532a6f463a4800f692bf7eaf3ea,['8c6da48b3aeec9dfdbf30dc0fd5c7c517e8aecc7'],Thomas Nowotny <tn41@m011322.inf.susx.ac.uk>,1535134393,+0100,Thomas Nowotny <tn41@m011322.inf.susx.ac.uk>,1535134393,+0100,"Here ies the benchmark with p=1000/n_neuron and ei=we=0. I ran it on my old mac and it looks promising.

 Please enter the commit message for your changes. Lines starting
",65b652bd12c8b2d3c8b6c85a6f1c52d5c104c6f7,brian-team_brian2genn
65e7c87662a2ea6e4d20f1d8ed045585694a5f95,2a375915ee1133b90e8007b8740c3b0fd11acc74,"['5f844d00a172a30d46882c2477228cc37f573754', 'd639dfd8b3a1734eb7a0a46bbb83388852d49d38']",Denis Alevi <mail@denisalevi.de>,1631103727,+0200,GitHub <noreply@github.com>,1631103727,+0200,"Merge d639dfd8b3a1734eb7a0a46bbb83388852d49d38 into 5f844d00a172a30d46882c2477228cc37f573754
",65e7c87662a2ea6e4d20f1d8ed045585694a5f95,brian-team_brian2genn
65fd6066cef6a7832fcee66bfef13efd8c110f34,26f0f886d2d2f57a5dd464076d1757c78a6daf20,['9ef731122f9c0c34fd7388a688f046e646ef1fb1'],Marcel Stimberg <marcel.stimberg@inserm.fr>,1542709697,+0100,Marcel Stimberg <marcel.stimberg@inserm.fr>,1542709697,+0100,"Delete genn submodule (we no longer ship GeNN with Brian2GeNN)
",65fd6066cef6a7832fcee66bfef13efd8c110f34,brian-team_brian2genn
6664bbd8a781e168d07ec61210360feaeb55014c,4ba3aeee73cda300fb58dd6d1b238f547390d5ef,['c92a2f8f5edfd812c37d55c8eca6f912af747161'],Marcel Stimberg <marcel.stimberg@inserm.fr>,1497372183,+0200,Marcel Stimberg <marcel.stimberg@inserm.fr>,1497372183,+0200,"Don't install GNU make on Windows (we use Microsoft's nmake)
",6664bbd8a781e168d07ec61210360feaeb55014c,brian-team_brian2genn
66eb649ac350ac6e6ebd954b9ee5cc4c95cd8660,4a2a56d814b19bf056627e4ba69c379e9ccdb024,['4c4a5aea5d04e9aadd0f55d9b0c3a1346b400239'],Marcel Stimberg <marcel.stimberg@inserm.fr>,1575282834,+0100,Marcel Stimberg <marcel.stimberg@inserm.fr>,1575282834,+0100,"Ignore: Empty commit to trigger doc build

[ci skip]
",66eb649ac350ac6e6ebd954b9ee5cc4c95cd8660,brian-team_brian2genn
6740049633502548d043ab3a3d0102c23860e026,4069ab6f47a5d2f42602b1ec2d3dd872f2d1ef98,['e877ae82fedab6fa640e55e8b46f923199c36afb'],Felix B. Kern <kernfel+github@gmail.com>,1643006655,+0900,Felix B. Kern <kernfel+github@gmail.com>,1643006655,+0900,"Added support for RNG seeding.

I am seeding both the gennrand/cuda RNG for use on device,
and the randomkit RNG for use on host.
",6740049633502548d043ab3a3d0102c23860e026,brian-team_brian2genn
67d0337b9d2385762c0239e1280e803a2f78e70a,aa6ca4aac1210e51c762ae977cbab78f97ec01ae,['3b043d567d6b8cb59d8a79032bc7187ca7f38a88'],Marcel Stimberg <marcel.stimberg@inserm.fr>,1497285100,+0200,Marcel Stimberg <marcel.stimberg@inserm.fr>,1497285100,+0200,"Prepare the upload of files to PyPI/Anaconda.org
",67d0337b9d2385762c0239e1280e803a2f78e70a,brian-team_brian2genn
67d7b9a8ab06207029d4a17ae41e40f33c7269f1,4403372426def11fadc0bc6ce4637e96c6e7043a,['b9e87b0422dc5e08d1ceaca6bd9d84298fbfc06b'],Marcel Stimberg <marcel.stimberg@inserm.fr>,1586428060,+0200,Marcel Stimberg <marcel.stimberg@inserm.fr>,1586428060,+0200,"Update MANIFEST.in to ignore azure configuration
",67d7b9a8ab06207029d4a17ae41e40f33c7269f1,brian-team_brian2genn
67dd275c91f59c8edeae0e15bbb56326082b5fb6,0cef707b83668e6f89f588435dbe6936d8b88ad6,['b2c6acc1889cdb833ea9c5e347f63f791348e2d7'],Marcel Stimberg <marcel.stimberg@inserm.fr>,1539267687,+0200,Marcel Stimberg <marcel.stimberg@inserm.fr>,1539267687,+0200,"Correct instructions for multiple independent runs in the documentation

Fixes #76
[ci skip]
",67dd275c91f59c8edeae0e15bbb56326082b5fb6,brian-team_brian2genn
68129628326fa9cca9285695d06e4d5000d41299,165d2d8e577cd96577e513d902739e2808cbf77a,"['7a74eee6ef472de5a67531e06b089564d5f1da51', '96bf5da6eec49d9e07cc45300fec20b732df4e6e']",Thomas Nowotny <tn41@inf900324.inf.susx.ac.uk>,1586535667,+0100,Thomas Nowotny <tn41@inf900324.inf.susx.ac.uk>,1586535667,+0100,"Merge branch 'genn_4_alt' of https://github.com/brian-team/brian2genn into genn_4_alt
",68129628326fa9cca9285695d06e4d5000d41299,brian-team_brian2genn
699c565ab1419fb83a013ff5e6957f71c861fbae,b336c5a6a48751522e6a27a886a339573dad0c3a,"['0fe72fbe0eb77a46bf704fb7f696924fc3ff0d5e', '9314b8cf2870807dd815812df0773e006a53bb21']",Thomas Nowotny <t.nowotny@sussex.ac.uk>,1435225723,+0100,Thomas Nowotny <t.nowotny@sussex.ac.uk>,1435225723,+0100,"Merge branch 'develop' of ssh://github.com/brian-team/brian2genn into develop
",699c565ab1419fb83a013ff5e6957f71c861fbae,brian-team_brian2genn
69a6b48209e4a03df99952b68dc504d9f83e2e32,1fc97e68a19cf967b85e78aa1598ec357223802a,['25efdf033ee83688fb63f611c9c67b0ccc78eab2'],Thomas Nowotny <t.nowotny@sussex.ac.uk>,1428698384,+0100,Thomas Nowotny <t.nowotny@sussex.ac.uk>,1428698384,+0100,"Fixed the refractoriness feature. It was previously only tolerated but was missing the update of the ""lastspike"" variable. This is now done during code generation in the GeNNdevice but testing directly for group._refractory.
",69a6b48209e4a03df99952b68dc504d9f83e2e32,brian-team_brian2genn
69cc8662f4c4a299bd961ff2cd72619d163e3843,d2ddb7f8367e7b54732eed2118f4520a509d324c,['e427b70e2cbbbcb5b8c173b3df2f15f2437d94fc'],dependabot[bot] <49699333+dependabot[bot]@users.noreply.github.com>,1725437429,+0000,GitHub <noreply@github.com>,1725437429,+0000,"Bump mstimberg/github-calc-nep29 from 0.5 to 0.7

Bumps [mstimberg/github-calc-nep29](https://github.com/mstimberg/github-calc-nep29) from 0.5 to 0.7.
- [Release notes](https://github.com/mstimberg/github-calc-nep29/releases)
- [Commits](https://github.com/mstimberg/github-calc-nep29/compare/v0.5...v0.7)

---
updated-dependencies:
- dependency-name: mstimberg/github-calc-nep29
  dependency-type: direct:production
  update-type: version-update:semver-minor
...

Signed-off-by: dependabot[bot] <support@github.com>",69cc8662f4c4a299bd961ff2cd72619d163e3843,brian-team_brian2genn
6a5c965e1c87fc8dca5e553a6d4ea66c1d6c3135,da07fe07f5e0e9c573a0d22ca456b987fb41e452,['1cfe3f22055a323658e93558e2c7e004e750fb8c'],Thomas Nowotny <t.nowotny2sussex.ac.uk>,1594133947,+0100,Thomas Nowotny <t.nowotny2sussex.ac.uk>,1594133947,+0100,"Fixed a bug where scalar variables (egp's in GeNN) were copied as if they were arrays; solved issue #113
",6a5c965e1c87fc8dca5e553a6d4ea66c1d6c3135,brian-team_brian2genn
6af40e66ddea49411991fb6df99f87dc932b7f3c,7c972140b33535a4831e8ad72485e40cfcb97497,['9042274bffbb6c3486731c1a65c8137db663dfc4'],Marcel Stimberg <marcel.stimberg@inserm.fr>,1471874758,+0100,Marcel Stimberg <marcel.stimberg@inserm.fr>,1471881115,+0100,"Remove `GeNNSimpleDevice` -- build is automatically called after a run in the same way as for C++ standalone
",6af40e66ddea49411991fb6df99f87dc932b7f3c,brian-team_brian2genn
6b6fa8831fc4db10bb292c5e96ba46b371dd8ae3,9c2d5794536685ffb496ee1122ed9e8458c65fbf,['f59961a989dd28e01a5473cc80a600e84d46c44f'],Marcel Stimberg <marcel.stimberg@inserm.fr>,1536152909,+0200,Marcel Stimberg <marcel.stimberg@inserm.fr>,1536152975,+0200,"Properly enable the conda command in travis.yml
",6b6fa8831fc4db10bb292c5e96ba46b371dd8ae3,brian-team_brian2genn
6b8a1a02616a96665b80e3f773e0a6e4d73f2e58,e3cfc4457e6e7d2f826ed970aec231ce9bd61ebc,['4daf55eb09c1c5a2b7f5da91b224202eea490c55'],Marcel Stimberg <marcel.stimberg@inserm.fr>,1477061635,+0200,Marcel Stimberg <marcel.stimberg@inserm.fr>,1477061635,+0200,"Raise a NotImplementedError for non-standard synaptic pathways
",6b8a1a02616a96665b80e3f773e0a6e4d73f2e58,brian-team_brian2genn
6c59e0526055b06f0de80d0ee05c32cf2ef1686d,2bc00ea79f55d559ff1d3f3c6d34fa5b294772fa,['e427b70e2cbbbcb5b8c173b3df2f15f2437d94fc'],Marcel Stimberg <marcel.stimberg@sorbonne-universite.fr>,1725540426,+0200,Marcel Stimberg <marcel.stimberg@sorbonne-universite.fr>,1725540426,+0200,"Test with newer runners

In particular, macOS-11 is no longer supported
",6c59e0526055b06f0de80d0ee05c32cf2ef1686d,brian-team_brian2genn
6ca79b2aad594b87e8b938f49d8a256b6d9f7bb6,c64b36fa03cc9bc3f24d4deb723f928257e65cff,['31e1136ed0d705540057964e767f587449f10fe4'],Thomas Nowotny <t.nowotny@sussex.ac.uk>,1557507294,+0100,Thomas Nowotny <t.nowotny@sussex.ac.uk>,1557507294,+0100,"Proposed fix for the statemonitor problem encountered by @schlowm0 - the logic of testing for defaultclock variables contained in subexpressions was not quite right I believe.
Also changed updates to the synapses in the testSummedVariables script to event-driven to expose that g_syn is optimized away as bing unused because its only use is in the summed variable. I am missing the crucial bit where to register g_syn as used.
",6ca79b2aad594b87e8b938f49d8a256b6d9f7bb6,brian-team_brian2genn
6d0f15bee76c4de89495a3a1376dab38fbbbad76,18c345d053cafae49b91bfa9ce1f50b50258da92,"['57b0ecaddfe0e6f6e23c53f080402331317978f1', '7234a4af8feff03cd01ef980b9b4ae0d429ae33c']",Marcel Stimberg <marcel.stimberg@inserm.fr>,1567426481,+0200,GitHub <noreply@github.com>,1567426481,+0200,"Merge pull request #94 from brian-team/fix_vectorisation_idx

Adapt to recent changes in Brian 2 (handling of _vectorisation_idx)",6d0f15bee76c4de89495a3a1376dab38fbbbad76,brian-team_brian2genn
6d7a674f7dcf9a6564501e22b167662d184334e7,5493901a096496cfe6eb59b84c988997179548f3,['a14f564ed7848e9d7bd6143eadf4aa86aaa60e74'],neworderofjamie <neworderofjamie@gmail.com>,1587489837,+0100,neworderofjamie <neworderofjamie@gmail.com>,1587489837,+0100,"reinstate LDFLAG setting
",6d7a674f7dcf9a6564501e22b167662d184334e7,brian-team_brian2genn
6dee943b15112a9e9ea1a4fa5ce511c547c84227,c96596279324ba46fee9418777bac2694708355f,['7223a6d719f6a43cb5ca8fe9cb416be999fd54ec'],Marcel Stimberg <marcel.stimberg@inserm.fr>,1542986377,+0100,Marcel Stimberg <marcel.stimberg@inserm.fr>,1542986377,+0100,"Remove the timeout after 60min
",6dee943b15112a9e9ea1a4fa5ce511c547c84227,brian-team_brian2genn
6e0833081630f196a986ab2bd21d57d7b31ccaa8,6725731894267444bdd102442a26490c09821ae6,['713be5a417b46d7fa2e84628f010817449139dac'],neworderofjamie <neworderofjamie@gmail.com>,1556020272,+0100,neworderofjamie <neworderofjamie@gmail.com>,1556020272,+0100,"**TEMPORARY** checkout genn_4 branch
",6e0833081630f196a986ab2bd21d57d7b31ccaa8,brian-team_brian2genn
6e2950177ddaabd8df1ee2ea5a2a0b24fb6583d8,1e1cb1e65f12c976c80e1e1f758f172a0d22c50b,['efeed6495d70b403b008df1e4212d5b1cd0c14e3'],Marcel Stimberg <marcel.stimberg@inserm.fr>,1471881602,+0100,Marcel Stimberg <marcel.stimberg@inserm.fr>,1471881602,+0100,"Support `build(directory=None)` (build in temporary directory, used during testing)
",6e2950177ddaabd8df1ee2ea5a2a0b24fb6583d8,brian-team_brian2genn
6e5cc2dfb13650bd5199521515257c6ca8bcbbe6,c6d1b417cbcf584bc6059c72506d4e7a22494dce,['77f715f39e25c6cdb32c309a2988784096c68df3'],Thomas Nowotny <t.nowotny@sussex.ac.uk>,1440753634,+0100,Thomas Nowotny <t.nowotny@sussex.ac.uk>,1440753634,+0100,"Some more benchmarks
",6e5cc2dfb13650bd5199521515257c6ca8bcbbe6,brian-team_brian2genn
6e98f5e1b1058ae39c7f396a8da3ec5081497904,12c6fef6a101e86e3c14360ef2acc3da980f827e,['fd606c80a75fe20db50ca690964632172db7147e'],Felix B. Kern <kernfel+github@gmail.com>,1642049548,+0900,Felix B. Kern <kernfel+github@gmail.com>,1642058706,+0900,"Avoid hard-coded object names in process_neuron_groups
",6e98f5e1b1058ae39c7f396a8da3ec5081497904,brian-team_brian2genn
6f324325156d641b310b388634ce0ea1892e2c46,0f60cdcbad7ce246abcfae3e1fcc18f9435f2271,['a5d5d0c628a29a12c947c7e092dfb9e8e4e79d07'],Marcel Stimberg <marcel.stimberg@sorbonne-universite.fr>,1725544091,+0200,Marcel Stimberg <marcel.stimberg@sorbonne-universite.fr>,1725544091,+0200,"Bump actions/download-artifact from 3 to 4
",6f324325156d641b310b388634ce0ea1892e2c46,brian-team_brian2genn
6f60736d4529dab87dfd6d0147cf33b15cfb1129,f6a35a13e90168fd7de3e72121570e1d24dfec82,['cc48b3ba65dd69860dd5b2a39755a83503f75d84'],thesamovar <dan.goodman@ens.fr>,1405121231,-0400,thesamovar <dan.goodman@ens.fr>,1405121231,-0400,Updated names and added missing NodeRenderer,6f60736d4529dab87dfd6d0147cf33b15cfb1129,brian-team_brian2genn
6fed1b21c73f659b47fa3ee6270515fd783335b8,722fa88763d80e3afe6234daf7565f98f6a94d4f,['357d440f2f38e35a3b5c6e48f163e31a0e51f11c'],Thomas Nowotny <t.nowotny@sussex.ac.uk>,1443026080,+0100,Thomas Nowotny <t.nowotny@sussex.ac.uk>,1443026080,+0100,"Updated the index.rst file to link to the reference documentation
",6fed1b21c73f659b47fa3ee6270515fd783335b8,brian-team_brian2genn
7060599c11bf57416747c74e46534002854a7c72,812b182463557739be6b9ca838099b76f6d76c8a,['ed3908edde4bf843961812f399b462d8872373c7'],neworderofjamie <J.C.Knight@sussex.ac.uk>,1559643937,+0100,neworderofjamie <J.C.Knight@sussex.ac.uk>,1559643937,+0100,"Revert ""**TEMPORARY** checkout genn_4 branch""

This reverts commit 6e0833081630f196a986ab2bd21d57d7b31ccaa8.
",7060599c11bf57416747c74e46534002854a7c72,brian-team_brian2genn
7095c4b39a4cce591ec10f06ff2a8bd5de93ba20,64681895ed50e1ff0939a7e3e75928ce8236dd3e,['7b5fcb4586716aed150df5cd4a9f76e2cb8667da'],Marcel Stimberg <marcel.stimberg@inserm.fr>,1542795348,+0100,Marcel Stimberg <marcel.stimberg@inserm.fr>,1542795348,+0100,"Remove travis/appveyor configuration
",7095c4b39a4cce591ec10f06ff2a8bd5de93ba20,brian-team_brian2genn
70a989e299a26ff3ca98600503e388a23a461d46,e3733953d4d950bf485ec8341894e461d1b21478,"['62f039e93ae76dd636d97534873b75f13b6d7d15', '156ac497d14a42683e6aace8df87c017f5f8569a']",Marcel Stimberg <marcel.stimberg@inserm.fr>,1543228367,+0100,Marcel Stimberg <marcel.stimberg@inserm.fr>,1543228367,+0100,"Merge remote-tracking branch 'origin/master' into azure

# Conflicts:
#	.travis.yml
#	appveyor.yml
",70a989e299a26ff3ca98600503e388a23a461d46,brian-team_brian2genn
713be5a417b46d7fa2e84628f010817449139dac,1a7bcbabc6d0256f66c5a3799fbdde6f4490a5a3,['8623e471c189f4d578f65cfad6c246313fd1908b'],neworderofjamie <neworderofjamie@gmail.com>,1555963796,+0100,neworderofjamie <neworderofjamie@gmail.com>,1555963796,+0100,"* Fixed bug in Makefile generation
* Removed unused header
",713be5a417b46d7fa2e84628f010817449139dac,brian-team_brian2genn
717b8fb18d03c51c769d058e45a76231698ff657,850e8b62a781ad185c0031be00bb9447adbde42c,['49faf57f112b56c04712e16b63f9390b12b4dfea'],Marcel Stimberg <marcel.stimberg@inserm.fr>,1486653101,+0100,Marcel Stimberg <marcel.stimberg@inserm.fr>,1487759897,+0100,"Deal with thresholds that refer to subexpressions

Closes #41
",717b8fb18d03c51c769d058e45a76231698ff657,brian-team_brian2genn
71ca214d3547a363a28eb21d3a5e8f836efb3172,1c5995beb99125d71a5d5c4f5a4d294c5e901331,['2df5601a8107dd31b5813022b30417a1aac1b0b2'],Thomas Nowotny <t.nowotny@sussex.ac.uk>,1537562254,+0100,Thomas Nowotny <t.nowotny@sussex.ac.uk>,1537562254,+0100,"Added a brian 2 preference devices.genn.synapse_span_type which defines the default parallelisation method for synapse groups.
A more fine-grained approach would probably be better.
",71ca214d3547a363a28eb21d3a5e8f836efb3172,brian-team_brian2genn
7223a6d719f6a43cb5ca8fe9cb416be999fd54ec,09a8d9266d765032153009d57699279c8db49e65,['7777c05b17c062b146e27021b4e461157d6cc7cf'],Marcel Stimberg <marcel.stimberg@inserm.fr>,1542981469,+0100,Marcel Stimberg <marcel.stimberg@inserm.fr>,1542981469,+0100,"Move files used for Azure to a separate folder
",7223a6d719f6a43cb5ca8fe9cb416be999fd54ec,brian-team_brian2genn
7234a4af8feff03cd01ef980b9b4ae0d429ae33c,18c345d053cafae49b91bfa9ce1f50b50258da92,['57b0ecaddfe0e6f6e23c53f080402331317978f1'],Marcel Stimberg <marcel.stimberg@inserm.fr>,1566395571,+0200,Marcel Stimberg <marcel.stimberg@inserm.fr>,1567164315,+0200,"Adapt to recent changes in Brian 2 (handling of _vectorisation_idx)

Fixes #93
",7234a4af8feff03cd01ef980b9b4ae0d429ae33c,brian-team_brian2genn
72aa5d9aedecdcac44f3cec514b24c2e456e6fb9,ef0571206cc670d084653f17d4f0f9dcd78f5f45,['1f2d347557511b132c73ca517af9833c02fad796'],Marcel Stimberg <marcel.stimberg@inserm.fr>,1542806550,+0100,Marcel Stimberg <marcel.stimberg@inserm.fr>,1542806550,+0100,"Use platform-independent way to set GENN_PATH (via python)
",72aa5d9aedecdcac44f3cec514b24c2e456e6fb9,brian-team_brian2genn
730a2c7e4783cc9007c9c2d6ec63d16e229a793d,1feaba390fa298e95e8eb37a83f1740c3ce49e53,['2cb91df43d0d758f4c3d9f5ba3bab0b364c81685'],Marcel Stimberg <marcel.stimberg@inserm.fr>,1690445640,+0200,Marcel Stimberg <marcel.stimberg@inserm.fr>,1690445640,+0200,"Remove unused six imports
",730a2c7e4783cc9007c9c2d6ec63d16e229a793d,brian-team_brian2genn
730d345b7bd136028ee51967567ee9386487fb84,841d930931264a162bb5f6ca575876c78ae6de19,"['2893c6d38a41fc83b5273d9751856fada5f45a11', 'ea31559140cc0082b946eabb369d9fba47dfeead']",Thomas Nowotny <t.nowotny@sussex.ac.uk>,1424856246,+0000,Thomas Nowotny <t.nowotny@sussex.ac.uk>,1424856246,+0000,"Merge branch 'develop' of https://github.com/brian-team/brian2genn into develop
",730d345b7bd136028ee51967567ee9386487fb84,brian-team_brian2genn
73c185cb26268f1f501720dd81b3e1691b7b8724,53ab15dfcf856b82e3c517d472cb25e2fed28ed9,['c8d635925969c223dd75448c9bec3d7b4905f438'],Thomas Nowotny <tn41@inf900324.inf.susx.ac.uk>,1586427737,+0100,Thomas Nowotny <tn41@inf900324.inf.susx.ac.uk>,1586427737,+0100,"Some cleanup of make command mangling.
",73c185cb26268f1f501720dd81b3e1691b7b8724,brian-team_brian2genn
741255496ac7d57f264fb220baca3684bf5aa96f,5e786463a1a8069e65de8270fd641af4cb981706,['8ff89a7c612115bb12f30c299fcc289a2761297c'],thesamovar <dan.goodman@ens.fr>,1424781352,+0000,thesamovar <dan.goodman@ens.fr>,1424781352,+0000,Turn off LIO optimisations,741255496ac7d57f264fb220baca3684bf5aa96f,brian-team_brian2genn
7412c4661a4dadc6557bf1a61f11d39287ed95b4,b7ad97efbfb2ffe90c4f06f44fe7b40539be0236,"['2e9ecc215949bd9c723997aa021914c8ceef9cfa', '97a8a747388f18e85973fa574fd83df69885a0ed']",Marcel Stimberg <marcel.stimberg@inserm.fr>,1690467826,+0200,Marcel Stimberg <marcel.stimberg@inserm.fr>,1690467826,+0200,"Merge remote-tracking branch 'origin/master' into support_profiling_summary
",7412c4661a4dadc6557bf1a61f11d39287ed95b4,brian-team_brian2genn
742cc6c3164f4df7a2e56fc86a1016f41dafdc45,4c496e48a7e649224531191242870e60f8eeb38d,['f2b5d4a0fea9e6ec229815abec782d136eda9fd9'],Marcel Stimberg <marcel.stimberg@inserm.fr>,1541509312,+0100,Marcel Stimberg <marcel.stimberg@inserm.fr>,1541509312,+0100,"travis: and one more try... create a named environment
",742cc6c3164f4df7a2e56fc86a1016f41dafdc45,brian-team_brian2genn
743597ecbbbb1295802d2e1c55ec3fe62eadc469,7adb35896c200947821d291442ca180e6cca1660,['7dc1c280fe591e565c958e0ffc686d14b9a6ef33'],neworderofjamie <neworderofjamie@gmail.com>,1587571965,+0100,neworderofjamie <neworderofjamie@gmail.com>,1587571965,+0100,"replaced accidentally-deleted }
",743597ecbbbb1295802d2e1c55ec3fe62eadc469,brian-team_brian2genn
750c03cf6e676ed1dfc2e031d96dc85e23d1671a,4ca4079c636a3ae814d72a6ddd2bfd8b5f4ce693,['9fa9062289d32b311359f382f9da8bbbdaa3a4e5'],Thomas Nowotny <t.nowotny@sussex.ac.uk>,1440426825,+0100,Thomas Nowotny <t.nowotny@sussex.ac.uk>,1440426825,+0100,"Added missing files preferences.py and binomial.py to git version control.
",750c03cf6e676ed1dfc2e031d96dc85e23d1671a,brian-team_brian2genn
75107aff4a9d489a402ec27df83a151e90564105,de18e9d49ce8c2f954355c1f10c05e9753a0003d,['7c84abc5208d0f4dcbb174efc1f1a930f1c5b9c1'],Marcel Stimberg <marcel.stimberg@inserm.fr>,1542893459,+0100,Marcel Stimberg <marcel.stimberg@inserm.fr>,1542893459,+0100,"Use fixed Python version of Windows
",75107aff4a9d489a402ec27df83a151e90564105,brian-team_brian2genn
75134d0a4b68e9b826b781fec681baa5b721cacd,48aec473a34455bebcddcb167a219681d32af191,['9ac0780b28eb3da9d397fc764fe2fbf003b6de94'],neworderofjamie <neworderofjamie@gmail.com>,1558529729,+0100,neworderofjamie <neworderofjamie@gmail.com>,1558529729,+0100,"sign should be a ``SUPPORT_CODE_FUNCTION``
",75134d0a4b68e9b826b781fec681baa5b721cacd,brian-team_brian2genn
7520ff0b832ad341fca138eb5f5d856815fb49be,c07341aca81752883e8e5c06c6999988fade718c,['920bd280d2f1f8086cf77bbbf82b5fc6a5c95d1c'],dependabot[bot] <49699333+dependabot[bot]@users.noreply.github.com>,1761550134,+0000,GitHub <noreply@github.com>,1761550134,+0000,"Bump actions/upload-artifact from 4 to 5

Bumps [actions/upload-artifact](https://github.com/actions/upload-artifact) from 4 to 5.
- [Release notes](https://github.com/actions/upload-artifact/releases)
- [Commits](https://github.com/actions/upload-artifact/compare/v4...v5)

---
updated-dependencies:
- dependency-name: actions/upload-artifact
  dependency-version: '5'
  dependency-type: direct:production
  update-type: version-update:semver-major
...

Signed-off-by: dependabot[bot] <support@github.com>",7520ff0b832ad341fca138eb5f5d856815fb49be,brian-team_brian2genn
7553f2b291b44e052d3b03c3439ac0ca5b87db36,0dd71876d2a72942b8926858365b90cba7e4d807,['6f324325156d641b310b388634ce0ea1892e2c46'],Marcel Stimberg <marcel.stimberg@sorbonne-universite.fr>,1725544126,+0200,Marcel Stimberg <marcel.stimberg@sorbonne-universite.fr>,1725544126,+0200,"Bump mstimberg/github-calc-nep29 from 0.5 to 0.7
",7553f2b291b44e052d3b03c3439ac0ca5b87db36,brian-team_brian2genn
756c4fc5f8b2ec57b505626c15fe6375643e1b13,a2a56cc70b287094aa6d6c9751ead2958c8555c0,"['c699e0702f8183d1de2e2f29a2fc818986c82170', '9b406a858ce9d6cc2af8313319a2cec88c93e385']",Thomas Nowotny <t.nowotny@sussex.ac.uk>,1475057093,+0100,GitHub <noreply@github.com>,1475057093,+0100,"Merge pull request #32 from brian-team/doc_fixes

Doc fixes",756c4fc5f8b2ec57b505626c15fe6375643e1b13,brian-team_brian2genn
7587a1b41dd7768f80fe8bb03a38e360f9aeae60,78cb59f4148c05a06b1e31ee4c0a961333567253,['c73f865cb0b56f86f87bef2a7b68e9b319e7014a'],neworderofjamie <neworderofjamie@gmail.com>,1585929164,+0100,neworderofjamie <neworderofjamie@gmail.com>,1585929164,+0100,"copy_to_brian and copy_to_genn removed
",7587a1b41dd7768f80fe8bb03a38e360f9aeae60,brian-team_brian2genn
758bae8eec4a866dd620aaa7d17b01ccee9c5bde,c42b7fe1f3d201fecc936d88327568a0cf465b25,['d9165d763080f39a2a04a6af2e05353c3ed3da59'],Marcel Stimberg <marcel.stimberg@inserm.fr>,1509974403,+0100,Marcel Stimberg <marcel.stimberg@inserm.fr>,1509974403,+0100,"***** Release brian2genn 1.1.3 *****
",758bae8eec4a866dd620aaa7d17b01ccee9c5bde,brian-team_brian2genn
75ecffe33a7fdb6778719d120d7c14c29455bbaf,70a9dc4b54085dd235efd3edebffd8acfc78a2ac,['3208d10530119345022f4d382315ed8d33d1ea86'],Marcel Stimberg <marcel.stimberg@inserm.fr>,1641562460,+0100,Marcel Stimberg <marcel.stimberg@inserm.fr>,1641562460,+0100,"Deal with the call of Network.after_run in recent Brian versions

This clears out Network.objects for MagicNetwork, so we have to store the objects ourself.
",75ecffe33a7fdb6778719d120d7c14c29455bbaf,brian-team_brian2genn
776b70f78c626fad9913068fb13a53e4ace4d170,a8713bed1a6acb079f094e582ed21b2ab8da17d4,['2cfc365b5fcb33a302af2a0874c5ad24964986d0'],Marcel Stimberg <marcel.stimberg@inserm.fr>,1542710810,+0100,Marcel Stimberg <marcel.stimberg@inserm.fr>,1542710810,+0100,"Update MANIFEST.in
",776b70f78c626fad9913068fb13a53e4ace4d170,brian-team_brian2genn
7777c05b17c062b146e27021b4e461157d6cc7cf,13dce33c872ebd90e9ea62fbc8128996c1e24dda,['d32c29c6651d23cde6f99b8a8337411a94349b9e'],Marcel Stimberg <marcel.stimberg@inserm.fr>,1542981327,+0100,Marcel Stimberg <marcel.stimberg@inserm.fr>,1542981327,+0100,"remove no longer used test file
",7777c05b17c062b146e27021b4e461157d6cc7cf,brian-team_brian2genn
77dce169571be24e979381509ead11f300134ea5,366d3fd88ad89f168c3a1fc5834a057b0ddb7f4f,['facf2c4ed2c136c2ec5eccc4984225a5e7077cb2'],neworderofjamie <neworderofjamie@gmail.com>,1585921108,+0100,neworderofjamie <neworderofjamie@gmail.com>,1585921108,+0100,"fixed typo
",77dce169571be24e979381509ead11f300134ea5,brian-team_brian2genn
77f715f39e25c6cdb32c309a2988784096c68df3,ffe4f9091dda27242a855551cf958a06873dae26,['6578d674a563be9d3ad18860b47d76c19f8c2ff9'],Thomas Nowotny <t.nowotny@sussex.ac.uk>,1440701320,+0100,Thomas Nowotny <t.nowotny@sussex.ac.uk>,1440701320,+0100,"Introduced a warning if a state monitor is attempting to monitor a variable that is not used in any update code. The variable is then not monitored (it does not exist in GeNN). Also fixed a minor timing issue related to the different way GeNN and Brian schedule and update the time value.
",77f715f39e25c6cdb32c309a2988784096c68df3,brian-team_brian2genn
78096928f164eb452e75000f0e78732e059ca8bc,840bdfea3c8d79ac1ff8605064e3bef5dea8e242,['9e333067187e08aeac6122ffdbeb12f7f1014b8a'],Marcel Stimberg <marcel.stimberg@inserm.fr>,1542810013,+0100,Marcel Stimberg <marcel.stimberg@inserm.fr>,1542810013,+0100,"Move out of the source directory to use the installed version
",78096928f164eb452e75000f0e78732e059ca8bc,brian-team_brian2genn
789ba84ebf0f340aee739113480cee1fd50b6e86,d49fe5d7b60067289404c0594b0ee0ab4c689454,['17b6d61d363b11d1823009d4d813a5823aea10dd'],Thomas Nowotny <t.nowotny@sussex.ac.uk>,1641397056,+0000,Thomas Nowotny <t.nowotny@sussex.ac.uk>,1641397056,+0000,"This is a fix for issue #136. The root cause for the problem was that for situations where sub-populations of neuron populations were connected
and a state monitor for the synapses instantiated, the pre-template prep code would identify the size of the connected sub-populations for the
srcN and trgN variables of the stateMonitorModel. These variables are then used for the argument list of the convert_dense_matrix_2_dynamic_arrays and
convert_sparse_synapses_2_dynamic_arrays calls that translate GeNN synaptic data into brian format synaptic data. Because brian2genn implements sub-populations
only by connectivity matrices between full populations, the conversion functions need the size of the full populations, not of the connected sub-populations.
I believe the srcN and trgN variables are solely for teh purpose of these conversions, so should not be needed to represent subpopulation size elsewhere.
",789ba84ebf0f340aee739113480cee1fd50b6e86,brian-team_brian2genn
78b3b0c975d03a71d8a45609cd9f037f98b11c86,a3031cedb1ef57caa0247ce8034d0619b115b541,['eab295872ecb74c2c1516be103ce48f4b31cd6e5'],Marcel Stimberg <marcel.stimberg@inserm.fr>,1586275714,+0200,Marcel Stimberg <marcel.stimberg@inserm.fr>,1586275714,+0200,"On Azure: install Brian2 with pip and not with conda-forge

conda-forge does not provide the latest packages for Python 2
",78b3b0c975d03a71d8a45609cd9f037f98b11c86,brian-team_brian2genn
78c74aa47d59d31d045890511b9fd563f2eba45b,4c538fcef7c3a430b475c5d91343768b7b882c4a,['59941b556b1a05b6fd55f28d15e47bc8b0ac6700'],Marcel Stimberg <marcel.stimberg@inserm.fr>,1509979760,+0100,Marcel Stimberg <marcel.stimberg@inserm.fr>,1509979920,+0100,"Revert changes related to anaconda build issues
",78c74aa47d59d31d045890511b9fd563f2eba45b,brian-team_brian2genn
78f3c94a7267e636f68cac7790d84298fa2ff8ae,e82b0d15b817cf51bd4da96d1b0d14fc6850eb10,['c0988b721603c3ef007bed2f26bce00cd5741474'],Marcel Stimberg <marcel.stimberg@inserm.fr>,1498054216,+0200,Marcel Stimberg <marcel.stimberg@inserm.fr>,1498054330,+0200,"Move test run into its own script instead of using `python -c` manually
",78f3c94a7267e636f68cac7790d84298fa2ff8ae,brian-team_brian2genn
79b8eca30b212b1d14e825fc02ce70f7f1bd4618,1f42f4b17c9538c8499d8df456e653ddb7213197,['341cbd85df72897a2220d59a88c45bd59fe700cf'],neworderofjamie <neworderofjamie@gmail.com>,1588062436,+0100,neworderofjamie <neworderofjamie@gmail.com>,1588062750,+0100,"hopefully unbroken the past mess I made of compiler flags
",79b8eca30b212b1d14e825fc02ce70f7f1bd4618,brian-team_brian2genn
79c32fe08dae68aac58172d171195700067f2088,9610eda3092ac8da1d47288cd1a197c6fb19138f,['cca915aa21c1713dd25cdb9ef33f6bc898d165da'],Marcel Stimberg <marcel.stimberg@inserm.fr>,1536161219,+0200,Marcel Stimberg <marcel.stimberg@inserm.fr>,1536161219,+0200,"travis.yml: remove left-over CC and CXX definitions
",79c32fe08dae68aac58172d171195700067f2088,brian-team_brian2genn
79c5eb46dc49e4a488d6046ecb273d11a01f666b,4d8b31068f064c9f14512315a336072e2b4cc9b2,['4cf69146a14b37fbad6b9e43bedbf58f5e37c9be'],Marcel Stimberg <marcel.stimberg@inserm.fr>,1472142568,+0100,Marcel Stimberg <marcel.stimberg@inserm.fr>,1472142568,+0100,"Remove the `cpu_only` preference -- you can run on the CPU by specifying `use_GPU=False` as part of `set_device`
",79c5eb46dc49e4a488d6046ecb273d11a01f666b,brian-team_brian2genn
7a74eee6ef472de5a67531e06b089564d5f1da51,15559efbc296a9980256e3f2cdd0a3f4a326bd9f,"['56732f6435650a1ecb5f895aaec159335047697d', '86b12a5e59e33769692978aeb35f001aef3a6d36']",Thomas Nowotny <tn41@inf900324.inf.susx.ac.uk>,1586504577,+0100,Thomas Nowotny <tn41@inf900324.inf.susx.ac.uk>,1586504577,+0100,"Merge remote-tracking branch 'origin/compatibility_fixes' into genn_4_alt
",7a74eee6ef472de5a67531e06b089564d5f1da51,brian-team_brian2genn
7a9c28d06abacce268f45937ceda66e4cda2ad92,fe2871f7068f606e846ff523a3c4ac7f9041409b,"['920bd280d2f1f8086cf77bbbf82b5fc6a5c95d1c', 'cf544ec05793ad198b3f1ea5cf629c010f662076']",dependabot[bot] <49699333+dependabot[bot]@users.noreply.github.com>,1755516365,+0000,GitHub <noreply@github.com>,1755516365,+0000,"Merge cf544ec05793ad198b3f1ea5cf629c010f662076 into 920bd280d2f1f8086cf77bbbf82b5fc6a5c95d1c
",7a9c28d06abacce268f45937ceda66e4cda2ad92,brian-team_brian2genn
7b5fcb4586716aed150df5cd4a9f76e2cb8667da,2f39f7e882485df98f68f97eb54d59cc16a07e06,['1adee746f6c38281a9c33f4579e8bb97896cd186'],azure-pipelines[bot] <azure-pipelines[bot]@users.noreply.github.com>,1542794824,+0000,azure-pipelines[bot] <azure-pipelines[bot]@users.noreply.github.com>,1542794824,+0000,Set up CI with Azure Pipelines,7b5fcb4586716aed150df5cd4a9f76e2cb8667da,brian-team_brian2genn
7b624fdc176606ba206db3c8f387db53816c5d7e,0fcf4f6f493c965d09bc0534d9bc8745a6ac15ed,['416ae6edfe2887cd551550666fa6ba7e341a0a7c'],Marcel Stimberg <marcel.stimberg@inserm.fr>,1543422221,+0100,Marcel Stimberg <marcel.stimberg@inserm.fr>,1543422221,+0100,"***** Release brian2genn 1.2 *****
",7b624fdc176606ba206db3c8f387db53816c5d7e,brian-team_brian2genn
7c38c12856d70b7d302a3e35d5babe49260dd1f6,fb3b59db98a581087858d0bedaa35db7da4fd24d,['e70329f351d00803a1ddef10f7149d1eb39439ae'],Marcel Stimberg <marcel.stimberg@inserm.fr>,1487866988,+0100,Marcel Stimberg <marcel.stimberg@inserm.fr>,1490030788,+0100,"Implement support for ""constant over dt"" subexpressions
",7c38c12856d70b7d302a3e35d5babe49260dd1f6,brian-team_brian2genn
7c64dfc5d6a792cc8bed4e5d6ef3501d28fcd841,8f561a124539c892380ded82b917859d889e52a6,['26e209b8f976b75d4bec2ddd03f68f3ea64d5203'],neworderofjamie <neworderofjamie@gmail.com>,1555957959,+0100,neworderofjamie <neworderofjamie@gmail.com>,1555957959,+0100,"First pass attempt at implementing ``initialize_sparse_synapses`` for ragged connectivity
",7c64dfc5d6a792cc8bed4e5d6ef3501d28fcd841,brian-team_brian2genn
7c84abc5208d0f4dcbb174efc1f1a930f1c5b9c1,3241aa7f486ff448741fe5da2b82531c6ef766e6,['31ebe6acd5b99309090d232843dc8fa67f0a3177'],Marcel Stimberg <marcel.stimberg@inserm.fr>,1542893098,+0100,Marcel Stimberg <marcel.stimberg@inserm.fr>,1542893108,+0100,"Use older VM with Visual Studio 2015 for Windows
",7c84abc5208d0f4dcbb174efc1f1a930f1c5b9c1,brian-team_brian2genn
7dc1c280fe591e565c958e0ffc686d14b9a6ef33,f633acc99ce276f86c468700506df0a49bd2bb27,['825ed2a0b9b626f338936987a578987b35d956c8'],Thomas Nowotny <tn41@inf900324.inf.susx.ac.uk>,1587569900,+0100,Thomas Nowotny <tn41@inf900324.inf.susx.ac.uk>,1587569900,+0100,"Cleaning up commented out debug code ...
",7dc1c280fe591e565c958e0ffc686d14b9a6ef33,brian-team_brian2genn
7de69e627bc19d64f5207cc23f663262e33e4b51,3c05fa110f65724dd9ab8ab9e1b825a3b3dc038e,['023ddc75ecb377feee08082c7c8f3dd22b27ac9a'],Marcel Stimberg <marcel.stimberg@inserm.fr>,1690388368,+0200,Marcel Stimberg <marcel.stimberg@inserm.fr>,1690388368,+0200,"Update sphinx config for setuptools_scm
",7de69e627bc19d64f5207cc23f663262e33e4b51,brian-team_brian2genn
7de6c8ad1723b51e76ee758f5b08b059d1496ac8,be2ab68b63ca1a12262ccbea0c7158d96e381494,['9a1a3811eb2edfd0d6ae43b32b77997786f82035'],Marcel Stimberg <marcel.stimberg@inserm.fr>,1471952081,+0100,Marcel Stimberg <marcel.stimberg@inserm.fr>,1471952081,+0100,"Correctly deal with boolean variables stored in dynamic arrays (e.g. recorded with a `StateMonitor`)
",7de6c8ad1723b51e76ee758f5b08b059d1496ac8,brian-team_brian2genn
7e2510ebc7c0eb4dfa7552cbead016bcad8fc002,ed66fcc79bd20cd603a49e8154338e67f5b41f4b,['4acc6822d3fad70a73f14b1b81592393f5ffb032'],Marcel Stimberg <marcel.stimberg@inserm.fr>,1496403337,+0200,Marcel Stimberg <marcel.stimberg@inserm.fr>,1496403337,+0200,"Try caching homebrew for faster CUDA installs
",7e2510ebc7c0eb4dfa7552cbead016bcad8fc002,brian-team_brian2genn
7e5296501b8d9a78db55848e95a6ee7e7650e964,df51644f377295d86727c475b9c7421652fcfe62,['df9774cf4066c86d7159d67debc0dd93f12a4a0a'],neworderofjamie <neworderofjamie@gmail.com>,1588005775,+0100,neworderofjamie <neworderofjamie@gmail.com>,1588005775,+0100,"Make version check stricter
",7e5296501b8d9a78db55848e95a6ee7e7650e964,brian-team_brian2genn
7e9504eb8a5c897b8040cd5a52f4148dbb7c82ec,278c613ed27af9ae2bd7108ea9a553e161d33775,['1fbb353d9149ea504ab7e28d831659711891b1e3'],Thomas Nowotny <t.nowotny@sussex.ac.uk>,1499362909,+0100,Marcel Stimberg <marcel.stimberg@inserm.fr>,1499776847,+0900,"Allowed to expose two additional GeNN preferences (autoChooseDevice and defaultDevice) to be exposed in brian2genn as dvices.genn.auto_choose_device and devices.genn.default_device

(cherry picked from commit a1f83d7b8c6c1a1bace6ba23f554324d379e54f1)
",7e9504eb8a5c897b8040cd5a52f4148dbb7c82ec,brian-team_brian2genn
7ed6765d1022b777367dd4aa2486072e3d8cadb6,335c689312bdedf3f73bf8c6546191f770e8e8ea,['cf31393896c2e63c4f2efc8419b5919530bd23d4'],neworderofjamie <neworderofjamie@gmail.com>,1587452998,+0100,neworderofjamie <neworderofjamie@gmail.com>,1587452998,+0100,"Revert ""temporarily switched azure pipelines to target branch""

This reverts commit f32c618f3f2ae11eb8959c1da40bba4a34fa2338.
",7ed6765d1022b777367dd4aa2486072e3d8cadb6,brian-team_brian2genn
7f3060dd4933d68485561745d60bd8365ffb05ac,e62ab6c397ca901d8b08e927ce50beba28125771,['05d36cd5cffcfeacd8c4b298d897983da4ba579f'],Marcel Stimberg <marcel.stimberg@inserm.fr>,1542816944,+0100,Marcel Stimberg <marcel.stimberg@inserm.fr>,1542816944,+0100,"Fix condition syntax (incorrect in the Azure docs)
",7f3060dd4933d68485561745d60bd8365ffb05ac,brian-team_brian2genn
7f897f0fdc0aced86e8bb44a652065d08c405e54,edfd1d449d74b41c19bfa23452378bf0731d066d,['a1f83d7b8c6c1a1bace6ba23f554324d379e54f1'],Thomas Nowotny <t.nowotny@sussex.ac.uk>,1499363052,+0100,Thomas Nowotny <t.nowotny@sussex.ac.uk>,1499363052,+0100,"Changed COBAHH.py in the benchmarking directory to test the newly exposed GeNN preferences.
",7f897f0fdc0aced86e8bb44a652065d08c405e54,brian-team_brian2genn
7fcd3611e697e7f85e0bc7b1ad09dc5739fe2959,7c36a55dc142f71e6336a97e18043978269bec0b,"['deea9bb9f4cd1824a13dadc29b257478b6138f82', '8ceb4be49b5518b14ab858358c3d5738146e4783']",Marcel Stimberg <marcel.stimberg@inserm.fr>,1555056177,+0200,GitHub <noreply@github.com>,1555056177,+0200,"Merge pull request #85 from brian-team/fix_spikegeneratorgroup

Fix SpikeGeneratorGroup and other incompatibilities",7fcd3611e697e7f85e0bc7b1ad09dc5739fe2959,brian-team_brian2genn
7fcecc6f1406b1f8cdd698fc2354dd55cc662d89,b624da80653f81f52af3f7b8431a7dece7e878a4,['eb63488667ea1feac09888789c021b284893e35b'],Thomas Nowotny <t.nowotny@sussex.ac.uk>,1419274984,+0000,Thomas Nowotny <t.nowotny@sussex.ac.uk>,1419274984,+0000,"Fixed a problem with the SpkCnt now being an array.
",7fcecc6f1406b1f8cdd698fc2354dd55cc662d89,brian-team_brian2genn
8004db070b919cd12932820eeb3c50025b164f7d,bab0f44b241005a6eae0e14d4016809d61b40fff,['49fe075a0ab3ce626124b029d43f042954773303'],Marcel Stimberg <marcel.stimberg@inserm.fr>,1690465153,+0200,Marcel Stimberg <marcel.stimberg@inserm.fr>,1690542662,+0200,"Remove outdated release script

[ci skip]
",8004db070b919cd12932820eeb3c50025b164f7d,brian-team_brian2genn
8028d5d293a7a190cf9fd597585eb10b7551bb23,87f69c5fb5b121997b63e78a1dea1d2e502d5a1e,['7412c4661a4dadc6557bf1a61f11d39287ed95b4'],Marcel Stimberg <marcel.stimberg@inserm.fr>,1690468772,+0200,Marcel Stimberg <marcel.stimberg@inserm.fr>,1690468772,+0200,"Fix profiling mechanism
",8028d5d293a7a190cf9fd597585eb10b7551bb23,brian-team_brian2genn
80358320acb912088b642a4597774634b9c49a7e,c19c22763ad64349a4114feca86f8840c4497114,"['e70329f351d00803a1ddef10f7149d1eb39439ae', 'f989dee92c3259544baedac64070f5e13230baa1']",Thomas Nowotny <t.nowotny@sussex.ac.uk>,1490969614,+0100,GitHub <noreply@github.com>,1490969614,+0100,"Merge pull request #48 from brian-team/run_regularly

[MRG] Add support for PoissonInput, constant over dt, and run_regularly",80358320acb912088b642a4597774634b9c49a7e,brian-team_brian2genn
80bcc822d81e9724c72c900f64142ce1c932c249,6ad53a56dc6b812fb67488a13b0d30f78da13edc,"['80358320acb912088b642a4597774634b9c49a7e', '9185c3a0c83ea2bede4007c60376b32424bcf5bf']",Thomas Nowotny <t.nowotny@sussex.ac.uk>,1492619724,+0100,GitHub <noreply@github.com>,1492619724,+0100,"Merge pull request #50 from brian-team/use_GENN_PATH

[MRG] Simplify setup to use GeNN",80bcc822d81e9724c72c900f64142ce1c932c249,brian-team_brian2genn
820c84944f8a276b4e634e5da5f1c0af329a2c62,1e218d5148efcc43d92713c8d359ec4d813a68b8,['903d2abebfa4f51f5fc005b1d5cb106807839d0a'],dependabot[bot] <49699333+dependabot[bot]@users.noreply.github.com>,1725436044,+0000,GitHub <noreply@github.com>,1725436044,+0000,"Bump actions/download-artifact from 3 to 4.1.7 in /.github/workflows

Bumps [actions/download-artifact](https://github.com/actions/download-artifact) from 3 to 4.1.7.
- [Release notes](https://github.com/actions/download-artifact/releases)
- [Commits](https://github.com/actions/download-artifact/compare/v3...v4.1.7)

---
updated-dependencies:
- dependency-name: actions/download-artifact
  dependency-type: direct:production
...

Signed-off-by: dependabot[bot] <support@github.com>",820c84944f8a276b4e634e5da5f1c0af329a2c62,brian-team_brian2genn
8230cd9212453e7dd31ca1aa95ed5e8e9a2d0733,cb408f48dadf51d793ab3ecfc750c548e790a658,"['ec09d1f15a5be20999a853f99da58d6845d267e1', '77dce169571be24e979381509ead11f300134ea5']",neworderofjamie <neworderofjamie@gmail.com>,1585921118,+0100,neworderofjamie <neworderofjamie@gmail.com>,1585921118,+0100,"Merge branch 'python2to3-translation' into genn_4
",8230cd9212453e7dd31ca1aa95ed5e8e9a2d0733,brian-team_brian2genn
8234dfd4ce9e123c9275226bbd6c5473537d4586,ce2520a530abe40c4494aaf2bd78499edabbeab0,['5921a033a446df263d88e33e06937e5029eea251'],Marcel Stimberg <marcel.stimberg@inserm.fr>,1536842923,+0200,Marcel Stimberg <marcel.stimberg@inserm.fr>,1536842923,+0200,"Update pip on the test server
",8234dfd4ce9e123c9275226bbd6c5473537d4586,brian-team_brian2genn
825728b5f395365560ebff889c769f812895d6af,21db16825a01218ad59b3fd2b2d489668f8681d8,['cd679ae250894721a965d3bd0aa799b737a649e9'],Thomas Nowotny <t.nowotny@sussex.ac.uk>,1532628535,+0100,Thomas Nowotny <t.nowotny@sussex.ac.uk>,1532628535,+0100,"iAdded 512 scaling factor as it works fine on the Mbody example.
These crash out quickly on the COBAHH example.
",825728b5f395365560ebff889c769f812895d6af,brian-team_brian2genn
825ed2a0b9b626f338936987a578987b35d956c8,e8eb41575bb404651a362aa13881c0afbc0f95d5,"['5191c52860a9cdf05c6c2b72e436be109e7fa24c', 'f6ea0ac2b4ab8c98b0cca7bbf51f9bcadb4abf75']",Thomas Nowotny <tn41@inf900324.inf.susx.ac.uk>,1587569694,+0100,Thomas Nowotny <tn41@inf900324.inf.susx.ac.uk>,1587569694,+0100,"Merge branch 'genn_4' of https://github.com/brian-team/brian2genn into genn_4
",825ed2a0b9b626f338936987a578987b35d956c8,brian-team_brian2genn
825f76d834d60d6dc39e77c7f9f43a1e4ecdc284,2411b7fc794a3fb374ed260b1f0b0b94bad712ff,['a59bb872803da86977d67fac8c52af2c81a1ea23'],Marcel Stimberg <marcel.stimberg@inserm.fr>,1496135245,+0200,Marcel Stimberg <marcel.stimberg@inserm.fr>,1496135245,+0200,"cuda cask moved to caskroom/drivers, tap that first before installing (OS X)
",825f76d834d60d6dc39e77c7f9f43a1e4ecdc284,brian-team_brian2genn
82ab1f9d7f244cae3824a0a834fdb9f1fadb0f1c,8f762298dbcc72a47c62ea9b1b186d9deeb74247,['d6d64fb4e6bd0e8bbdac4551d4711f03b4d79b9c'],Marcel Stimberg <marcel.stimberg@inserm.fr>,1690387878,+0200,Marcel Stimberg <marcel.stimberg@inserm.fr>,1690387945,+0200,"Move to pyproject.toml + setuptools_scm
",82ab1f9d7f244cae3824a0a834fdb9f1fadb0f1c,brian-team_brian2genn
82e32a8d7c46bca65c033cd672ab9fcd80a6e718,865cdd6570add5c4892cdf7ad3085e27654bc63b,['d599278f4c5902a1b98c5e64351ea7cfab6521be'],Thomas Nowotny <t.nowotny@sussex.ac.uk>,1414701055,+0000,Thomas Nowotny <t.nowotny@sussex.ac.uk>,1414701055,+0000,"Put some additional files under version control that we had missed earlier.
",82e32a8d7c46bca65c033cd672ab9fcd80a6e718,brian-team_brian2genn
832ea8e1773ffe0d6219d256ef1c0eb7bd96227e,6e9f4896dd619ce0c4eef143dbe97098832e3589,['d05a50b1fce2a323edb8c1bea52beeb764ec37b3'],Marcel Stimberg <marcel.stimberg@inserm.fr>,1472222913,+0100,Marcel Stimberg <marcel.stimberg@inserm.fr>,1472222913,+0100,"Write-protect `(unless refractory)` variables in synaptic statements
",832ea8e1773ffe0d6219d256ef1c0eb7bd96227e,brian-team_brian2genn
834ce9e151871bfaa728b8e93181ef80608018e6,3cfad5af5db9882504bb1b30204af984edf6953b,['fb01a2837cfc4b4c917ac54b46065f14457e7049'],Marcel Stimberg <marcel.stimberg@inserm.fr>,1536233658,+0200,Marcel Stimberg <marcel.stimberg@inserm.fr>,1536233658,+0200,"Stop testing Python 3.5

There are some configuration issues with this version on appveyor, and
it also simply saves some precious time on the test servers
",834ce9e151871bfaa728b8e93181ef80608018e6,brian-team_brian2genn
837a4324e2e5e5a165a44476672bf87436643ca3,df8ff229e4810bbe90b3c127aaf2d8980b806cd7,"['b9ded1ccada04066cfd1011488bc0dba07708209', '64a60ebf1b44c8628a9587fe1c25908ed784b660']",Marcel Stimberg <marcel.stimberg@inserm.fr>,1550136500,+0100,GitHub <noreply@github.com>,1550136500,+0100,"Merge pull request #82 from brian-team/update_genn_syntax

Use new GeNN syntax in model",837a4324e2e5e5a165a44476672bf87436643ca3,brian-team_brian2genn
839b3fc7b729f9cbecb479c6b7593f6003f021b0,5dcc89110996c5a1477d2330d6270389610bc9e9,['b3ec1815ed08e0cf22445a815452417703c4aa21'],Marcel Stimberg <marcel.stimberg@inserm.fr>,1542822566,+0100,Marcel Stimberg <marcel.stimberg@inserm.fr>,1542822566,+0100,"Fix syntax for ""set""
",839b3fc7b729f9cbecb479c6b7593f6003f021b0,brian-team_brian2genn
839f0162c81599e466c5c42a30eaf809e1361524,4aab78eea49dffc97b7793ac21d7777f6b8866ee,['974ddcbe001aaf80d859f290f3ef61996fa10198'],Marcel Stimberg <marcel.stimberg@inserm.fr>,1542710265,+0100,Marcel Stimberg <marcel.stimberg@inserm.fr>,1542710265,+0100,"Remove conda helper scripts
",839f0162c81599e466c5c42a30eaf809e1361524,brian-team_brian2genn
84029474f7cfd030207ad7c5789eec0699b4a9bb,f1845d40e1831e6a1cebf17aec88076d5f352db1,['13ce175874c6f0283632ccd80439c168cc2dc32d'],Marcel Stimberg <marcel.stimberg@inserm.fr>,1610550657,+0100,Marcel Stimberg <marcel.stimberg@inserm.fr>,1610550657,+0100,"Set the version to 1.6 for the release
",84029474f7cfd030207ad7c5789eec0699b4a9bb,brian-team_brian2genn
8463e5fabc1950129fa61167eba3f71eaaf49ff8,be0818bae2eba2cb586e76c2739aab50754eff93,['71ca214d3547a363a28eb21d3a5e8f836efb3172'],Thomas Nowotny <t.nowotny@sussex.ac.uk>,1538159995,+0100,Thomas Nowotny <t.nowotny@sussex.ac.uk>,1538159995,+0100,"Exposed the kernel timing function of GeNN through a Brian 2 preference and write the results in the test.time file.
",8463e5fabc1950129fa61167eba3f71eaaf49ff8,brian-team_brian2genn
84930cc399c40e5ed29d07267f3c5403609546ad,28892ab03a3583011fe41256fab671e4a4c54dbb,['699c565ab1419fb83a013ff5e6957f71c861fbae'],Marcel Stimberg <marcel.stimberg@inserm.fr>,1435240691,+0200,Marcel Stimberg <marcel.stimberg@inserm.fr>,1435240691,+0200,"Port over recent changes from brian2 so that everything works with current master
",84930cc399c40e5ed29d07267f3c5403609546ad,brian-team_brian2genn
84b7c44a482a8d0f2c9acbcdb51315aa1fce1d74,48fbabbce6000932745d492ae53c1fe5c459ab59,['c7aafd917bebd748e1c1c87e4b28eeb8a487919c'],Thomas Nowotny <tn41@inf900324.inf.susx.ac.uk>,1586259385,+0100,Thomas Nowotny <tn41@inf900324.inf.susx.ac.uk>,1586259385,+0100,"Added the new template file to git.
",84b7c44a482a8d0f2c9acbcdb51315aa1fce1d74,brian-team_brian2genn
84dbfaaf427813be8a5948acb04e5ffe84f82799,72094f9713657aa055aed562e577fca6f9f526ae,"['2ecf8a89c5983377b43c691b6316a4f071341262', '82e32a8d7c46bca65c033cd672ab9fcd80a6e718']",thesamovar <dan.goodman@ens.fr>,1414716685,+0000,thesamovar <dan.goodman@ens.fr>,1414716685,+0000,Merge branch 'develop' of https://github.com/brian-team/brian2genn.git into develop,84dbfaaf427813be8a5948acb04e5ffe84f82799,brian-team_brian2genn
84eb97f2d36afb14a7670c5c4cf76abf33bbd6e2,fbb79ef48683e1a2e8aebaa63f856753d3c740ac,"['49faf57f112b56c04712e16b63f9390b12b4dfea', '34157902de1dc2cdc8a606f4228d9b2a4b9f91e4']",Thomas Nowotny <t.nowotny@sussex.ac.uk>,1487945237,+0000,GitHub <noreply@github.com>,1487945237,+0000,"Merge pull request #44 from brian-team/fix_threshold_#41

[MRG] Fix issues around threshold/resets and subexpressions and support functions",84eb97f2d36afb14a7670c5c4cf76abf33bbd6e2,brian-team_brian2genn
850ca52ef6715d5386bcbbc53a43a52c4bcba7a6,b17b228ca19903b3a4d861d438292ca3b2207954,['6556f3f4cffa2257c370617d265c74073cb0e025'],Marcel Stimberg <marcel.stimberg@inserm.fr>,1495617812,+0200,Marcel Stimberg <marcel.stimberg@inserm.fr>,1495617812,+0200,"Add GeNN repository as a submodule
",850ca52ef6715d5386bcbbc53a43a52c4bcba7a6,brian-team_brian2genn
853ae7a2071295c5fb04ced6e6b106c65895bdbf,2b2b0eea31a3112076c491f075f36b3ad76ab3d6,['ea14957e7f931ecbc7043ff5a4b3dd279a0ec9d5'],Marcel Stimberg <marcel.stimberg@inserm.fr>,1490278868,+0100,Marcel Stimberg <marcel.stimberg@inserm.fr>,1490278868,+0100,"Fix check for multiple ""run_regularly"" operations
",853ae7a2071295c5fb04ced6e6b106c65895bdbf,brian-team_brian2genn
859d1e046c4b2fecfa067bb0b59424b09e674f68,5d9cc5926eee7f8c4dc659d785673354b589d0da,['6664bbd8a781e168d07ec61210360feaeb55014c'],Marcel Stimberg <marcel.stimberg@inserm.fr>,1497430393,+0200,Marcel Stimberg <marcel.stimberg@inserm.fr>,1497430393,+0200,"Update packaged GeNN to 3.0.0
",859d1e046c4b2fecfa067bb0b59424b09e674f68,brian-team_brian2genn
85a38d2c15d3050280559321724ad9d988df2058,a522814bb46997b95aa2b2514a20e60285b5b2e5,['64cdfab433783dec7894071d28decbd23a480fc1'],Marcel Stimberg <marcel.stimberg@inserm.fr>,1536156210,+0200,Marcel Stimberg <marcel.stimberg@inserm.fr>,1536156210,+0200,"travis.yml: Do not hardcode the miniconda directory name (different on OS X)
",85a38d2c15d3050280559321724ad9d988df2058,brian-team_brian2genn
8602313d3509d20cf67a04326067d5c34158439c,1e099ef75ccdc1098b73e03209bb035e27717e74,['927726837fb937812872a7e3a315dbca794f4336'],Thomas Nowotny <tn41@inf900777.inf.susx.ac.uk>,1529605100,+0100,Thomas Nowotny <tn41@inf900777.inf.susx.ac.uk>,1529605100,+0100,"Small changes to the benchmarking scripts
",8602313d3509d20cf67a04326067d5c34158439c,brian-team_brian2genn
8618cccf33efc32170c8ac72d2c45067b24fb2ee,7182dce34d9c2ce7577614a508f1463346ec349e,['989f1dcf434c14e6285dd3f17f21ecb0a94611a5'],Marcel Stimberg <marcel.stimberg@inserm.fr>,1543415810,+0100,Marcel Stimberg <marcel.stimberg@inserm.fr>,1543415810,+0100,"Fix one more typo in documentation

[ci skip]
",8618cccf33efc32170c8ac72d2c45067b24fb2ee,brian-team_brian2genn
8623e471c189f4d578f65cfad6c246313fd1908b,9258a9ddd95438d2efb1ec76613180562d5a47a5,['7c64dfc5d6a792cc8bed4e5d6ef3501d28fcd841'],neworderofjamie <neworderofjamie@gmail.com>,1555958445,+0100,neworderofjamie <neworderofjamie@gmail.com>,1555958445,+0100,"first pass at implementing ``convert_sparse_synapses_2_dynamic_arrays``
",8623e471c189f4d578f65cfad6c246313fd1908b,brian-team_brian2genn
86ae64cd1122fe12b09e75c1e08bc0ea22e71a1d,76a0de6f4f81276d6c674525072937952d7c512e,"['0b23f3a5486b81ab1bfd798421ef65731d5a7adb', '9e39b466b4608f87d49d0e3712c94cbaaa557ef5']",Thomas Nowotny <t.nowotny@sussex.ac.uk>,1475053791,+0100,GitHub <noreply@github.com>,1475053791,+0100,"Merge pull request #29 from brian-team/check_for_invalid_values

Check for ""unstable integration""",86ae64cd1122fe12b09e75c1e08bc0ea22e71a1d,brian-team_brian2genn
86b12a5e59e33769692978aeb35f001aef3a6d36,314ac876ed2a9075d972e9bddb7461defdf20756,['9c53c2404580ac45313c851795feb59a1fdfafac'],Marcel Stimberg <marcel.stimberg@inserm.fr>,1586452502,+0200,Marcel Stimberg <marcel.stimberg@inserm.fr>,1586452513,+0200,"Raise NotImplementedError for seed function
",86b12a5e59e33769692978aeb35f001aef3a6d36,brian-team_brian2genn
86bd5ca7f5b98a34a12b3b1997a9f84d1e207379,8ad3308f3621d89734ff72b72a28b6807aacac88,['cc96cb0d7d9eb596024f07810d6be1ac99371c2a'],thesamovar <dan.goodman@ens.fr>,1405140734,-0400,thesamovar <dan.goodman@ens.fr>,1405140734,-0400,"Should do more or less what the old brian2 genn device did now, but not
sure if it is correct or will work in genn",86bd5ca7f5b98a34a12b3b1997a9f84d1e207379,brian-team_brian2genn
87391f28b4646d664b7a21fac43399a1f10e33e4,3cfad5af5db9882504bb1b30204af984edf6953b,"['79c32fe08dae68aac58172d171195700067f2088', '834ce9e151871bfaa728b8e93181ef80608018e6']",Marcel Stimberg <marcel.stimberg@inserm.fr>,1536253539,+0200,GitHub <noreply@github.com>,1536253539,+0200,"Merge pull request #71 from brian-team/code_slots

Add code slots for the `device.insert_code` mechanism",87391f28b4646d664b7a21fac43399a1f10e33e4,brian-team_brian2genn
8763112de7036003f90f9af45662c23d459328c1,5097ab28c2f6af6f85accc64fb744f84b68257d0,['d175185fb282201b8e3d1fcbe3e12695620c2472'],Marcel Stimberg <marcel.stimberg@inserm.fr>,1509462556,+0100,Marcel Stimberg <marcel.stimberg@inserm.fr>,1509462556,+0100,"Fix version requirement in meta.yaml
",8763112de7036003f90f9af45662c23d459328c1,brian-team_brian2genn
8773bcd3202d50c912ef6857d8d4ba078a030587,715cc840a4d7ac560b490ad8fbc02c70cd0a9ddb,['c0646b6fec138af80fe06ad481fee7638a5680df'],Marcel Stimberg <marcel.stimberg@inserm.fr>,1588098399,+0200,Marcel Stimberg <marcel.stimberg@inserm.fr>,1588098399,+0200,"Make sure the new preferences are correctly documented

Also do not document the deprecated preferences
[ci skip]
",8773bcd3202d50c912ef6857d8d4ba078a030587,brian-team_brian2genn
8796060b852f2f4e13471256c9c465dac16a404f,2ab29bca0f0b04cb0c7eab6ed53f2898cfecccf0,['50e230793f9ed1cbe3ada053539e27e51ea7a474'],Thomas Nowotny <t.nowotny@sussex.ac.uk>,1424477140,+0000,Thomas Nowotny <t.nowotny@sussex.ac.uk>,1424477140,+0000,"Further development, introducing state monitors. But it's still a bit hacky: the current implementation assumes that all recorded variables are proper neuron variables; maybe synapse variables might work too but need to check.
Also fixed a bug where decorate was called twice for parameters with the effect that double-decoration took place.
",8796060b852f2f4e13471256c9c465dac16a404f,brian-team_brian2genn
87b832b056a2cd7186af5e8aca914f005e8f10a4,9d027ff17b884070409799bcd60eaaf7c01efe98,['19547cc752780a4fa175e0e5995f7dbee378e517'],Thomas Nowotny <t.nowotny@sussex.ac.uk>,1413482382,+0100,Thomas Nowotny <t.nowotny@sussex.ac.uk>,1413482382,+0100,"initial development of the full brian2 - genn interface.
At this stage we have the brian2 code for loading or generating synaptic connectivity preserved and need to write functions that will translate the resulting data into the needed genn connectivity descriptions.
",87b832b056a2cd7186af5e8aca914f005e8f10a4,brian-team_brian2genn
881ad37d774fef7bc5fcb93c9d7d7982b3c95c1b,983ff07fa573717cc96b69d78febb0ca84cf70c2,['1425409d2c2e32877fc9c16ef9b94f8267a6bfdd'],Marcel Stimberg <marcel.stimberg@inserm.fr>,1497817119,+0200,Marcel Stimberg <marcel.stimberg@inserm.fr>,1497817119,+0200,"Give a proper email address -- pypi upload does not work otherwise
",881ad37d774fef7bc5fcb93c9d7d7982b3c95c1b,brian-team_brian2genn
88e57202bcb869c083bf762ddd20c02b9a7b9849,5340919e3162a50ef1096ee4ef1b8b48e7968858,['eb34d19d6edea93b87967531c0b00c1e3e237914'],Marcel Stimberg <marcel.stimberg@inserm.fr>,1535730250,+0200,Marcel Stimberg <marcel.stimberg@inserm.fr>,1535730250,+0200,"Use ""magicnetwork_model"" as the model name everywhere for backwards compatibility
",88e57202bcb869c083bf762ddd20c02b9a7b9849,brian-team_brian2genn
88ec2f7a83f09e73ff41634d4eb88d00142cfaaf,a5269b472adc26706df8997a23921ad9458042ec,['243a163280b954ad8865e0dadcdfa035cc072f03'],neworderofjamie <neworderofjamie@gmail.com>,1587634799,+0100,neworderofjamie <neworderofjamie@gmail.com>,1587634799,+0100,"attempted to deprecate old preferences
",88ec2f7a83f09e73ff41634d4eb88d00142cfaaf,brian-team_brian2genn
897fd0ab83e75018f0b5e65ad3d8033ecce6b368,7ed88a7b981f9d59c88397ab70cb5f63887ad11d,['ada56aff2d99baeeeb038d832b21e37fd08296a0'],Marcel Stimberg <marcel.stimberg@inserm.fr>,1497541811,+0200,Marcel Stimberg <marcel.stimberg@inserm.fr>,1497541811,+0200,"Only build conda packages (which requires CUDA) when doing a release
",897fd0ab83e75018f0b5e65ad3d8033ecce6b368,brian-team_brian2genn
89bb39060bbf3158c2718e4299adda97c3c0836f,92c1ac3dd28afe56ce8123061164d4db6b1a7a94,['4084a72c29d1e5cd588dcb6a5a7e53312b5394da'],Marcel Stimberg <marcel.stimberg@inserm.fr>,1493293861,+0200,Marcel Stimberg <marcel.stimberg@inserm.fr>,1493293887,+0200,"Use Brian2's object.cpp unchanged to be compatible with upcoming changes in Brian 2
",89bb39060bbf3158c2718e4299adda97c3c0836f,brian-team_brian2genn
89bcb6d4e3f23337d77da465893784a4d19c2193,14f177dda20df985e5d6cc7dcc9a2c3ef570f8c9,['2f4faafb77e9e1bb5df29b1f604309b30cd79aeb'],Marcel Stimberg <marcel.stimberg@inserm.fr>,1497532939,+0200,Marcel Stimberg <marcel.stimberg@inserm.fr>,1497532939,+0200,"***** Release brian2genn 0.9rc0 *****
",89bcb6d4e3f23337d77da465893784a4d19c2193,brian-team_brian2genn
8a481b090b60d3f8f1203f67dbedada68a651e65,9c711da596b5e34ddf2b03c638d9a02868bf90a4,['0ffd898e7557534fbc2fa4944a7d4b0f709eeb6c'],Marcel Stimberg <marcel.stimberg@inserm.fr>,1496155619,+0200,Marcel Stimberg <marcel.stimberg@inserm.fr>,1496155619,+0200,"Fix syntax issues in bld.bat
",8a481b090b60d3f8f1203f67dbedada68a651e65,brian-team_brian2genn
8a49c030bc8655644cd7d1850f473e09e4ce30f3,012f4337251bb0823e4fbe97786c4c2c500297ab,['4c40d3f81d90d0adddf0d6accd1a8c1e1483fac5'],thesamovar <dan.goodman@ens.fr>,1414626557,+0000,thesamovar <dan.goodman@ens.fr>,1414626557,+0000,Added correctness testing,8a49c030bc8655644cd7d1850f473e09e4ce30f3,brian-team_brian2genn
8a91f013d059bda3f0e2e0c04f7d600532059d3e,96a5dc14937ec1dff239a359aa2c37473c20aa3b,['c56621a185a66132f449667ae78ce55bc0e1702c'],Marcel Stimberg <marcel.stimberg@inserm.fr>,1479205819,+0100,Marcel Stimberg <marcel.stimberg@inserm.fr>,1479207482,+0100,"Execute all compilation arguments in a single subprocess call on Windows
Otherwise the environment variables set by vcvarsall.bat will not be available
",8a91f013d059bda3f0e2e0c04f7d600532059d3e,brian-team_brian2genn
8abf5eb681c13e041a354a2652cf22e5bacd7b44,bff3dd7993141d67a0a08b360cd81903be3f7330,['399a9d1462e5642cc4f2644a9a10a0286a4a7c44'],Marcel Stimberg <marcel.stimberg@inserm.fr>,1554994766,+0200,Marcel Stimberg <marcel.stimberg@inserm.fr>,1554994766,+0200,"Raise NotImplementedError (ignored by test suite) instead of KeyError
for functions without GeNN implementation.
",8abf5eb681c13e041a354a2652cf22e5bacd7b44,brian-team_brian2genn
8b21727e3082599dab458ecbb5e2de4d3849eb30,2b9def5d795f59080c05f3796514c003c68e656c,['88ec2f7a83f09e73ff41634d4eb88d00142cfaaf'],neworderofjamie <neworderofjamie@gmail.com>,1587635151,+0100,neworderofjamie <neworderofjamie@gmail.com>,1587635151,+0100,"nuance
",8b21727e3082599dab458ecbb5e2de4d3849eb30,brian-team_brian2genn
8b40bdf3c2f13e74820835ee3990bd8618081d82,e180ef3bed168438610feba9caab4ce3fa5f9d28,['186ee772976d5e1c25e6be22201a213180363233'],Marcel Stimberg <marcel.stimberg@inserm.fr>,1542723254,+0100,Marcel Stimberg <marcel.stimberg@inserm.fr>,1542723833,+0100,"Hopefully fix env variable definitions once and for all
",8b40bdf3c2f13e74820835ee3990bd8618081d82,brian-team_brian2genn
8b5b37c7b148de9383b017310628f7d8df13e6db,35b85f92a2cfa715b672b2f77ee3ee469a27c374,['2e5bd9a93620824f7415089aa443a0ba4a8fa73b'],Thomas Nowotny <t.nowotny@sussex.ac.uk>,1443468658,+0100,Thomas Nowotny <t.nowotny@sussex.ac.uk>,1443468658,+0100,"Implemented the new speed testing regime that uses a ceiling on runtime for long runs.
",8b5b37c7b148de9383b017310628f7d8df13e6db,brian-team_brian2genn
8b9a82dc658341f8129bfa944f712be8de05811e,3c153f86883a602cbaf4122b4138e8f39e58dcbe,['92a72d7edc8e2fcd66d6cb997a5f4598f3bfaba8'],Marcel Stimberg <marcel.stimberg@inserm.fr>,1498447334,+0900,Marcel Stimberg <marcel.stimberg@inserm.fr>,1498447334,+0900,"Add a note about matplotlib installation to the docs

[ci skip]
",8b9a82dc658341f8129bfa944f712be8de05811e,brian-team_brian2genn
8baeb765f8a1eeaf7957ea9872f37571108a3dde,d35aab9ea2d1bab570059ca0246c51f4317bbf7f,['07e0869634a29f213c3d291054471f907e58a886'],Marcel Stimberg <marcel.stimberg@inserm.fr>,1496074686,+0200,Marcel Stimberg <marcel.stimberg@inserm.fr>,1496074713,+0200,"Another try (OS X)
",8baeb765f8a1eeaf7957ea9872f37571108a3dde,brian-team_brian2genn
8bda836e8928f7293d84f9e44438745efbbc572e,84a194b0d6b59703f7d04b5dbbd5a67664b63b97,['8abf5eb681c13e041a354a2652cf22e5bacd7b44'],Marcel Stimberg <marcel.stimberg@inserm.fr>,1554994800,+0200,Marcel Stimberg <marcel.stimberg@inserm.fr>,1554994800,+0200,"Require the latest version of Brian 2
",8bda836e8928f7293d84f9e44438745efbbc572e,brian-team_brian2genn
8bdb8f9c9fc41b47d96c37a27ba82721f36cfbbb,0ec019dd33a5cbf35a5c0f280a5dc0bd0a07ea06,['fe4dee5d8b0390d601ff8618c0ff25ffe9bd9fc4'],Thomas Nowotny <t.nowotny@sussex.ac.uk>,1441221379,+0100,Thomas Nowotny <t.nowotny@sussex.ac.uk>,1441221379,+0100,"Added documentation
",8bdb8f9c9fc41b47d96c37a27ba82721f36cfbbb,brian-team_brian2genn
8c6da48b3aeec9dfdbf30dc0fd5c7c517e8aecc7,913699f7cda3f1b24536f9541489fe9fc473bc7d,['825728b5f395365560ebff889c769f812895d6af'],Thomas Nowotny <t.nowotny@sussex.ac.uk>,1533056752,+0100,Thomas Nowotny <t.nowotny@sussex.ac.uk>,1533056752,+0100,"I tried to assemble a sensible package of benchmakrks (see run_all.sh).
",8c6da48b3aeec9dfdbf30dc0fd5c7c517e8aecc7,brian-team_brian2genn
8ce422b6b623c1948fe10087052572d75b6741ad,a284af73c65c496f667f68743ba9d8e6b86e2f06,['c5003634bf184102269cf0f4aeffc1626866b9b5'],neworderofjamie <neworderofjamie@gmail.com>,1588007167,+0100,neworderofjamie <neworderofjamie@gmail.com>,1588007183,+0100,"updates to manual
",8ce422b6b623c1948fe10087052572d75b6741ad,brian-team_brian2genn
8ceb4be49b5518b14ab858358c3d5738146e4783,7c36a55dc142f71e6336a97e18043978269bec0b,['ae8d0f8590055e1f0ca776a905cd655712af88cf'],Marcel Stimberg <marcel.stimberg@inserm.fr>,1555011113,+0200,Marcel Stimberg <marcel.stimberg@inserm.fr>,1555011113,+0200,"Fix typo and whitespace
",8ceb4be49b5518b14ab858358c3d5738146e4783,brian-team_brian2genn
8cf55262bcfdade090ec415fb4a15bd677bc6fb6,b9eec14d2102c17cb6c8a788dfd8a64f239a4731,['0736101641d10d8844e0c3ee1311a2a4ae78b304'],Marcel Stimberg <marcel.stimberg@inserm.fr>,1586354183,+0200,Marcel Stimberg <marcel.stimberg@inserm.fr>,1586354183,+0200,"Remove redundant parentheses in print calls
",8cf55262bcfdade090ec415fb4a15bd677bc6fb6,brian-team_brian2genn
8d01ef3ce4b0a803b82c672f1e2e24a4242cfbbb,9eb1f8a6cf3ec8f3150747b9e36d9865111eb9af,['f218195040303f3e61ccfe9948295aeb8611c45b'],Thomas Nowotny <t.nowotny@sussex.ac.uk>,1441222388,+0100,Thomas Nowotny <t.nowotny@sussex.ac.uk>,1441222388,+0100,"read the docs sphinx cannot locate brian2genn.sphinxext.generate_reference. Trying to add '..' to search path.
",8d01ef3ce4b0a803b82c672f1e2e24a4242cfbbb,brian-team_brian2genn
8d548ac805e3b18502f8930c6ca3bb4610986d37,0e1d5b77429f0e4ae1444662ec666363b7618954,['a67d3ea0c2b529338dce4adbe22d88cc0e1554f4'],Marcel Stimberg <marcel.stimberg@inserm.fr>,1542814409,+0100,Marcel Stimberg <marcel.stimberg@inserm.fr>,1542814409,+0100,"...and go back to VS 2017
",8d548ac805e3b18502f8930c6ca3bb4610986d37,brian-team_brian2genn
8e09a2decbc838829dd2ed518f81799e1b3ca1ee,9f08e530870035dc33f97e99854997ec50dded24,['29b2b93e5b9a73dbd73622c6e8f6e6199a735a9b'],Thomas Nowotny <tn41@inf900324.inf.susx.ac.uk>,1586639815,+0100,Thomas Nowotny <tn41@inf900324.inf.susx.ac.uk>,1586639815,+0100,"Fixed a problem of incomplete update of convert_sparse_synapses_2_dynamic_arrays calls.
",8e09a2decbc838829dd2ed518f81799e1b3ca1ee,brian-team_brian2genn
8f7493023ad0a0bf417dd047ae43ffa32375e676,b0196dbfcc606710d0976f805d91743cabef8498,['16eee9765dc11d5ab35207ee601d40c24c56b9ea'],Felix B. Kern <kernfel+github@gmail.com>,1641637024,+0900,Felix B. Kern <kernfel+github@gmail.com>,1641863679,+0900,"Added support for slower clocks in StateMonitor objects
",8f7493023ad0a0bf417dd047ae43ffa32375e676,brian-team_brian2genn
8f84fbd9991290560dc1b17b3c1bc556a90e1712,607664b58d67c096014df85fff08d6404e26d0e8,['94e801cd7fd5a80f99049313e059ecb78a422bf5'],Marcel Stimberg <marcel.stimberg@inserm.fr>,1682005143,+0200,Marcel Stimberg <marcel.stimberg@inserm.fr>,1682005143,+0200,"Update test environment

Test against GeNN 4.8.0 and use newer Python/OS versions
",8f84fbd9991290560dc1b17b3c1bc556a90e1712,brian-team_brian2genn
8fb5488bd44ddcf2c3fe7c1541d45d9b80168baf,3a49ee78e111b3498aa7c6e5314a975c11ff85d5,['2459628825dd499740d9cbc724646c8859d9db69'],neworderofjamie <neworderofjamie@gmail.com>,1585906566,+0100,neworderofjamie <neworderofjamie@gmail.com>,1585906566,+0100,"Has testing switched from nose to pytest?
",8fb5488bd44ddcf2c3fe7c1541d45d9b80168baf,brian-team_brian2genn
8fb718ce3ba34c69a24205df88b1d7e9dd69bef9,f8b9d8d3a62be2be5000f3310fee395896412dc4,['b7bfd99d4bcfc2e9868f8fa42e7df79e6476f519'],Marcel Stimberg <marcel.stimberg@inserm.fr>,1559747643,+0200,Marcel Stimberg <marcel.stimberg@inserm.fr>,1559747643,+0200,"On Azure: Activate conda environment for each task
",8fb718ce3ba34c69a24205df88b1d7e9dd69bef9,brian-team_brian2genn
8fcee4d962089d6e6778ff71c82659a47e2237ee,a6a3a41c9e938f146d6ada684400f27a26282f85,['1438c759b58a0894d0e41ff8ec2feef5f306919a'],Marcel Stimberg <marcel.stimberg@inserm.fr>,1497626161,+0200,Marcel Stimberg <marcel.stimberg@inserm.fr>,1497626161,+0200,"Debug environment variables in appveyor.yml
",8fcee4d962089d6e6778ff71c82659a47e2237ee,brian-team_brian2genn
8fdba14ca25415b43c841f677749506e817290a5,a981322a79e9a150060f91ea9032afba569921a1,"['164f22d9c57d95894494b4caf49400641f0dad7a', '145af6f94ce1a558786dae476b0f5342418fd42e']",Marcel Stimberg <marcel.stimberg@inserm.fr>,1643376225,+0100,GitHub <noreply@github.com>,1643376225,+0100,"Merge pull request #141 from kernfel/fix_repeat_runs

Fix repeat runs",8fdba14ca25415b43c841f677749506e817290a5,brian-team_brian2genn
8ff89a7c612115bb12f30c299fcc289a2761297c,069a57ed77842eceaecfa82dfeee78d2880b5ff6,['8796060b852f2f4e13471256c9c465dac16a404f'],Thomas Nowotny <t.nowotny@sussex.ac.uk>,1424510598,+0000,Thomas Nowotny <t.nowotny@sussex.ac.uk>,1424510598,+0000,"I was over-zealous with removing GPU to CPU copies in runner.cpp leading to the final state not being copied back. This I have now re-introduced. Hopefully this was behind the recent failure of feature tests.
",8ff89a7c612115bb12f30c299fcc289a2761297c,brian-team_brian2genn
9011cf6c7b8c630a809675ac9aca5a00fc3a5580,7348ac75116dd23a006f1f4aab4d0a83b4ba5ec7,['7060599c11bf57416747c74e46534002854a7c72'],neworderofjamie <J.C.Knight@sussex.ac.uk>,1559646038,+0100,neworderofjamie <J.C.Knight@sussex.ac.uk>,1559646038,+0100,"Revert change that removed seed initialisation
",9011cf6c7b8c630a809675ac9aca5a00fc3a5580,brian-team_brian2genn
903d2abebfa4f51f5fc005b1d5cb106807839d0a,4e6def06acba5d5c91025f707f070dae069e4785,['9cb3c8a81be3650d87e44dc943fd7ba47a1be6b0'],Marcel Stimberg <marcel.stimberg@sorbonne-universite.fr>,1725435945,+0200,Marcel Stimberg <marcel.stimberg@sorbonne-universite.fr>,1725435945,+0200,"Avoid numpy 2

The Brian version we depend on is not yet numpy 2 compatible
",903d2abebfa4f51f5fc005b1d5cb106807839d0a,brian-team_brian2genn
9042274bffbb6c3486731c1a65c8137db663dfc4,563bd6dc0820f59b4de2ddf1c44bde542a7048f9,['5691b0fd52fda1f9f3d1af620f32aa00fcb5a0bf'],Marcel Stimberg <marcel.stimberg@inserm.fr>,1471868335,+0100,Marcel Stimberg <marcel.stimberg@inserm.fr>,1471881115,+0100,"Use .cpp (instead of .cc) for brian2genn-generated files
This is more consistent with C++ standalone
",9042274bffbb6c3486731c1a65c8137db663dfc4,brian-team_brian2genn
90586e5d4e1cdd1eeacaf8e2aa27d989154a1af7,d136878df830045873aac66e53ff7905be462f72,['e3fba72f8c616a6893a62ebb36a6f2f9885937a3'],Marcel Stimberg <marcel.stimberg@inserm.fr>,1535732869,+0200,Marcel Stimberg <marcel.stimberg@inserm.fr>,1535732869,+0200,"Prefer the brian-team channel over conda-forge

Otherwise we'll never install the development version for the ""latest""
dependencies
",90586e5d4e1cdd1eeacaf8e2aa27d989154a1af7,brian-team_brian2genn
90c09b8739dc8075bf2f20354949997a03b313df,50f98144e07255428bc99fff14ee8cb71518aae5,['112b4fe7d15ad371784c3265f00e4f0244a222b1'],Marcel Stimberg <marcel.stimberg@inserm.fr>,1486386074,+0100,Marcel Stimberg <marcel.stimberg@inserm.fr>,1486647405,+0100,"Add support for shared (scalar) variables
",90c09b8739dc8075bf2f20354949997a03b313df,brian-team_brian2genn
90d757c7c931fe1097b24f84da3308e700b48ffd,a2d486a6d1b515416b08e6c09a3bb4c4f920d46a,['f6866b70e4119acf856adf334b010de9dd025d59'],Marcel Stimberg <marcel.stimberg@inserm.fr>,1497805248,+0200,Marcel Stimberg <marcel.stimberg@inserm.fr>,1497805248,+0200,"Correctly deal with space in CUDA_PATH on Windows
",90d757c7c931fe1097b24f84da3308e700b48ffd,brian-team_brian2genn
9185c3a0c83ea2bede4007c60376b32424bcf5bf,6ad53a56dc6b812fb67488a13b0d30f78da13edc,['1a20eae61ac48c515342f400decbe19babfa868c'],Marcel Stimberg <marcel.stimberg@inserm.fr>,1492530609,+0200,Marcel Stimberg <marcel.stimberg@inserm.fr>,1492530609,+0200,"Allow setting the path to GeNN via a preference
",9185c3a0c83ea2bede4007c60376b32424bcf5bf,brian-team_brian2genn
919484a6dc1f45858b48f9b34327fa305bc7a275,3ebc4b7202d38eb57a5c90d052caba69f319737e,['adc3b7e6981a9cd617c47303607d0ee730c9ea15'],Marcel Stimberg <marcel.stimberg@inserm.fr>,1537449229,+0200,Marcel Stimberg <marcel.stimberg@inserm.fr>,1537449229,+0200,"Deactivate testing against ""stable"" versions for now

We need GeNN's unreleased 3.2 version (i.e. currently github master)
",919484a6dc1f45858b48f9b34327fa305bc7a275,brian-team_brian2genn
91bbe5d2259ad7d9907afe01edabd52d877062cb,92ba13e1d0bc3335fb24bbb5dd5d18b6190b84a2,['65600abb9142764c285a9a66ec7c823e245d26eb'],Marcel Stimberg <marcel.stimberg@inserm.fr>,1542970365,+0100,Marcel Stimberg <marcel.stimberg@inserm.fr>,1542970365,+0100,"Store source path explicitly instead of using Azure variable
",91bbe5d2259ad7d9907afe01edabd52d877062cb,brian-team_brian2genn
920bd280d2f1f8086cf77bbbf82b5fc6a5c95d1c,0dd71876d2a72942b8926858365b90cba7e4d807,"['ef269934eb7741c606852dc7cec7801a13467683', '7553f2b291b44e052d3b03c3439ac0ca5b87db36']",Marcel Stimberg <marcel.stimberg@inserm.fr>,1725548612,+0200,GitHub <noreply@github.com>,1725548612,+0200,"Merge pull request #157 from brian-team/update_gh_actions

Update GitHub actions",920bd280d2f1f8086cf77bbbf82b5fc6a5c95d1c,brian-team_brian2genn
9217bc10849e929cd48d6c873499400be44d25cb,bd2f5c4b0560e32b27da5c99a49a0d3477bd495e,['34e6c950dabf0581fde26aa07d3a32b1bf0af6dd'],Thomas Nowotny <tn41@inf900324.inf.susx.ac.uk>,1595596021,+0100,Thomas Nowotny <tn41@inf900324.inf.susx.ac.uk>,1595596021,+0100,"Fixed the output of DT in main.cpp so that very small DT don't look as if they were 0.
",9217bc10849e929cd48d6c873499400be44d25cb,brian-team_brian2genn
92330ba6a5ddb47c90d553facd49e62a2e35886e,01cba12d595b9881cea566ccdd7956287e8d372d,['4879a273de0fd2060bb8ddc68d3beeff37fb8cdc'],Thomas Nowotny <t.nowotny@sussex.ac.uk>,1563818472,+0100,Thomas Nowotny <t.nowotny@sussex.ac.uk>,1563818472,+0100,"Implemented the ""sign"" function as a standard provided function in b2glib header files. This seems to work even if it looks a little out of place.
",92330ba6a5ddb47c90d553facd49e62a2e35886e,brian-team_brian2genn
9259a9a4d20c219534b72b39003132687a4ce8af,c121abcad7ccec4d3f8d80f6a39dd40890771a7d,['9b51c430ef44306876a7ea6471a0138a9fc79b71'],Marcel Stimberg <marcel.stimberg@inserm.fr>,1509976164,+0100,Marcel Stimberg <marcel.stimberg@inserm.fr>,1509976164,+0100,"***** Release brian2genn 1.1.4 *****
",9259a9a4d20c219534b72b39003132687a4ce8af,brian-team_brian2genn
926fb8d04870a45fb9a6771eef8e7644ae7db620,74100c93152e0f729e2c8b3879b52c378fffe28d,['4714eb9748cc265a31859e228c239f2dba4dfb24'],Marcel Stimberg <marcel.stimberg@inserm.fr>,1641567727,+0100,Marcel Stimberg <marcel.stimberg@inserm.fr>,1641814324,+0100,"Require Brian 2.5
",926fb8d04870a45fb9a6771eef8e7644ae7db620,brian-team_brian2genn
927726837fb937812872a7e3a315dbca794f4336,ba2aa56532d70ab1224114d86c6cb48fbfe978f1,"['04562acffed4cc82879595370300fb5d2a615ffb', '9a1a975873692f39de1ab4e15798ee51a82f1ef6']",Thomas Nowotny <tn41@inf900777.inf.susx.ac.uk>,1529605049,+0100,Thomas Nowotny <tn41@inf900777.inf.susx.ac.uk>,1529605049,+0100,"Merge branch 'master' into benchmarking
",927726837fb937812872a7e3a315dbca794f4336,brian-team_brian2genn
928f73884986f303b3a6745c4d91b71fd9a68452,1af477e15efad757d3b052cba010b01547a89d24,['fdd1b32bc4f40e5f0ad08b33a4c91cfb09b7e1f0'],Marcel Stimberg <marcel.stimberg@inserm.fr>,1559811671,+0200,Marcel Stimberg <marcel.stimberg@inserm.fr>,1559811671,+0200,"Compatibility fix for Brian 2 master
",928f73884986f303b3a6745c4d91b71fd9a68452,brian-team_brian2genn
92a72d7edc8e2fcd66d6cb997a5f4598f3bfaba8,9edc6fa41533ebe0a889f026a20ee2dd3053e2f4,['50c2af176616d3ea1424961a78bfad9a87be49c1'],Marcel Stimberg <marcel.stimberg@inserm.fr>,1498237117,+0200,Marcel Stimberg <marcel.stimberg@inserm.fr>,1498237117,+0200,"Add information about how to do a release
",92a72d7edc8e2fcd66d6cb997a5f4598f3bfaba8,brian-team_brian2genn
9314b8cf2870807dd815812df0773e006a53bb21,24fc9b06f59dbe6618ac447f0d014a7238ad0332,['d5e9762f62584fd64742dbcfaf604efd0963ee76'],Marcel Stimberg <marcel.stimberg@inserm.fr>,1435164874,+0200,Marcel Stimberg <marcel.stimberg@inserm.fr>,1435164874,+0200,"Update to work with device_correctness branch in brian2
",9314b8cf2870807dd815812df0773e006a53bb21,brian-team_brian2genn
937219923aa5a640db4ead3d5f2a5d42b9a8e30c,1b6ad72cdcbb01ef522f55065d97c647fb294c2f,['9aa2daf0d33fa04de6ff8506e482db5992e26020'],neworderofjamie <neworderofjamie@gmail.com>,1558349943,+0100,neworderofjamie <neworderofjamie@gmail.com>,1558349943,+0100,"Fixed implementation of ``convert_dynamic_arrays_2_sparse_synapses``
",937219923aa5a640db4ead3d5f2a5d42b9a8e30c,brian-team_brian2genn
938e0ba05b7fb55374487bf26305737512e634ba,200760f0a5e140584eb26307887b19b0c890d1ea,['d13d5ab4f49c47b7d98976acbc7f9e453b85cb41'],Marcel Stimberg <marcel.stimberg@inserm.fr>,1509728752,+0100,Marcel Stimberg <marcel.stimberg@inserm.fr>,1509728752,+0100,"***** Release brian2genn 1.1.2 *****
",938e0ba05b7fb55374487bf26305737512e634ba,brian-team_brian2genn
9450b410cc69a4e42d6c0d7d43dc94106f6ba4ad,8e392a86c6958ce00fdbcf6a18aa28c1fd39fb79,['53e5f8c2f126f9c3e9a2aa6819beaf7c1dd7511f'],Marcel Stimberg <marcel.stimberg@inserm.fr>,1650028071,+0200,Marcel Stimberg <marcel.stimberg@inserm.fr>,1651072192,+0200,"run reg: only push written variables to device

Previously, all variables of the owner were pushed, potentially
overwriting existing values on the device.

Fixes #135
",9450b410cc69a4e42d6c0d7d43dc94106f6ba4ad,brian-team_brian2genn
948d9f8bae8fae5b03564cfc68d89b54a779fe95,642348628ce99b1a5ee59f49444909c5fff04b2a,['4861a197cddb4cc1fd7f71b290884a8c4a6b6b40'],Marcel Stimberg <marcel.stimberg@inserm.fr>,1542891361,+0100,Marcel Stimberg <marcel.stimberg@inserm.fr>,1542891658,+0100,"Try using pip instead of conda
",948d9f8bae8fae5b03564cfc68d89b54a779fe95,brian-team_brian2genn
94a2512b5682a2a8faad44f63e2897fd15314334,795bba9810a7f770dd3dc742279d1380de3074ce,['f38909467cfa476fe9ca3c3170a89ffceb8a06ca'],Marcel Stimberg <marcel.stimberg@inserm.fr>,1509612721,+0100,Marcel Stimberg <marcel.stimberg@inserm.fr>,1509612721,+0100,"Remove the use of `os.unsetenv` which is not supported on all platforms

If it *is* supported, it will be called automatically when we delete from `os.environ`
",94a2512b5682a2a8faad44f63e2897fd15314334,brian-team_brian2genn
94aa5e58bc1c740faaee9e2051c2ab98eba8b6bb,ae9f78805df1df269898d578681829556c8d0e32,['c5acf5e90ad3a2ac00d25e92c4a1d3c7c62d303c'],Marcel Stimberg <marcel.stimberg@inserm.fr>,1510063209,+0100,Marcel Stimberg <marcel.stimberg@inserm.fr>,1510063209,+0100,"Set version to 1.1.5+git

[ci skip]
",94aa5e58bc1c740faaee9e2051c2ab98eba8b6bb,brian-team_brian2genn
94e801cd7fd5a80f99049313e059ecb78a422bf5,0a70a3c774d3be9bff1f2007722c31452c74ffc0,"['3297fa0ef53ed14c7567c617f2e9fb4d1b2cd219', '38b9b9e2b8498b011a7ffc99d8c129d2d090b614']",Marcel Stimberg <marcel.stimberg@inserm.fr>,1654255186,+0200,GitHub <noreply@github.com>,1654255186,+0200,"Merge pull request #149 from kernfel/fix_cuda_pref_error

Correctly identify cuda_path prefs location",94e801cd7fd5a80f99049313e059ecb78a422bf5,brian-team_brian2genn
953cf88f741f679afd597eeb8f46bfe59163f834,bf0a1266b72f86e0a362b1815062e3ce26eace08,['9c5aecbdd52cb0ac1b121849f830e34482a480f7'],Marcel Stimberg <marcel.stimberg@inserm.fr>,1497606447,+0200,Marcel Stimberg <marcel.stimberg@inserm.fr>,1497606447,+0200,"Try to investigate CUDA installation problem on appveyor
",953cf88f741f679afd597eeb8f46bfe59163f834,brian-team_brian2genn
95abed7a0c0efe3bd514311fd862094f10d179bd,8f98de1ed8a47fbdfc662204def56531af72582e,['80bcc822d81e9724c72c900f64142ce1c932c249'],Marcel Stimberg <marcel.stimberg@inserm.fr>,1492594187,+0200,Marcel Stimberg <marcel.stimberg@inserm.fr>,1492619822,+0200,"Raise an error when trying to set delays with string expressions

Closes #49
",95abed7a0c0efe3bd514311fd862094f10d179bd,brian-team_brian2genn
967c003f6fabcb697390a7127c5f97fd4fbcd5b1,7727b476a088ea231f85620a5872276893354ee5,['8f84fbd9991290560dc1b17b3c1bc556a90e1712'],Marcel Stimberg <marcel.stimberg@inserm.fr>,1682518102,+0200,Marcel Stimberg <marcel.stimberg@inserm.fr>,1682518102,+0200,"Raise NotImplementedError for syn–syn connection
",967c003f6fabcb697390a7127c5f97fd4fbcd5b1,brian-team_brian2genn
96824d8a6b25e838cc044580a744b93e5f6f2aca,221e51328998d20dc320fbafe546a2a7a05ebd31,['67dd275c91f59c8edeae0e15bbb56326082b5fb6'],Marcel Stimberg <marcel.stimberg@inserm.fr>,1541498118,+0100,Marcel Stimberg <marcel.stimberg@inserm.fr>,1541498118,+0100,"Apply recent changes from Brian 2 (see brian-team/brian2#1017)
",96824d8a6b25e838cc044580a744b93e5f6f2aca,brian-team_brian2genn
96bf5da6eec49d9e07cc45300fec20b732df4e6e,165d2d8e577cd96577e513d902739e2808cbf77a,['f5477a1cdbc0e0378809f680a205ac2e24bf9b05'],Marcel Stimberg <marcel.stimberg@inserm.fr>,1586532667,+0200,Marcel Stimberg <marcel.stimberg@inserm.fr>,1586533431,+0200,"Used named namespaces to avoid issues with redefining support code functions
",96bf5da6eec49d9e07cc45300fec20b732df4e6e,brian-team_brian2genn
974ddcbe001aaf80d859f290f3ef61996fa10198,c338303b33a603b7af3084557ba5ab7cd7ecd5f7,['65fd6066cef6a7832fcee66bfef13efd8c110f34'],Marcel Stimberg <marcel.stimberg@inserm.fr>,1542709744,+0100,Marcel Stimberg <marcel.stimberg@inserm.fr>,1542709744,+0100,"Remove support for running GeNN library files shipped with Brian2GeNN
",974ddcbe001aaf80d859f290f3ef61996fa10198,brian-team_brian2genn
9787af8b71fc2b81bef0120fed842da90b9f95dd,be79374143e3413717c65303a125168e49abe530,['40755034bbefee64b8abb66cecf12a4b7f52ee15'],Thomas Nowotny <t.nowotny@sussex.ac.uk>,1441225246,+0100,Thomas Nowotny <t.nowotny@sussex.ac.uk>,1441225246,+0100,"CHanged conf,py in teh hope the sphix extensions may now be found
",9787af8b71fc2b81bef0120fed842da90b9f95dd,brian-team_brian2genn
97a8a747388f18e85973fa574fd83df69885a0ed,ce470affbd3ea4738c2c8726fca9e854ef149124,['d39a05901b3da1a16effe5433be9221b085d51f8'],Marcel Stimberg <marcel.stimberg@inserm.fr>,1690448736,+0200,Marcel Stimberg <marcel.stimberg@inserm.fr>,1690448736,+0200,"Update doc infrastructure for recent Python versions
",97a8a747388f18e85973fa574fd83df69885a0ed,brian-team_brian2genn
97c6c32472132a997ffa23039f2bfd82bb92f103,01c1cb4604b3a4b17a1fd0f402b5fcb6b295d138,['96824d8a6b25e838cc044580a744b93e5f6f2aca'],Marcel Stimberg <marcel.stimberg@inserm.fr>,1541506984,+0100,Marcel Stimberg <marcel.stimberg@inserm.fr>,1541506984,+0100,"Activate travis environment after installing g++ compiler
",97c6c32472132a997ffa23039f2bfd82bb92f103,brian-team_brian2genn
97e7c1621e51bfda880f2b895d31c4b7d5c5325b,54437b3d556f2a8c2b11beadf5016ebd3f7f7b92,['9a1a975873692f39de1ab4e15798ee51a82f1ef6'],Marcel Stimberg <marcel.stimberg@inserm.fr>,1498699354,+0900,Marcel Stimberg <marcel.stimberg@inserm.fr>,1498699354,+0900,"Pass on the `codegen.cpp.extra_link_args` as `LINK_FLAGS` to GeNN
",97e7c1621e51bfda880f2b895d31c4b7d5c5325b,brian-team_brian2genn
98236041804e86ef0caecce4f59caeccb156d691,d1205811f8a1e4883e057036ccbc7a8a20a1f818,['3aef455962913d7b990340b5848e43dd515b2309'],Thomas Nowotny <t.nowotny@sussex.ac.uk>,1428093984,+0100,Thomas Nowotny <t.nowotny@sussex.ac.uk>,1428093984,+0100,"Started to work on a SPikeGeneratorGroup implementation.
So far only copied the test to have a starting point to see how it works.
",98236041804e86ef0caecce4f59caeccb156d691,brian-team_brian2genn
9834a643348c4265d30fe0f65bde18c89b7fa854,611252808525fae165f15a0a1d033cec80a71c03,['85a38d2c15d3050280559321724ad9d988df2058'],Marcel Stimberg <marcel.stimberg@inserm.fr>,1536157747,+0200,Marcel Stimberg <marcel.stimberg@inserm.fr>,1536157747,+0200,"Only add the ""-no-pie"" flag on Linux (i.e. for gcc and not clang)
",9834a643348c4265d30fe0f65bde18c89b7fa854,brian-team_brian2genn
9855b97794b75d340fc70c05ceff81c7705f0032,b468a817c27c49ae6486cbae160632c2c6c198b5,['42ef8879c4c635d6f79da6518bc80e1f2f25ef82'],Marcel Stimberg <marcel.stimberg@inserm.fr>,1478622478,+0100,Marcel Stimberg <marcel.stimberg@inserm.fr>,1479207409,+0100,"Move files around
",9855b97794b75d340fc70c05ceff81c7705f0032,brian-team_brian2genn
989f1dcf434c14e6285dd3f17f21ecb0a94611a5,1d89144d51a6ce629d3869aa7883fd9257ff0257,['43096a518af35519f9460305c625f0a13bb33c4e'],Marcel Stimberg <marcel.stimberg@inserm.fr>,1543415379,+0100,Marcel Stimberg <marcel.stimberg@inserm.fr>,1543415379,+0100,"Fix typo in documentation

[ci skip]
",989f1dcf434c14e6285dd3f17f21ecb0a94611a5,brian-team_brian2genn
992c0f5acc18bcd5a649507ce3c9a1bb559bf04b,ce4b7ba864bc1a9fc193985b63aa87176271d511,['1b522abce0ffe52f0b2dd40b61880908f95a3496'],Marcel Stimberg <marcel.stimberg@inserm.fr>,1549983194,+0100,Marcel Stimberg <marcel.stimberg@inserm.fr>,1549983194,+0100,"Use a separate conda environment for Azure Pipeline tests

Hopefully that should deal with install failures on Windows
",992c0f5acc18bcd5a649507ce3c9a1bb559bf04b,brian-team_brian2genn
998eb68b2b3b543730de51efcbff8bb059d10cd7,cb4b1cad3b8ae773a5257229c3ef886ccd8de4fc,"['8602313d3509d20cf67a04326067d5c34158439c', '0afe2fee2fd6494d74eae4190c489cfcbc02f740']",Thomas Nowotny <tn41@inf900777.inf.susx.ac.uk>,1529679142,+0100,Thomas Nowotny <tn41@inf900777.inf.susx.ac.uk>,1529679142,+0100,"Merge branch 'master' into benchmarking
",998eb68b2b3b543730de51efcbff8bb059d10cd7,brian-team_brian2genn
99bedb3ff7f1e1ae1ca19aed05ebeed961957563,585dd6c53cdf7ef70a959e333044c10c27004ad0,"['68129628326fa9cca9285695d06e4d5000d41299', '57793796640540371143481c9c20aadd1d78a278']",Thomas Nowotny <tn41@inf900324.inf.susx.ac.uk>,1586543341,+0100,Thomas Nowotny <tn41@inf900324.inf.susx.ac.uk>,1586543341,+0100,"Merge branch 'genn_4_alt' of https://github.com/brian-team/brian2genn into genn_4_alt
",99bedb3ff7f1e1ae1ca19aed05ebeed961957563,brian-team_brian2genn
99c5e679b2b2ce61fbd2c50dbf8aa3784b69ad43,59f8f770bb0afc886556c8a08546804c759381f3,['84b7c44a482a8d0f2c9acbcdb51315aa1fce1d74'],Thomas Nowotny <tn41@inf900324.inf.susx.ac.uk>,1586260898,+0100,Thomas Nowotny <tn41@inf900324.inf.susx.ac.uk>,1586260898,+0100,"Literally extracted the relevant lines from objects.cpp template to recreate
the needed states for the mersenne twister random number generator used.
Question remains whether the random numbers used will match what is done
later in the ""real"" synapse creation. This would depend when and for what
the random number generator is used ...
",99c5e679b2b2ce61fbd2c50dbf8aa3784b69ad43,brian-team_brian2genn
9a1a3811eb2edfd0d6ae43b32b77997786f82035,1923ccd6c29cabb9386f4b33df52df65400ca54c,['2fd0670d712537cb664f4afbd561ddfffe361e7b'],Marcel Stimberg <marcel.stimberg@inserm.fr>,1471951168,+0100,Marcel Stimberg <marcel.stimberg@inserm.fr>,1471951168,+0100,"Fix the spikemonitor template for CPU-only simulation (no need to pull variables from device memory)
",9a1a3811eb2edfd0d6ae43b32b77997786f82035,brian-team_brian2genn
9a1a975873692f39de1ab4e15798ee51a82f1ef6,5ed2c427ec6d3db5ec7da4f23021d70978af0029,['0961e45d3edbeba532622c917f953eb0eb23c543'],Thomas Nowotny <t.nowotny@sussex.ac.uk>,1498670839,+0100,Thomas Nowotny <t.nowotny@sussex.ac.uk>,1498670839,+0100,"Fixing gcc-bug related problems where the call to ""isnan"" is ambiguous due to conflicts of glibc and STL.
",9a1a975873692f39de1ab4e15798ee51a82f1ef6,brian-team_brian2genn
9a4e0c4d2601b04a973dbec5a56fda68baeb54d9,4338fce038ef90ae7b01dd442c6cee4e08f71736,['deea9bb9f4cd1824a13dadc29b257478b6138f82'],Marcel Stimberg <marcel.stimberg@inserm.fr>,1554994681,+0200,Marcel Stimberg <marcel.stimberg@inserm.fr>,1554994681,+0200,"Update SpikeGeneratorGroup template to work with most recent Brian 2
",9a4e0c4d2601b04a973dbec5a56fda68baeb54d9,brian-team_brian2genn
9a853d6c7a946fd8c815ed3ecb927e593c924b94,2bf9266a8784601d1b9267dcec880fe87ff93317,['f75cc8098281514e27b04b36624693111f81465f'],Marcel Stimberg <marcel.stimberg@inserm.fr>,1588155973,+0200,Marcel Stimberg <marcel.stimberg@inserm.fr>,1588164985,+0200,"Add citation information
",9a853d6c7a946fd8c815ed3ecb927e593c924b94,brian-team_brian2genn
9a9dfa771085b687561d43f8b317b1cad306f72f,12e38d28cf8541b06cfaeae845cc8edf6511f655,['928f73884986f303b3a6745c4d91b71fd9a68452'],Marcel Stimberg <marcel.stimberg@inserm.fr>,1560419032,+0200,Marcel Stimberg <marcel.stimberg@inserm.fr>,1560419032,+0200,"Attempt to set up conda correctly for Windows / OS X
",9a9dfa771085b687561d43f8b317b1cad306f72f,brian-team_brian2genn
9aa2daf0d33fa04de6ff8506e482db5992e26020,93605f09b1b57d05dc6122c883a5b3a48f511765,['d539f1463c8e6ac86b784f2cf5e4a5c9b9d31cdc'],neworderofjamie <neworderofjamie@gmail.com>,1558346056,+0100,neworderofjamie <neworderofjamie@gmail.com>,1558346056,+0100,"Hacky fix to generate new style ``$(addToInSyn, x);`` code
",9aa2daf0d33fa04de6ff8506e482db5992e26020,brian-team_brian2genn
9ac0780b28eb3da9d397fc764fe2fbf003b6de94,916d6f83cf8fecdc508f318020ec22ecc6b786df,['4544a66b8c4b8f99bbef54f4f0c3a536295b96e1'],neworderofjamie <neworderofjamie@gmail.com>,1558359821,+0100,neworderofjamie <neworderofjamie@gmail.com>,1558359821,+0100,"random generators should no longer need 'fixing'
",9ac0780b28eb3da9d397fc764fe2fbf003b6de94,brian-team_brian2genn
9b03de5002f0bb587dd3a0c9ad1b57a86f3a1888,2220a7cad1193dcc60a048157493b376d658fb30,['d82c4aeb8f9a220e940152d3c14b251df2a9d126'],Marcel Stimberg <marcel.stimberg@inserm.fr>,1478775666,+0100,Marcel Stimberg <marcel.stimberg@inserm.fr>,1478775666,+0100,"Add a note of caution to the README file
",9b03de5002f0bb587dd3a0c9ad1b57a86f3a1888,brian-team_brian2genn
9b406a858ce9d6cc2af8313319a2cec88c93e385,a2a56cc70b287094aa6d6c9751ead2958c8555c0,['1fa7d788f7f22eb75198e55fa921db5dcb598ec0'],Marcel Stimberg <marcel.stimberg@inserm.fr>,1475056819,+0200,Marcel Stimberg <marcel.stimberg@inserm.fr>,1475056819,+0200,"Depend on Brian 2.0 (earlier Beta versions etc. will not work correctly)
",9b406a858ce9d6cc2af8313319a2cec88c93e385,brian-team_brian2genn
9b51c430ef44306876a7ea6471a0138a9fc79b71,a027286787ed21c6b7a0aa432a1a79056bed74d5,['758bae8eec4a866dd620aaa7d17b01ccee9c5bde'],Marcel Stimberg <marcel.stimberg@inserm.fr>,1509976130,+0100,Marcel Stimberg <marcel.stimberg@inserm.fr>,1509976130,+0100,"Still trying to fix mysterious issue that packages are only built for one python version
",9b51c430ef44306876a7ea6471a0138a9fc79b71,brian-team_brian2genn
9b691bc412563b51fb574c990737d82641faf183,1d27d6cae63d7547e96f4bf2188f3f4a6b41890c,"['9bcd610786ecdaef25926696f0a178eb647fb5a3', '1d3906e5059712f78fe15b0dedf12a2ffd6d3e92']",Thomas Nowotny <tn41@inf900324.inf.susx.ac.uk>,1586180893,+0100,Thomas Nowotny <tn41@inf900324.inf.susx.ac.uk>,1586180893,+0100,"Merge branch 'python2to3-translation' into genn_4
",9b691bc412563b51fb574c990737d82641faf183,brian-team_brian2genn
9b7caf765a6eafd5134cd47c8f9acedb1dd06570,a9c6157529a4098f9f65045c0be3372ca03a85cc,['1b83747a5af9a6c73bace63d27a17a29ede210b6'],Thomas Nowotny <tn41@inf900324.inf.susx.ac.uk>,1587642706,+0100,Thomas Nowotny <tn41@inf900324.inf.susx.ac.uk>,1587642706,+0100,"This is an alternative way to do the dry run that should be completely correct, i.e. even for mixed multiple
connect calls that lead to intermingled synapses_create_array and synapses_create_generator code objects.
",9b7caf765a6eafd5134cd47c8f9acedb1dd06570,brian-team_brian2genn
9bc75544e4efd3be51d26d327aefff4fbd1e5724,d76fbeb6601b58321d86b51895ab8e86d88cb420,['cd68d3c0b3c12e73bed90a981263f18d41f5f098'],Thomas Nowotny <t.nowotny@sussex.ac.uk>,1441219726,+0100,Thomas Nowotny <t.nowotny@sussex.ac.uk>,1441219726,+0100,"Started to add sphinx documentation to the brian2genn interface
",9bc75544e4efd3be51d26d327aefff4fbd1e5724,brian-team_brian2genn
9bcd610786ecdaef25926696f0a178eb647fb5a3,c1fccd66d6d24f0b1a2c645362374384fa273151,['3834d8752a964a655e26d37081463b78bb3cdb71'],neworderofjamie <neworderofjamie@gmail.com>,1585931947,+0100,neworderofjamie <neworderofjamie@gmail.com>,1585931947,+0100,"already a pointer
",9bcd610786ecdaef25926696f0a178eb647fb5a3,brian-team_brian2genn
9c53c2404580ac45313c851795feb59a1fdfafac,43537d3c5b10d2b9cc89b8f5c34f8f420232e887,['0b152dd21316e852115392df76573f50bbd728ea'],Marcel Stimberg <marcel.stimberg@inserm.fr>,1586450775,+0200,Marcel Stimberg <marcel.stimberg@inserm.fr>,1586450775,+0200,"Correctly deal with before/after_run objects from Brian2 master
",9c53c2404580ac45313c851795feb59a1fdfafac,brian-team_brian2genn
9c5a1b514c728f92c2b98844e5a7d6bbe9945cce,422a44d8445aa6475097d3dfd6a74a0b35dd9f86,['add6398c2b458dfd225ac508f72ef62ccd84762a'],Marcel Stimberg <marcel.stimberg@inserm.fr>,1528986207,+0200,Marcel Stimberg <marcel.stimberg@inserm.fr>,1528986207,+0200,"GeNN development now happens on its master branch
",9c5a1b514c728f92c2b98844e5a7d6bbe9945cce,brian-team_brian2genn
9c5aecbdd52cb0ac1b121849f830e34482a480f7,f494b38c9cb053bf388c5396b2b9970dd8d2b367,['c9446265e12f00ee5fe64c42a92dd4658770c81f'],Marcel Stimberg <marcel.stimberg@inserm.fr>,1497606258,+0200,Marcel Stimberg <marcel.stimberg@inserm.fr>,1497606258,+0200,"Fix syntax error in travis.yml
",9c5aecbdd52cb0ac1b121849f830e34482a480f7,brian-team_brian2genn
9cb3c8a81be3650d87e44dc943fd7ba47a1be6b0,9ff85ce196dc0da6c19975d4527c68127322920a,['ab49edef47a573e68db68c6ded1b80a730c68615'],Marcel Stimberg <marcel.stimberg@inserm.fr>,1690548521,+0200,Marcel Stimberg <marcel.stimberg@inserm.fr>,1690548521,+0200,"open/close files with context manager
",9cb3c8a81be3650d87e44dc943fd7ba47a1be6b0,brian-team_brian2genn
9cc437f5e07d5fc36419559efc1158b4a4021d87,461c5b095c391a68a9a4536c3dd285705a3f0fd7,['30b7e8cf24068c2b7674463a4175c9b20ed4ff3e'],Marcel Stimberg <marcel.stimberg@inserm.fr>,1497519477,+0200,Marcel Stimberg <marcel.stimberg@inserm.fr>,1497519477,+0200,"Add tokens for upload to anaconda
",9cc437f5e07d5fc36419559efc1158b4a4021d87,brian-team_brian2genn
9ccc0552f9b554c0fb36b2434dcc6f4338451a5f,6f03f99404ed94bac0596e737119180f7f3d4f3c,['4e02032e86b3ebd7c4257cad8bbc06176bf4a60d'],Thomas Nowotny <tn41@inf900324.inf.susx.ac.uk>,1594212134,+0100,Thomas Nowotny <tn41@inf900324.inf.susx.ac.uk>,1594212134,+0100,"Simplified the code to make simple assignments instead of using copy_n, following the suggestion
of @mstimberg.
If we make two alternative code paths we may as well write it in the most simple way for each.
",9ccc0552f9b554c0fb36b2434dcc6f4338451a5f,brian-team_brian2genn
9d74d42bea4dd6676311f4f17dc113b66d0f0b7e,f12b76e963b3a43c11c272a7afd46e626e9984a3,['15b73b97e085b1337837cf1a744b550ab76f1d6f'],Marcel Stimberg <marcel.stimberg@inserm.fr>,1496148915,+0200,Marcel Stimberg <marcel.stimberg@inserm.fr>,1496148915,+0200,"Move cuda-toolkit cask to main directory (OS X)
",9d74d42bea4dd6676311f4f17dc113b66d0f0b7e,brian-team_brian2genn
9e033c7813d6b47af100ac45ecbf50e3867abf5f,5c7f1be2d73901a2c5d35ca629fb5997f31698e3,['164f22d9c57d95894494b4caf49400641f0dad7a'],Felix B. Kern <kernfel+github@gmail.com>,1642472617,+0900,Felix B. Kern <kernfel+github@gmail.com>,1642747359,+0900,"Fix device.py whitespace, courtesy of Atom IDE
",9e033c7813d6b47af100ac45ecbf50e3867abf5f,brian-team_brian2genn
9e333067187e08aeac6122ffdbeb12f7f1014b8a,2bcc3a2df09a871ee32c5dc3463c59e280bf9682,['b5d3cba85e4c56244c57c702ff278772c829da10'],Marcel Stimberg <marcel.stimberg@inserm.fr>,1542809375,+0100,Marcel Stimberg <marcel.stimberg@inserm.fr>,1542809375,+0100,"...and of course, run the simulation on the CPU!
",9e333067187e08aeac6122ffdbeb12f7f1014b8a,brian-team_brian2genn
9e39b466b4608f87d49d0e3712c94cbaaa557ef5,76a0de6f4f81276d6c674525072937952d7c512e,['0b23f3a5486b81ab1bfd798421ef65731d5a7adb'],Marcel Stimberg <marcel.stimberg@inserm.fr>,1474899024,+0200,Marcel Stimberg <marcel.stimberg@inserm.fr>,1474899024,+0200,"Check for ""unstable integration"", as introduced in brian2 with brian-team/brian2#750
",9e39b466b4608f87d49d0e3712c94cbaaa557ef5,brian-team_brian2genn
9ebed0e81f1502f6580ca53ba6dd9165e4a8c186,2d2d84c54af5bdaba973133d54f4f5f861440db8,['f70bc0336dc6b3309758c9881a1faeace73f30f1'],Marcel Stimberg <marcel.stimberg@inserm.fr>,1559745043,+0200,Marcel Stimberg <marcel.stimberg@inserm.fr>,1559745043,+0200,"On Azure: try setting up conda correctly
",9ebed0e81f1502f6580ca53ba6dd9165e4a8c186,brian-team_brian2genn
9ed5dc00b10569c242aa8d4eac25ad2b222d81d0,34818d2f02e09399d53fe6fae14eb9985d071dc9,['ac423855e873dd000968665ee39412a25d1fc82e'],Marcel Stimberg <marcel.stimberg@inserm.fr>,1542824690,+0100,Marcel Stimberg <marcel.stimberg@inserm.fr>,1542824690,+0100,"Fix incorrect script name
",9ed5dc00b10569c242aa8d4eac25ad2b222d81d0,brian-team_brian2genn
9eee0cabd126fb649b89ec6eacee85a517fee5aa,88739d4407ae7e0a9a6ba4de6a5f37c102cf671d,['4cfea8a22ce70efe4723bcf7fa292a7a917be46b'],Thomas Nowotny <t.nowotny@sussex.ac.uk>,1537442997,+0100,Thomas Nowotny <t.nowotny@sussex.ac.uk>,1537442997,+0100,"Set default blocksize to 32 for all kernels, also for those which often don't exist.
Having a default size that in principle works is safer than setting 0 for optional kernels.
Also removed redundant validators.
",9eee0cabd126fb649b89ec6eacee85a517fee5aa,brian-team_brian2genn
9ef731122f9c0c34fd7388a688f046e646ef1fb1,7aacf3ece5996e33035fe2b20e304c75ed716d0d,['1adee746f6c38281a9c33f4579e8bb97896cd186'],Marcel Stimberg <marcel.stimberg@inserm.fr>,1542709660,+0100,Marcel Stimberg <marcel.stimberg@inserm.fr>,1542709660,+0100,"Remove conda packaging (we'll distribute brian2genn source-only)
",9ef731122f9c0c34fd7388a688f046e646ef1fb1,brian-team_brian2genn
9f030ca9f8e2624f16912a2a64b9b884adb87a0e,20cab9110890f6dca1622dfae82338f3b41c3e05,['12a4e8d32f2f0882ad574bff851340b92da9e8ce'],Marcel Stimberg <marcel.stimberg@inserm.fr>,1641895019,+0100,Marcel Stimberg <marcel.stimberg@inserm.fr>,1641895019,+0100,"Minor style fixes

[ci skip]
",9f030ca9f8e2624f16912a2a64b9b884adb87a0e,brian-team_brian2genn
9f296fbd8b8fa6d4bbf0b7d73ff3ac415db3247f,daad2415139c0ca6558c3e6514b983c0ffd625e6,['a28aeb640f66bf63d44e4aa380590827736bc710'],Marcel Stimberg <marcel.stimberg@inserm.fr>,1498058922,+0200,Marcel Stimberg <marcel.stimberg@inserm.fr>,1498058922,+0200,"Clear the build directory before building packages
",9f296fbd8b8fa6d4bbf0b7d73ff3ac415db3247f,brian-team_brian2genn
9f29917a32fa91f59cde7b7a77bcfaebee6b145f,ee8ba139edf958a811f71d26772ff40b8a8aca48,['79b8eca30b212b1d14e825fc02ce70f7f1bd4618'],neworderofjamie <neworderofjamie@gmail.com>,1588062606,+0100,neworderofjamie <neworderofjamie@gmail.com>,1588062750,+0100,"reverted deletion of preferences documentation on compiler flags
",9f29917a32fa91f59cde7b7a77bcfaebee6b145f,brian-team_brian2genn
9fa9062289d32b311359f382f9da8bbbdaa3a4e5,9bbaf93bbaeb8cdc7945c4530550300ebe6f0f63,['a91cc0055535403089b7ccf9399c9530ae3d8622'],Thomas Nowotny <t.nowotny@sussex.ac.uk>,1440426705,+0100,Thomas Nowotny <t.nowotny@sussex.ac.uk>,1440426705,+0100,"Added support for brian2genn specific preferences. So far preferences are for the use of dense versus sparse connectivity methods in GeNN.
",9fa9062289d32b311359f382f9da8bbbdaa3a4e5,brian-team_brian2genn
9fb6435824bbd132b447abe091305c8d7feaf7aa,dfeb961bdf99282e06287a7c39a491492acc6417,['435b53e89f44b28d7ae4508cb91bedf8d0455be4'],Thomas Nowotny <t.nowotny@sussex.ac.uk>,1443122773,+0100,Thomas Nowotny <t.nowotny@sussex.ac.uk>,1443122773,+0100,"Added documentation of how Brian2GeNN works.
",9fb6435824bbd132b447abe091305c8d7feaf7aa,brian-team_brian2genn
a00d75961c9eb95fcbee5c05bbf8cc7602c86765,54026acef737f0b141c37651a5ee6839ffd9b74b,"['18848b03e95ed688518c6f3efa91f7f3107324dc', '49b386f3d210faf51b114d409502c101bf496447']",Thomas Nowotny <t.nowotny@sussex.ac.uk>,1454947425,+0000,Thomas Nowotny <t.nowotny@sussex.ac.uk>,1454947425,+0000,"Merge branch 'master' of github.com:brian-team/brian2genn
",a00d75961c9eb95fcbee5c05bbf8cc7602c86765,brian-team_brian2genn
a025618b1bb89dc0d1a1f37cc4264463b7f88fd5,c3b8b805756e9f91da8c42f7f9dbb183b3c7b873,['31115759716bb1f35fa391c36d660f1c879f5d5b'],Marcel Stimberg <marcel.stimberg@inserm.fr>,1474988675,+0200,Marcel Stimberg <marcel.stimberg@inserm.fr>,1474993207,+0200,"Use a more principled approach to extract variables from synaptic code (hopefully more robust)
",a025618b1bb89dc0d1a1f37cc4264463b7f88fd5,brian-team_brian2genn
a0744f9448586140cfae5f3452f3e7326732207d,b7b2e2b48b5ad665385eb532ca729746799363be,['6ca79b2aad594b87e8b938f49d8a256b6d9f7bb6'],Thomas Nowotny <t.nowotny@sussex.ac.uk>,1557736683,+0100,Thomas Nowotny <t.nowotny@sussex.ac.uk>,1557736683,+0100,"Fixed a silly mistake where code was blanked when there was no post-synaptic write variable during processing in insyn.py.
",a0744f9448586140cfae5f3452f3e7326732207d,brian-team_brian2genn
a0ad153c90004d58018c319641a2f8caced0f6ea,2a5311f085892590d788b54b9ee6148bca91b8b8,['8d01ef3ce4b0a803b82c672f1e2e24a4242cfbbb'],Thomas Nowotny <t.nowotny@sussex.ac.uk>,1441223280,+0100,Thomas Nowotny <t.nowotny@sussex.ac.uk>,1441223280,+0100,"Giving up for now - brian style automatic reference documentation not enabled.
",a0ad153c90004d58018c319641a2f8caced0f6ea,brian-team_brian2genn
a0e9a44f4b8961764f1eeafe54c8108db564fc04,b52e5a961567afc34ff254e84a2ec6009bdc10c8,['9b691bc412563b51fb574c990737d82641faf183'],Thomas Nowotny <tn41@inf900324.inf.susx.ac.uk>,1586183956,+0100,Thomas Nowotny <tn41@inf900324.inf.susx.ac.uk>,1586183956,+0100,"Fixed a duplication where ""synapses"" and synapse_groups"" contained the
same list of Synapses objects without any particular reason.
",a0e9a44f4b8961764f1eeafe54c8108db564fc04,brian-team_brian2genn
a103cc11a443ebfd1a2f0ebde85b7c013fefeec4,a2633f63341212f6f54d0e7c396113fd72fab773,"['34e2b5818a18fc8692b0a3973112abe9c47db53c', 'ed63ab85f5a813245894d330ffde073e77c02bbf']",Marcel Stimberg <marcel.stimberg@inserm.fr>,1489839678,+0100,Marcel Stimberg <marcel.stimberg@inserm.fr>,1489839678,+0100,"Merge remote-tracking branch 'origin/master' into check_for_multiple_synapses
",a103cc11a443ebfd1a2f0ebde85b7c013fefeec4,brian-team_brian2genn
a14f564ed7848e9d7bd6143eadf4aa86aaa60e74,18211eae3da683cb50343b857a4b906749a5e045,['7ed6765d1022b777367dd4aa2486072e3d8cadb6'],neworderofjamie <neworderofjamie@gmail.com>,1587489773,+0100,neworderofjamie <neworderofjamie@gmail.com>,1587489773,+0100,"reinstated LDFLAGS in makefile template
",a14f564ed7848e9d7bd6143eadf4aa86aaa60e74,brian-team_brian2genn
a18f2876d75e225433eee18864104006cd57a326,b4ddf697543bcf6dc52b69475f76b09a5dea3605,['5b75dbdd8e17d82931cc8415f2d500031daf6082'],neworderofjamie <J.C.Knight@sussex.ac.uk>,1559643019,+0100,neworderofjamie <J.C.Knight@sussex.ac.uk>,1559643019,+0100,"Revert using genn_rand
",a18f2876d75e225433eee18864104006cd57a326,brian-team_brian2genn
a19f7123c062f8a4287b7cc0961e5f547addeea0,a9fb05bcb4e779cb5e49cbf6580918ffa53bbba4,['0d6ea987ffe5c4cce2a119b0511c05a7833fa636'],Thomas Nowotny <t.nowotny@sussex.ac.uk>,1441310813,+0100,Thomas Nowotny <t.nowotny@sussex.ac.uk>,1441310813,+0100,"docs
",a19f7123c062f8a4287b7cc0961e5f547addeea0,brian-team_brian2genn
a1f83d7b8c6c1a1bace6ba23f554324d379e54f1,d4444d959aaf7dc701c8356e0037691542143674,['c901f94e18c5e803e4c5fed3ca5fc8533479389e'],Thomas Nowotny <t.nowotny@sussex.ac.uk>,1499362909,+0100,Thomas Nowotny <t.nowotny@sussex.ac.uk>,1499362909,+0100,"Allowed to expose two additional GeNN preferences (autoChooseDevice and defaultDevice) to be exposed in brian2genn as dvices.genn.auto_choose_device and devices.genn.default_device
",a1f83d7b8c6c1a1bace6ba23f554324d379e54f1,brian-team_brian2genn
a234fd9ea455937d6835ccea392bdc969eff7a31,837d5dc54f77f1945003e48db7f49b4cab484eb1,"['84eb97f2d36afb14a7670c5c4cf76abf33bbd6e2', 'fed534935530e754fbe8feeb6091d30365090949']",Thomas Nowotny <t.nowotny@sussex.ac.uk>,1488814967,+0000,GitHub <noreply@github.com>,1488814967,+0000,"Merge pull request #45 from brian-team/fix_mod_#43

Add ""universal support code"" for the mod function so that it works for integer arguments",a234fd9ea455937d6835ccea392bdc969eff7a31,brian-team_brian2genn
a28aeb640f66bf63d44e4aa380590827736bc710,0bdaa9c58f271e3b128acb9dc96bcb529e2e6a2d,['4a075c589ec280cf41dc845ac23b44c43255a05b'],Marcel Stimberg <marcel.stimberg@inserm.fr>,1498058834,+0200,Marcel Stimberg <marcel.stimberg@inserm.fr>,1498058834,+0200,"Explicitly require a final Brian 2 version (and not pre-2.0 releases)
",a28aeb640f66bf63d44e4aa380590827736bc710,brian-team_brian2genn
a308dc4c229555baeb457afbfad9feafa072bf58,403823c34f5c93e96077b635b4109109a6ec32e6,['500f58327095a684162c64cad9baab7a7d0b9444'],Thomas Nowotny <t.nowotny@sussex.ac.uk>,1415287131,+0000,Thomas Nowotny <t.nowotny@sussex.ac.uk>,1415287131,+0000,"Added missing template ""WINmakefile""
",a308dc4c229555baeb457afbfad9feafa072bf58,brian-team_brian2genn
a384fd2abab1ed00d8771b412067ab210ad88f4d,fe1ca5d20f3d308d3d1274ecb9f6a644124f59bf,['3c0e721a736ea7df011592c01437e76435412e5e'],Marcel Stimberg <marcel.stimberg@ens.fr>,1405520321,+0200,Marcel Stimberg <marcel.stimberg@ens.fr>,1405520321,+0200,"Use `GeNNDevice.build` arguments to automatically compile and run the project
",a384fd2abab1ed00d8771b412067ab210ad88f4d,brian-team_brian2genn
a441585a976811790e97fec9432bfa89b02ffda3,1817ce60983d0e03d5f628f7c8a69be20c29dac3,['e427b70e2cbbbcb5b8c173b3df2f15f2437d94fc'],dependabot[bot] <49699333+dependabot[bot]@users.noreply.github.com>,1725437435,+0000,GitHub <noreply@github.com>,1725437435,+0000,"Bump actions/setup-python from 4 to 5

Bumps [actions/setup-python](https://github.com/actions/setup-python) from 4 to 5.
- [Release notes](https://github.com/actions/setup-python/releases)
- [Commits](https://github.com/actions/setup-python/compare/v4...v5)

---
updated-dependencies:
- dependency-name: actions/setup-python
  dependency-type: direct:production
  update-type: version-update:semver-major
...

Signed-off-by: dependabot[bot] <support@github.com>",a441585a976811790e97fec9432bfa89b02ffda3,brian-team_brian2genn
a45738ee9befd83855973dd3ddee236086374958,7f8fd94adffa0b85f19a0db85e70362ab8211e61,['47f81d288dfb15e6ce32b63b937976990e1f3940'],Thomas Nowotny <t.nowotny@sussex.ac.uk>,1429264787,+0100,Thomas Nowotny <t.nowotny@sussex.ac.uk>,1429264787,+0100,"Changed testing script temporarily for work on SynapsesSTDP feature test.
",a45738ee9befd83855973dd3ddee236086374958,brian-team_brian2genn
a49c56c1cb04f3d63e148447410e4af8d0b010f2,e5f1c4ec5fc66b7bd8cc11e5247030bbc10c04da,['291416af5db740b5d5b5ee108d97035cd62a6ad3'],Marcel Stimberg <marcel.stimberg@inserm.fr>,1487946259,+0100,Marcel Stimberg <marcel.stimberg@inserm.fr>,1490030788,+0100,"Add support for PoissonInput
",a49c56c1cb04f3d63e148447410e4af8d0b010f2,brian-team_brian2genn
a4a7dbe2b20f29638b97fdac7d00ffeacf1c511b,09f871e8a6bce130ab4aa6c2cba9861768b34c1c,['e073be731b3fda47351136bd2a0b41825e3a7f9b'],Thomas Nowotny <t.nowotny2sussex.ac.uk>,1556531344,+0200,Thomas Nowotny <t.nowotny2sussex.ac.uk>,1556531344,+0200,"Typo in warning message.
",a4a7dbe2b20f29638b97fdac7d00ffeacf1c511b,brian-team_brian2genn
a4f0e52d6a75763702560cc4412022ce04191366,d37220ee1ca64d820475e28cf8b4a3fe65da387b,['859d1e046c4b2fecfa067bb0b59424b09e674f68'],Marcel Stimberg <marcel.stimberg@inserm.fr>,1497442278,+0200,Marcel Stimberg <marcel.stimberg@inserm.fr>,1497442307,+0200,"Use version from setup.py file
",a4f0e52d6a75763702560cc4412022ce04191366,brian-team_brian2genn
a4fae28978a7e0b2da2567c67e347607403dff44,d54b52abd62931676876c3335e94edb8af69a46a,"['fa3c989de9fa659a69babed237957ccb85a77611', 'e1a68bbde1d7a8c50993d1a5fd2663ca6690bef2']",Thomas Nowotny <tn41@inf900324.inf.susx.ac.uk>,1586441404,+0100,Thomas Nowotny <tn41@inf900324.inf.susx.ac.uk>,1586441404,+0100,"Merge branch 'master' into genn_4
",a4fae28978a7e0b2da2567c67e347607403dff44,brian-team_brian2genn
a59bb872803da86977d67fac8c52af2c81a1ea23,23f76f0d4042c88263f247465845bde348a41ab2,['5f96c23adc4a3d579b58a21ec25ae6493634865e'],Marcel Stimberg <marcel.stimberg@inserm.fr>,1496077251,+0200,Marcel Stimberg <marcel.stimberg@inserm.fr>,1496077251,+0200,"Update homebrew before installing cuda (OS X)
",a59bb872803da86977d67fac8c52af2c81a1ea23,brian-team_brian2genn
a5c29181b8403ac3ff3ebe37f24341c4239cbb67,e1f3f9f37127f8d539b3c6d171bc061f9ba7a1b0,['0911288550a25d487faac48035608d30149ba624'],Marcel Stimberg <marcel.stimberg@inserm.fr>,1471877694,+0100,Marcel Stimberg <marcel.stimberg@inserm.fr>,1471881115,+0100,"Support the new randomkit implementation for rand/randn
Note that this only adds support for the Brian2  code (e.g. synapse creation), not for the GeNN code.
",a5c29181b8403ac3ff3ebe37f24341c4239cbb67,brian-team_brian2genn
a5c327749e6d9f4374ee0b3884a5904544865bf9,3e915c129c907a0cae76453a57e6c28cd3a8233c,['2ecba55cca864868e3e62fd109278cb96a64b3ca'],neworderofjamie <neworderofjamie@gmail.com>,1585930731,+0100,neworderofjamie <neworderofjamie@gmail.com>,1585930731,+0100,"4.2.0 is stable for this branch
",a5c327749e6d9f4374ee0b3884a5904544865bf9,brian-team_brian2genn
a5d5d0c628a29a12c947c7e092dfb9e8e4e79d07,9f8ee83648a7633ea6a76cd819a67d0a2f985279,['cd99d8368e50636c4c4bbebf570adb134819a418'],Marcel Stimberg <marcel.stimberg@sorbonne-universite.fr>,1725544076,+0200,Marcel Stimberg <marcel.stimberg@sorbonne-universite.fr>,1725544076,+0200,"Bump actions/upload-artifact from 3 to 4
",a5d5d0c628a29a12c947c7e092dfb9e8e4e79d07,brian-team_brian2genn
a60cea6f3b818677367b230ba98d1a4289a83e76,b20354df9d87fa660e908ecbbbb92ff83ed92352,['e427b70e2cbbbcb5b8c173b3df2f15f2437d94fc'],dependabot[bot] <49699333+dependabot[bot]@users.noreply.github.com>,1725437431,+0000,GitHub <noreply@github.com>,1725437431,+0000,"Bump actions/checkout from 3 to 4

Bumps [actions/checkout](https://github.com/actions/checkout) from 3 to 4.
- [Release notes](https://github.com/actions/checkout/releases)
- [Changelog](https://github.com/actions/checkout/blob/main/CHANGELOG.md)
- [Commits](https://github.com/actions/checkout/compare/v3...v4)

---
updated-dependencies:
- dependency-name: actions/checkout
  dependency-type: direct:production
  update-type: version-update:semver-major
...

Signed-off-by: dependabot[bot] <support@github.com>",a60cea6f3b818677367b230ba98d1a4289a83e76,brian-team_brian2genn
a6388efe154327aa09ebf880c0e40b53dcc9e8df,f7e8271b9fca4c959f5e264791fcbfd0a6b9bcfb,['8b21727e3082599dab458ecbb5e2de4d3849eb30'],neworderofjamie <neworderofjamie@gmail.com>,1587724070,+0100,neworderofjamie <neworderofjamie@gmail.com>,1587724070,+0100,"updated version requirement
",a6388efe154327aa09ebf880c0e40b53dcc9e8df,brian-team_brian2genn
a63f88c95e3f3efd5efae5bb083f31e370b2ca20,cdcc773471cdbeeaeafdecf8abf7aee138f42ed8,['09d922f0767e3e925a55ad5b2029ecc1c79d84b3'],Thomas Nowotny <t.nowotny@sussex.ac.uk>,1529923402,+0100,Thomas Nowotny <t.nowotny@sussex.ac.uk>,1529923402,+0100,"Oh well ... 'dev' was needed after all.
",a63f88c95e3f3efd5efae5bb083f31e370b2ca20,brian-team_brian2genn
a645ffca66eda9b3b94e5a3c65eaf7acaf330c12,2e2c0342b9b9bf12cce917f9215edced3a2ef81c,"['34e6c950dabf0581fde26aa07d3a32b1bf0af6dd', '4f930ce70cc56435d8b14691705032b63fa3bbdc']",Marcel Stimberg <marcel.stimberg@inserm.fr>,1602497410,+0200,GitHub <noreply@github.com>,1602497410,+0200,"Merge pull request #121 from brian-team/fix_codeobject_names

Fix codeobject names",a645ffca66eda9b3b94e5a3c65eaf7acaf330c12,brian-team_brian2genn
a67d3ea0c2b529338dce4adbe22d88cc0e1554f4,7c26317a7159668c0fb349f707fff8a39b2c7bf5,['0f4dff97a7bfb8bf9fef64d20e5bd77d3c09c5fd'],Marcel Stimberg <marcel.stimberg@inserm.fr>,1542814168,+0100,Marcel Stimberg <marcel.stimberg@inserm.fr>,1542814168,+0100,"Try a windows-specific script code
",a67d3ea0c2b529338dce4adbe22d88cc0e1554f4,brian-team_brian2genn
a693d9b04a5a025368c2b451da028a86cf0cead3,8f5670fc4907631d10505b3b2c4eb00a15f066bf,['e427b70e2cbbbcb5b8c173b3df2f15f2437d94fc'],dependabot[bot] <49699333+dependabot[bot]@users.noreply.github.com>,1725437427,+0000,GitHub <noreply@github.com>,1725437427,+0000,"Bump actions/download-artifact from 3 to 4

Bumps [actions/download-artifact](https://github.com/actions/download-artifact) from 3 to 4.
- [Release notes](https://github.com/actions/download-artifact/releases)
- [Commits](https://github.com/actions/download-artifact/compare/v3...v4)

---
updated-dependencies:
- dependency-name: actions/download-artifact
  dependency-type: direct:production
  update-type: version-update:semver-major
...

Signed-off-by: dependabot[bot] <support@github.com>",a693d9b04a5a025368c2b451da028a86cf0cead3,brian-team_brian2genn
a6ca9e9036fc18b74c7b5243e0044e463cf5fe7d,99c75a9922fd6e1aecfce20f1ab61a5b833c8d7f,['6e5cc2dfb13650bd5199521515257c6ca8bcbbe6'],Thomas Nowotny <t.nowotny@sussex.ac.uk>,1440757988,+0100,Thomas Nowotny <t.nowotny@sussex.ac.uk>,1440757988,+0100,"K20 sparse benchmarks completed.
",a6ca9e9036fc18b74c7b5243e0044e463cf5fe7d,brian-team_brian2genn
a6df13f0123e1389a437fa0e8e8208abdc5f5064,919d8d384f54531056e0e2c52ab5bbd0b71541dc,['8fb5488bd44ddcf2c3fe7c1541d45d9b80168baf'],neworderofjamie <neworderofjamie@gmail.com>,1585908688,+0100,neworderofjamie <neworderofjamie@gmail.com>,1585908688,+0100,"Use a few builtins
",a6df13f0123e1389a437fa0e8e8208abdc5f5064,brian-team_brian2genn
a752245db2e1c2b690b6968a1c00116c86fe83dc,f002cd522327e13489d443048ac0783dc041abde,['ef16a466ecf7cb4638979a090d80cf04c1eaba8e'],Marcel Stimberg <marcel.stimberg@inserm.fr>,1471945434,+0100,Marcel Stimberg <marcel.stimberg@inserm.fr>,1471945434,+0100,"Fix a missing update of `N` in the statemonitor template
",a752245db2e1c2b690b6968a1c00116c86fe83dc,brian-team_brian2genn
a899f33e2e43cec19cddbf1d63f8bccc24cb61ee,f155cad8780a4a7383633bb207f0d2e8a9654a35,['ef71fde6c36baa0efe7130a346eb471c7971efb0'],Thomas Nowotny <t.nowotny@sussex.ac.uk>,1440692946,+0100,Thomas Nowotny <t.nowotny@sussex.ac.uk>,1440692946,+0100,"Added benchmarks run on an HPC K20 node. Interstingly the minimum GeNN runtime is less than on the K40. I wonder whether this has to do with the probing of 4 K40 GPUs at every single run.
",a899f33e2e43cec19cddbf1d63f8bccc24cb61ee,brian-team_brian2genn
a8be91bfd7d998fb4e2c51743b66204affbd95e7,d4d8ef1ecdcd50f17a8fc153f00b9f3b4c3b1cf6,['75ecffe33a7fdb6778719d120d7c14c29455bbaf'],Marcel Stimberg <marcel.stimberg@inserm.fr>,1641565776,+0100,Marcel Stimberg <marcel.stimberg@inserm.fr>,1641565776,+0100,"Fix various issues in example files

These were accepted silently in earlier Brian/Brian2GeNN versions
",a8be91bfd7d998fb4e2c51743b66204affbd95e7,brian-team_brian2genn
a8e990c84c812f10196985f4f06ec18505b01a43,cd2eb02b079832392452d2b115d750b4cff113f2,['0efcd180a693082d3fd0138d255671b42c168b5c'],neworderofjamie <neworderofjamie@gmail.com>,1587375193,+0100,neworderofjamie <neworderofjamie@gmail.com>,1587375193,+0100,"GeNN-finding logic needed updating to GeNN 4
",a8e990c84c812f10196985f4f06ec18505b01a43,brian-team_brian2genn
a91cc0055535403089b7ccf9399c9530ae3d8622,e29c9b7226cf9e32c6c0184ab9406b2e565d019c,['e861342dc00d13ee4842d638bf8f796e796094d3'],Thomas Nowotny <t.nowotny@sussex.ac.uk>,1440078293,+0100,Thomas Nowotny <t.nowotny@sussex.ac.uk>,1440078293,+0100,"Added speed test results on iMac with GeNN dense connections to repo.
The CUBA example seems to fail for dense connectivity (probably a memory issue)
",a91cc0055535403089b7ccf9399c9530ae3d8622,brian-team_brian2genn
a96b70c6a64d0a84f47cb2fcf477297215eb0bcf,f0236b388f77ff920139dfe42fc5e23e3f130936,['c699e0702f8183d1de2e2f29a2fc818986c82170'],Marcel Stimberg <marcel.stimberg@inserm.fr>,1475056470,+0200,Marcel Stimberg <marcel.stimberg@inserm.fr>,1475056470,+0200,"Remove example code from `stringify` docstring, sphinx does not seem to like newlines etc. in such code
[ci skip]
",a96b70c6a64d0a84f47cb2fcf477297215eb0bcf,brian-team_brian2genn
a976f1f7c82e39d020be84b15226f5c35033dea8,fc683a6cb6f85d98f8aca6293724be105a37409d,['839b3fc7b729f9cbecb479c6b7593f6003f021b0'],Marcel Stimberg <marcel.stimberg@inserm.fr>,1542823325,+0100,Marcel Stimberg <marcel.stimberg@inserm.fr>,1542823325,+0100,"debug
",a976f1f7c82e39d020be84b15226f5c35033dea8,brian-team_brian2genn
ab106f9f8b4704dfbfe64a63646088f25a112b01,5f88eb9e8a6d26857a2ae95f7244cc2d0839f5e7,['25468d11d90e8e9daaf0bb775a52047bbcfc8096'],Marcel Stimberg <marcel.stimberg@inserm.fr>,1536077890,+0200,Marcel Stimberg <marcel.stimberg@inserm.fr>,1536151067,+0200,"Use user-defined headers in main.cpp
",ab106f9f8b4704dfbfe64a63646088f25a112b01,brian-team_brian2genn
ab49edef47a573e68db68c6ded1b80a730c68615,89e7cc2a93e0d5d25b794cbc0dc04f608e1baaca,['8004db070b919cd12932820eeb3c50025b164f7d'],Marcel Stimberg <marcel.stimberg@inserm.fr>,1690542618,+0200,Marcel Stimberg <marcel.stimberg@inserm.fr>,1690542662,+0200,"Remove left-over argument from test script
",ab49edef47a573e68db68c6ded1b80a730c68615,brian-team_brian2genn
ac110785496c8093e12f162a478e1634e077f3d9,c0eb9050cd1e3325f3569857c897d7b690665338,['048159c59a193ecbc23143b56f0d08f9dd708c7c'],Marcel Stimberg <marcel.stimberg@inserm.fr>,1641823641,+0100,Marcel Stimberg <marcel.stimberg@inserm.fr>,1641823641,+0100,"Revert Windows VM to Windows 2016

Will soon move everything to Github Actions
",ac110785496c8093e12f162a478e1634e077f3d9,brian-team_brian2genn
ac1d33ca9ae887f6ce8fd0da822ce0cbb0aad669,5880145e7dc132f6324dc663d62509a8700b4d24,['59bd85ea01ea0a6e52d6d5233b787f4e19c0b30e'],Thomas Nowotny <t.nowotny@sussex.ac.uk>,1500054654,+0100,Thomas Nowotny <t.nowotny@sussex.ac.uk>,1500054654,+0100,"Adding the helper file forgotten inthe last commit.
",ac1d33ca9ae887f6ce8fd0da822ce0cbb0aad669,brian-team_brian2genn
ac3a201af1e12f4bed84582f743c85c40cddcc32,74991ed8f58aa6558b9fc1b419c4f522f5b30e81,['c0717946f5c885fe344ceea46bcfb552adba8064'],Marcel Stimberg <marcel.stimberg@inserm.fr>,1472136922,+0100,Marcel Stimberg <marcel.stimberg@inserm.fr>,1472137460,+0100,"Raise an error when trying to use heterogeneous delays with brian2genn
",ac3a201af1e12f4bed84582f743c85c40cddcc32,brian-team_brian2genn
ac423855e873dd000968665ee39412a25d1fc82e,8826c61ffb2e749dec820f609abf9c71f00079a4,['a976f1f7c82e39d020be84b15226f5c35033dea8'],Marcel Stimberg <marcel.stimberg@inserm.fr>,1542824067,+0100,Marcel Stimberg <marcel.stimberg@inserm.fr>,1542824067,+0100,"Remove left-over bash comment
",ac423855e873dd000968665ee39412a25d1fc82e,brian-team_brian2genn
ad3458a64d37649d8c5be658a6236ea75aaef0ad,b6108a23aa454c48181bc4207b0b5b9615d164ff,['7fcd3611e697e7f85e0bc7b1ad09dc5739fe2959'],Marcel Stimberg <marcel.stimberg@inserm.fr>,1555072259,+0200,Marcel Stimberg <marcel.stimberg@inserm.fr>,1555072259,+0200,"***** Release brian2genn 1.3.1 *****
",ad3458a64d37649d8c5be658a6236ea75aaef0ad,brian-team_brian2genn
ada56aff2d99baeeeb038d832b21e37fd08296a0,8b3d37f6dd147930533cd0feeade3cfba98d76dd,['89bcb6d4e3f23337d77da465893784a4d19c2193'],Marcel Stimberg <marcel.stimberg@inserm.fr>,1497541681,+0200,Marcel Stimberg <marcel.stimberg@inserm.fr>,1497541681,+0200,"Actually build a source package before trying to upload it to PyPi
",ada56aff2d99baeeeb038d832b21e37fd08296a0,brian-team_brian2genn
adc3b7e6981a9cd617c47303607d0ee730c9ea15,1ddd60440f68412a16546fed17e51fd7b68ae31c,['9eee0cabd126fb649b89ec6eacee85a517fee5aa'],Marcel Stimberg <marcel.stimberg@inserm.fr>,1537449156,+0200,Marcel Stimberg <marcel.stimberg@inserm.fr>,1537449156,+0200,"Simplify setting the GeNN preferences
",adc3b7e6981a9cd617c47303607d0ee730c9ea15,brian-team_brian2genn
add6398c2b458dfd225ac508f72ef62ccd84762a,1321a3a995627a7bf985db6e46cb7da1de3f7102,['c1e656d1e4566acfd505fa9a62213e3e0b66ad7d'],Marcel Stimberg <marcel.stimberg@inserm.fr>,1528906102,+0200,Marcel Stimberg <marcel.stimberg@inserm.fr>,1528966650,+0200,"Simplify the `timestep` implementation, no need to refer to limits.h
",add6398c2b458dfd225ac508f72ef62ccd84762a,brian-team_brian2genn
ae585b14126b18706cfae93b25d7754fa17b3975,f990c90d648f3f42a096f289b0f92f9517548878,['5cef00e3c7dbf5ad2e1d8a6365767aaa08742f74'],Marcel Stimberg <marcel.stimberg@inserm.fr>,1586866804,+0200,Marcel Stimberg <marcel.stimberg@inserm.fr>,1586866804,+0200,"Pull information about remote branches from GeNN repository
",ae585b14126b18706cfae93b25d7754fa17b3975,brian-team_brian2genn
ae8d0f8590055e1f0ca776a905cd655712af88cf,e1fa1bb54ed71c08d9dd8c92a3accce784201320,['8bda836e8928f7293d84f9e44438745efbbc572e'],Marcel Stimberg <marcel.stimberg@inserm.fr>,1555010793,+0200,Marcel Stimberg <marcel.stimberg@inserm.fr>,1555010793,+0200,"Revert use of iT for run_regularly operations

This reverts commit 0d14b333aadd55f1d3deab43798ef4adf38be23b.
",ae8d0f8590055e1f0ca776a905cd655712af88cf,brian-team_brian2genn
aeb687d5bdae15e2be2ea2b136d23377af13cb38,0c6885844803c4760e69d6abe6ae035866fd7882,['35fb194f08ef9f061b1231e9edd1f38570f6798f'],Marcel Stimberg <marcel.stimberg@inserm.fr>,1688490176,+0200,Marcel Stimberg <marcel.stimberg@inserm.fr>,1688490176,+0200,"Don't hardcode vcvarsall.bat location on Azure
",aeb687d5bdae15e2be2ea2b136d23377af13cb38,brian-team_brian2genn
aec3818966b5d28d6f6cb0263f5f881fd0f82978,fe0dcdd1e41db3980a80116dba32ed890649bfcd,['b86a6cfb0629c989d879c5c385bcccf8c2c63cfe'],neworderofjamie <neworderofjamie@gmail.com>,1555955925,+0100,neworderofjamie <neworderofjamie@gmail.com>,1555955925,+0100,"* use new syntax to turn off auto-refractoryness and to set span type
* commented out preference setting for now
",aec3818966b5d28d6f6cb0263f5f881fd0f82978,brian-team_brian2genn
aefe5cc4ccef859971a5e18a9fc8b1dbcfe9e56d,40dc32dcf33052d625ba142ce465f428a339d700,"['8fdba14ca25415b43c841f677749506e817290a5', 'eaa9430ec88382b272d2f945414bf53719dc0ec4']",Marcel Stimberg <marcel.stimberg@inserm.fr>,1649077136,+0200,GitHub <noreply@github.com>,1649077136,+0200,"Merge pull request #145 from denisalevi/fix-insert-code-slot-names

Rename `insert_code` slots `run` to `network_run`",aefe5cc4ccef859971a5e18a9fc8b1dbcfe9e56d,brian-team_brian2genn
af141db60524d3e548441ce22db54f3d6957f2b4,ac117aed11f6a39b13c22f65c15643b84e3ede12,['5e0af606bfa3f1df4aa30888506f6088a50b4f6b'],Marcel Stimberg <marcel.stimberg@inserm.fr>,1497630069,+0200,Marcel Stimberg <marcel.stimberg@inserm.fr>,1497630069,+0200,"Hopefully final fix for bash syntax in travis.yml...
",af141db60524d3e548441ce22db54f3d6957f2b4,brian-team_brian2genn
af2e7d29c6971de37d246bd73e14149ddac3db15,6f42bd2825426a328ba8b13cb7d0acc241ad11c5,['f398f7cb4b157acb7bbd13fb084fff15df0e2240'],Marcel Stimberg <marcel.stimberg@inserm.fr>,1471960790,+0100,Marcel Stimberg <marcel.stimberg@inserm.fr>,1471960790,+0100,"fixup references
",af2e7d29c6971de37d246bd73e14149ddac3db15,brian-team_brian2genn
afa9525dcca3d91b8fd56cc6d184c06620f48556,91df312300bff30d3bf7a14681f4aeb8a51877de,"['09ff57a36acf7b4ca1217e5ba2c3076dcf422252', 'ae585b14126b18706cfae93b25d7754fa17b3975']",Thomas Nowotny <t.nowotny@sussex.ac.uk>,1586869726,+0100,Thomas Nowotny <t.nowotny@sussex.ac.uk>,1586869726,+0100,"Merge branch 'genn_4' of https://github.com/brian-team/brian2genn into genn_4
",afa9525dcca3d91b8fd56cc6d184c06620f48556,brian-team_brian2genn
b03725f7f23fbdcb6f217e0f1758a550ec9bdb91,c9564f1ec24b86928430a94c2181d7db540b6752,['d104785f6557f7880c5b97c8b09774f83806fcfc'],neworderofjamie <neworderofjamie@gmail.com>,1585912509,+0100,neworderofjamie <neworderofjamie@gmail.com>,1585912666,+0100,"attributes for saner cross-platform development
",b03725f7f23fbdcb6f217e0f1758a550ec9bdb91,brian-team_brian2genn
b039c0603315d67a8d5af0417297de9ab57fdcc1,8834359bc78d71b53f8a7ed933e9e727dc04ce64,['6fed1b21c73f659b47fa3ee6270515fd783335b8'],Thomas Nowotny <t.nowotny@sussex.ac.uk>,1443026924,+0100,Thomas Nowotny <t.nowotny@sussex.ac.uk>,1443026924,+0100,"Added provisions to try to stop readthedocs build from running feature tests.
",b039c0603315d67a8d5af0417297de9ab57fdcc1,brian-team_brian2genn
b06059accb4c843fdefa93dbc6b4d668c801fb96,ecda449f9cb4ec1d7e276566d0f21178b53cd214,['e912ff131d0cfa4926b762cb45b8ac0b10ec716e'],Thomas Nowotny <t.nowotny@sussex.ac.uk>,1414685075,+0000,Thomas Nowotny <t.nowotny@sussex.ac.uk>,1414685075,+0000,"minor changes to accommodate the different way of doing ""synapseDynamics""
",b06059accb4c843fdefa93dbc6b4d668c801fb96,brian-team_brian2genn
b07f012138b44b3a3e385bcd14bd5a0c4573dc1e,fca3af940ba0c45d8d593f60785c77619e4a60fe,['f2de9a7ca548f5d4a4bfcb76d44375dc2ef1f310'],neworderofjamie <neworderofjamie@gmail.com>,1558532782,+0100,neworderofjamie <neworderofjamie@gmail.com>,1558532782,+0100,"missing ;
",b07f012138b44b3a3e385bcd14bd5a0c4573dc1e,brian-team_brian2genn
b100879f5865288db46819cb36042d2c2ebc93ae,0af2d23459221292a1011cc004f0cd6d63db84f4,['3efa99b620a662bf536eeea754966dc8c87f19b8'],Thomas Nowotny <t.nowotny@sussex.ac.uk>,1440619502,+0100,Thomas Nowotny <t.nowotny@sussex.ac.uk>,1440619502,+0100,"More speed test figures. Due to a misunderstanding these are actually all done with DENSE connectivity ( the ""GeNNConfiguration"" for testing reset the preferences to the then default 'DENSE')
",b100879f5865288db46819cb36042d2c2ebc93ae,brian-team_brian2genn
b1415c93e64ce09fd94dbd8387d02af010878f67,bcc3640001a38504de75a16687d712e9cdc7cc17,['f4567161111780f5a0f5e27ac0f03645c15730a4'],Thomas Nowotny <t.nowotny@sussex.ac.uk>,1443208580,+0100,Thomas Nowotny <t.nowotny@sussex.ac.uk>,1443208580,+0100,"Docs don't build - trying to revert to explicit brian version requirements
",b1415c93e64ce09fd94dbd8387d02af010878f67,brian-team_brian2genn
b143c36c50faf96970d18aeb0df674dc04c4972a,f91c7ec5caccaa20c952df7bb4ecea379a3110ec,['7e2510ebc7c0eb4dfa7552cbead016bcad8fc002'],Marcel Stimberg <marcel.stimberg@inserm.fr>,1497284434,+0200,Marcel Stimberg <marcel.stimberg@inserm.fr>,1497284520,+0200,"Build conda packages from a Python script
",b143c36c50faf96970d18aeb0df674dc04c4972a,brian-team_brian2genn
b1661479328f57a4e915b43d132e0870523cc421,0b5b0369ffa8f0ee3513a24de75dfe1a3da2f645,['efbfdd53e24cea33bd4ee7eeabfaa80125f46293'],neworderofjamie <J.C.Knight@sussex.ac.uk>,1549971153,+0000,neworderofjamie <J.C.Knight@sussex.ac.uk>,1549971153,+0000,"Don't output commas between items on last loop iteration
",b1661479328f57a4e915b43d132e0870523cc421,brian-team_brian2genn
b17ebbc08a6f5c740071441e269544811b77bf3f,b20885e4ab8a05fc6ec1240bf305695f441d3b61,['e427b70e2cbbbcb5b8c173b3df2f15f2437d94fc'],dependabot[bot] <49699333+dependabot[bot]@users.noreply.github.com>,1725437433,+0000,GitHub <noreply@github.com>,1725437433,+0000,"Bump actions/upload-artifact from 3 to 4

Bumps [actions/upload-artifact](https://github.com/actions/upload-artifact) from 3 to 4.
- [Release notes](https://github.com/actions/upload-artifact/releases)
- [Commits](https://github.com/actions/upload-artifact/compare/v3...v4)

---
updated-dependencies:
- dependency-name: actions/upload-artifact
  dependency-type: direct:production
  update-type: version-update:semver-major
...

Signed-off-by: dependabot[bot] <support@github.com>",b17ebbc08a6f5c740071441e269544811b77bf3f,brian-team_brian2genn
b19aca344e8c6bdabe07433dbc55ff8d1da92061,d76449d4fef4d20d50146441c48bbe66223a5805,['b07f012138b44b3a3e385bcd14bd5a0c4573dc1e'],neworderofjamie <neworderofjamie@gmail.com>,1558532827,+0100,neworderofjamie <neworderofjamie@gmail.com>,1558532827,+0100,"genn_generator can't directly insert $(XXX) function calls as they're not valid C++ - instead insert standard C-style function calls and replace them at the last minute
",b19aca344e8c6bdabe07433dbc55ff8d1da92061,brian-team_brian2genn
b1b84e971853417ab3167c0ce42ffa9a4626d02d,e955a0bd6c564a78f0d711bb1650bbbfa08c9629,['a00d75961c9eb95fcbee5c05bbf8cc7602c86765'],Thomas Nowotny <t.nowotny@sussex.ac.uk>,1471859833,+0100,Thomas Nowotny <t.nowotny@sussex.ac.uk>,1471859833,+0100,"Updated brian2genn to work with GeNN 2.2.1.
",b1b84e971853417ab3167c0ce42ffa9a4626d02d,brian-team_brian2genn
b200864ad5b973fe71b6907ccf8150701f1367b5,702972add214ad28b99f4f68ff5134697b63fe95,['2f420431d84ea0f5f0271ffd5d5195b596858d79'],Marcel Stimberg <marcel.stimberg@inserm.fr>,1497618399,+0200,Marcel Stimberg <marcel.stimberg@inserm.fr>,1497618399,+0200,"***** Release brian2genn 0.9rc2 *****
",b200864ad5b973fe71b6907ccf8150701f1367b5,brian-team_brian2genn
b200c8d208f51dfe4cb81d9895042bcae92dd537,f1eb0d72235197050de6f87d40fc1cf063feedf2,['920bd280d2f1f8086cf77bbbf82b5fc6a5c95d1c'],dependabot[bot] <49699333+dependabot[bot]@users.noreply.github.com>,1761550186,+0000,GitHub <noreply@github.com>,1761550186,+0000,"Bump actions/download-artifact from 4 to 6

Bumps [actions/download-artifact](https://github.com/actions/download-artifact) from 4 to 6.
- [Release notes](https://github.com/actions/download-artifact/releases)
- [Commits](https://github.com/actions/download-artifact/compare/v4...v6)

---
updated-dependencies:
- dependency-name: actions/download-artifact
  dependency-version: '6'
  dependency-type: direct:production
  update-type: version-update:semver-major
...

Signed-off-by: dependabot[bot] <support@github.com>",b200c8d208f51dfe4cb81d9895042bcae92dd537,brian-team_brian2genn
b24bfbcaf6a292d24799f090ffbacc27b156d005,1e6eee59a845d95c26c9354c8ddcf200f82f9415,['e55c683109a263b9eac05d5f3ceb36f2abe1d3f4'],Thomas Nowotny <t.nowotny@sussex.ac.uk>,1441291242,+0100,Thomas Nowotny <t.nowotny@sussex.ac.uk>,1441291242,+0100,"lso removed brian2genn.sphinxext.briandoc
",b24bfbcaf6a292d24799f090ffbacc27b156d005,brian-team_brian2genn
b28ea1fd805d917fe232071022f7a80817b9cc11,1bb4aefaa27fbdd77535d839ea0d0eb4d155f648,['fabbe0381375a626115831001ad6de04c4e6f26a'],Marcel Stimberg <marcel.stimberg@inserm.fr>,1496147704,+0200,Marcel Stimberg <marcel.stimberg@inserm.fr>,1496147704,+0200,"Try to use a custom ""cask"" to only install the CUDA toolkit (OS X)
",b28ea1fd805d917fe232071022f7a80817b9cc11,brian-team_brian2genn
b2bc56315ec46bbfc9033df85bfa57388b9e6f3b,0d988d187f182df3164d91e45e8fccc8103436a9,['3f0a7af33bfd7c7eb26e85c8eedccb8efb0237a0'],Marcel Stimberg <marcel.stimberg@inserm.fr>,1497633681,+0200,Marcel Stimberg <marcel.stimberg@inserm.fr>,1497633681,+0200,"Actually install twine to upload to PyPi
",b2bc56315ec46bbfc9033df85bfa57388b9e6f3b,brian-team_brian2genn
b2c6acc1889cdb833ea9c5e347f63f791348e2d7,09c835071e6f1fb6004ec3e8857c6d0ce79450be,"['8463e5fabc1950129fa61167eba3f71eaaf49ff8', '4acccfc5f60a56115ee678812d6f249851e7850e']",Thomas Nowotny <t.nowotny@sussex.ac.uk>,1539244880,+0100,GitHub <noreply@github.com>,1539244880,+0100,"Merge pull request #77 from JustasB/patch-1

Update README.md",b2c6acc1889cdb833ea9c5e347f63f791348e2d7,brian-team_brian2genn
b395f4d106b4820fcdb50433983751d5dbc8203e,3d6e3c48cfdf7c2b606543e14c5c89d6aaaa30e9,['78b3b0c975d03a71d8a45609cd9f037f98b11c86'],Marcel Stimberg <marcel.stimberg@inserm.fr>,1586353602,+0200,Marcel Stimberg <marcel.stimberg@inserm.fr>,1586353602,+0200,"Revert two unnecessary changes
",b395f4d106b4820fcdb50433983751d5dbc8203e,brian-team_brian2genn
b3ec1815ed08e0cf22445a815452417703c4aa21,2169d9ecd2daf4672084b83d734bbd8a39192d3e,['3fdd67e134283972065fe891bc7f81f801660bce'],Marcel Stimberg <marcel.stimberg@inserm.fr>,1542821650,+0100,Marcel Stimberg <marcel.stimberg@inserm.fr>,1542821650,+0100,"Use script (i.e. cmd.exe) instead of powershell on Windows
",b3ec1815ed08e0cf22445a815452417703c4aa21,brian-team_brian2genn
b3eeb1e99adb42a0c9f8635ab707bd889e946092,aa4a9090892e38d37246fdfbbe1ee64ab10ffe1a,['b4fd466adcc3e8173e591950cd1995f253fd4ab9'],Thomas Nowotny <tn41@inf900324.inf.susx.ac.uk>,1585911271,+0100,Thomas Nowotny <tn41@inf900324.inf.susx.ac.uk>,1585911271,+0100,"fixed the issue around one of the iteritem uses with changing dictionary.
",b3eeb1e99adb42a0c9f8635ab707bd889e946092,brian-team_brian2genn
b4296432b2529811887e69d6905aca635c7b6692,a431cab0bfc7569972ff71cf5c59f1f0205feba2,['b92d947b2c53a4b06a79b06e77aa9583d36fed71'],Marcel Stimberg <marcel.stimberg@inserm.fr>,1471971083,+0100,Marcel Stimberg <marcel.stimberg@inserm.fr>,1471971454,+0100,"Raise a `NotImplementedError` for unsupported object types (e.g. `PoissonInput`)
",b4296432b2529811887e69d6905aca635c7b6692,brian-team_brian2genn
b495a2691b3f065f7f22ba566276864a4ca9ff94,263366c7e15793951b0656f32859779cb9d3e4bf,['78096928f164eb452e75000f0e78732e059ca8bc'],Marcel Stimberg <marcel.stimberg@inserm.fr>,1542810988,+0100,Marcel Stimberg <marcel.stimberg@inserm.fr>,1542810988,+0100,"Use GeNN's stable version
",b495a2691b3f065f7f22ba566276864a4ca9ff94,brian-team_brian2genn
b4fd466adcc3e8173e591950cd1995f253fd4ab9,1b177ee584fd54b0770f350d6583366a6bbb2530,['a6df13f0123e1389a437fa0e8e8208abdc5f5064'],neworderofjamie <neworderofjamie@gmail.com>,1585909152,+0100,neworderofjamie <neworderofjamie@gmail.com>,1585909152,+0100,"small tweaks
",b4fd466adcc3e8173e591950cd1995f253fd4ab9,brian-team_brian2genn
b540aa185a430dbd898e81e13f518326529f2096,15d391a67e13ffd4d7d45286a73f9f71e74dcf09,['8fcee4d962089d6e6778ff71c82659a47e2237ee'],Marcel Stimberg <marcel.stimberg@inserm.fr>,1497627904,+0200,Marcel Stimberg <marcel.stimberg@inserm.fr>,1497627904,+0200,"Fix the definition of multiple ""secure variables"" in travis.yml
",b540aa185a430dbd898e81e13f518326529f2096,brian-team_brian2genn
b5640c61ae635702a2a08f4b9a4a7263f3563e94,cc1841abbf7d6a7c7874fc9f62b092bd3bb8770a,['cc9e49dac97b20297ad0f94591c6aaf00e34cbb3'],Thomas Nowotny <t.nowotny@sussex.ac.uk>,1429265685,+0100,Thomas Nowotny <t.nowotny@sussex.ac.uk>,1429265685,+0100,"added ""loadResult.m"" under git control.
",b5640c61ae635702a2a08f4b9a4a7263f3563e94,brian-team_brian2genn
b57a0a0b4774020d522c6ef13252d722e7a81048,83369d1692506ade4e4e54630fa0fd233ffc2f52,['4433a8d46b92de89532aa342b3e5e0a7799801a7'],Thomas Nowotny <t.nowotny@sussex.ac.uk>,1497963963,+0100,Thomas Nowotny <t.nowotny@sussex.ac.uk>,1497963963,+0100,"Added Mac builds for brian2genn conda packages.
",b57a0a0b4774020d522c6ef13252d722e7a81048,brian-team_brian2genn
b59b8d16ca47a370a5de0e1e50f1767e40729a16,3be9f283f4be292a54108bd4478cc0821bf0968f,['022a25fcafc2189fe270cef83cba328464f35c44'],Marcel Stimberg <marcel.stimberg@inserm.fr>,1498063957,+0200,Marcel Stimberg <marcel.stimberg@inserm.fr>,1498063957,+0200,"Try to make the conda build script more robust
",b59b8d16ca47a370a5de0e1e50f1767e40729a16,brian-team_brian2genn
b5d3cba85e4c56244c57c702ff278772c829da10,9cc5387796ec784d8719dff6e7b3de9db5aadde4,['01bad74e1fbf20f63f2e12a101a8486394678c17'],Marcel Stimberg <marcel.stimberg@inserm.fr>,1542808885,+0100,Marcel Stimberg <marcel.stimberg@inserm.fr>,1542808973,+0100,"Try a single simulation instead of the full test suite for debugging
",b5d3cba85e4c56244c57c702ff278772c829da10,brian-team_brian2genn
b64c7ee936fc713cd1181d961371dbefae54f480,dbb8f02551a5db592e8cfe4fbb09150fd4be1cc8,['3ece949d0d16d4d064dc0e431b2e700b80c355b2'],Marcel Stimberg <marcel.stimberg@inserm.fr>,1559745799,+0200,Marcel Stimberg <marcel.stimberg@inserm.fr>,1559745799,+0200,"On Azure: try transferring the environment variable across tasks
",b64c7ee936fc713cd1181d961371dbefae54f480,brian-team_brian2genn
b661baeb42fda9df90d32da7b4def07dffc863f0,4d010179b77e2a609f7dfcb19ff853aed35d4eb4,['c61fbd8c2e2ce8cdc5b2e556a26e4453be2c3598'],Marcel Stimberg <marcel.stimberg@inserm.fr>,1543314642,+0100,Marcel Stimberg <marcel.stimberg@inserm.fr>,1543314642,+0100,"Replace appveyor/travis badges by Azure badge
",b661baeb42fda9df90d32da7b4def07dffc863f0,brian-team_brian2genn
b6d94937771d4e0d967cbc93806455cb30dba8cf,6a77a1f61342148165fc53ba0818f6533fb2111c,['d680feeb5a1578b894703ef093274fd6307b35f0'],Marcel Stimberg <marcel.stimberg@inserm.fr>,1535618703,+0200,Marcel Stimberg <marcel.stimberg@inserm.fr>,1535618703,+0200,"For the travis tests using the latest GeNN version, use GCC 5
",b6d94937771d4e0d967cbc93806455cb30dba8cf,brian-team_brian2genn
b718fc9bcdd7518aa93cb8bc9ac009333b3f8c18,cd37978c25c5a1412a954214ebf5a8c774cfa629,['e0ee558515782eba644223cdecf49b6a705f3f40'],Thomas Nowotny <t.nowotny@sussex.ac.uk>,1405615689,+0100,Thomas Nowotny <t.nowotny@sussex.ac.uk>,1405615689,+0100,"Some minor tweaks mostly to do with consistent use of double precision as standard. Also added a simple cpp_standalone benchmark file.

",b718fc9bcdd7518aa93cb8bc9ac009333b3f8c18,brian-team_brian2genn
b7bfd99d4bcfc2e9868f8fa42e7df79e6476f519,64b1f991be42137f5403fbf76e56a266ce89957a,['2df5e5de21472ea9fe642d58c3f8fbcd24e323f3'],Marcel Stimberg <marcel.stimberg@inserm.fr>,1559747542,+0200,Marcel Stimberg <marcel.stimberg@inserm.fr>,1559747542,+0200,"On Azure: avoid permission errors by creating conda env in $HOME
",b7bfd99d4bcfc2e9868f8fa42e7df79e6476f519,brian-team_brian2genn
b7c589f25f290ca84ce90646f4b089c9d99f2787,551501745722b2abbc6c750c9b089bff9509efdb,['e7966b17e3f3b9228341cd9badaa1f0a8799a2ad'],Marcel Stimberg <marcel.stimberg@inserm.fr>,1536657101,+0200,Marcel Stimberg <marcel.stimberg@inserm.fr>,1536659684,+0200,"Use the new `setTimePrecision` mechanism that will be introduced with GeNN 3.2
",b7c589f25f290ca84ce90646f4b089c9d99f2787,brian-team_brian2genn
b7da37c86daf759bd8788b49f1568338d79ebc1e,3f8ccf99ae9da78e870521441ac766b0f2f8afbf,['cb517d84582d4752073aaa8d0f3e74b7bd51bb91'],Marcel Stimberg <marcel.stimberg@inserm.fr>,1471953765,+0100,Marcel Stimberg <marcel.stimberg@inserm.fr>,1471953765,+0100,"Deal with referenced variables in `NeuronGroup`
",b7da37c86daf759bd8788b49f1568338d79ebc1e,brian-team_brian2genn
b8122e159660ae5fb02ec5336fb05f717f4c6737,6d804294c26e80e9d6f415ea60025e40f8dd8508,['5cbbeca80419360a8bcdfd77354e3cc09c8be2ae'],Thomas Nowotny <t.nowotny@sussex.ac.uk>,1415292056,+0000,Thomas Nowotny <t.nowotny@sussex.ac.uk>,1415292056,+0000,"Tried to fix an incompatibility with Dan's windows install and removed a problem for unix build.
",b8122e159660ae5fb02ec5336fb05f717f4c6737,brian-team_brian2genn
b814a3414da643fba4748a5536282465ee3133e2,5342d49160d830b216148a8d65dd547cecdc777a,['291994c029f54416c85053b99d7faf379ffad16e'],Thomas Nowotny <tn41@inf900324.inf.susx.ac.uk>,1586208348,+0100,Thomas Nowotny <tn41@inf900324.inf.susx.ac.uk>,1586208348,+0100,"A first attempt at the case where we need to do a dry run of synapse generation. I got as
far as generating an additional code_object from a template that we can modify to do the dry
run insteasd of a full generation of synaptic connectivity. It is almost working but I hit
an annoying compilation issue where the new code_object includes the models.h header
and it is not in the include path. Unfortunately the include directive for objects.h is
in a template that we are generalising and if at all possible I would prefer not to
duplicate those.
",b814a3414da643fba4748a5536282465ee3133e2,brian-team_brian2genn
b8162abdd583ee4e643781c32a20d28553748f7b,0bbda38acf4b8f3da772a693a02f22172e6247a8,['fd385df9cc282b7a910676d427e5b94d1f2e69f9'],Marcel Stimberg <marcel.stimberg@inserm.fr>,1471946600,+0100,Marcel Stimberg <marcel.stimberg@inserm.fr>,1471946600,+0100,"Simplify CPU/GPU function implementations
",b8162abdd583ee4e643781c32a20d28553748f7b,brian-team_brian2genn
b86a6cfb0629c989d879c5c385bcccf8c2c63cfe,a65903b4a8e8bae73d4f3cd036f8c16f78636af7,['340d3a4a15da857d29ff8129a45b0fa3d8a6a468'],neworderofjamie <neworderofjamie@gmail.com>,1555955875,+0100,neworderofjamie <neworderofjamie@gmail.com>,1555955875,+0100,"Started updating engine and main
",b86a6cfb0629c989d879c5c385bcccf8c2c63cfe,brian-team_brian2genn
b8a1c19d753669ebde83c2f886ee4465d1b7f1b0,d4e4adb7abc0ae68b22cc22e648f58e5a047360f,['afa9525dcca3d91b8fd56cc6d184c06620f48556'],neworderofjamie <neworderofjamie@gmail.com>,1586958548,+0100,neworderofjamie <neworderofjamie@gmail.com>,1586958548,+0100,"Support for GeNN 4 timing
",b8a1c19d753669ebde83c2f886ee4465d1b7f1b0,brian-team_brian2genn
b8ed235e7c235217e24867ddce9730ea9d1fd8a2,75159311f2d1d088e42d54f05b77deee16fd7f2e,['242da71c75a3ed3b571e1fa35fe8c43afbf5dbae'],Marcel Stimberg <marcel.stimberg@inserm.fr>,1542798212,+0100,Marcel Stimberg <marcel.stimberg@inserm.fr>,1542798212,+0100,"Only do a shallow clone of the GeNN repository
",b8ed235e7c235217e24867ddce9730ea9d1fd8a2,brian-team_brian2genn
b8f2cf450c55e92415a87338a48bcc6b9cb8365b,5483353f881f0175951645afcbfcf1427bade487,['1ecb8bdde462ccb77075ab261ce77621ea60e965'],Marcel Stimberg <marcel.stimberg@inserm.fr>,1542818947,+0100,Marcel Stimberg <marcel.stimberg@inserm.fr>,1542818947,+0100,"Instead of figuring out correct quoting on Windows, use a file...
",b8f2cf450c55e92415a87338a48bcc6b9cb8365b,brian-team_brian2genn
b92d947b2c53a4b06a79b06e77aa9583d36fed71,5c915377ae3e63b8b49248a225a9f778a384fefb,['af2e7d29c6971de37d246bd73e14149ddac3db15'],Marcel Stimberg <marcel.stimberg@inserm.fr>,1471969222,+0100,Marcel Stimberg <marcel.stimberg@inserm.fr>,1471969222,+0100,"Raise a `NotImplementedError` when subexpressions are used in synaptic statements
",b92d947b2c53a4b06a79b06e77aa9583d36fed71,brian-team_brian2genn
b954406100761e99a44f9324d6b77ab4a31a1a66,025bce656368d3fc39289ef8e4681fca29532ffa,['776b70f78c626fad9913068fb13a53e4ace4d170'],Marcel Stimberg <marcel.stimberg@inserm.fr>,1542711726,+0100,Marcel Stimberg <marcel.stimberg@inserm.fr>,1542711726,+0100,"Fix syntax in travis.yml
",b954406100761e99a44f9324d6b77ab4a31a1a66,brian-team_brian2genn
b95b3193aefcea8cbc5a7f8e3436ae4394bfa94b,e91f614af8d8c0a498882633596cd8a5fcb3ba99,['bd831dd75f0f0f3d183f06e79b2c9a1f6ba59738'],Thomas Nowotny <t.nowotny@sussex.ac.uk>,1439573225,+0100,Thomas Nowotny <t.nowotny@sussex.ac.uk>,1439573225,+0100,"Some improvements to fix bugs. Tried to introduce functionality that would allow user defined functions appearing as support code in model definition and subsequently in the neuron and synapse kernels. This still fails.
",b95b3193aefcea8cbc5a7f8e3436ae4394bfa94b,brian-team_brian2genn
b9ded1ccada04066cfd1011488bc0dba07708209,c1cd8699671d9e1018baa239fccdaecd47b063f5,['7b624fdc176606ba206db3c8f387db53816c5d7e'],Marcel Stimberg <marcel.stimberg@inserm.fr>,1549468056,+0100,Marcel Stimberg <marcel.stimberg@inserm.fr>,1549468056,+0100,"Quick fix to work with Brian2's master version

This does not properly implement support for additional compilation
keywords, it only avoids that Brian2GeNN is unusable due to an error
about an unexpected argument.
",b9ded1ccada04066cfd1011488bc0dba07708209,brian-team_brian2genn
b9e87b0422dc5e08d1ceaca6bd9d84298fbfc06b,47002d5590d964b8e26721c62ecde9a90918ee97,['ef6c097a0a864d2c93d27798cfba91280a226550'],Marcel Stimberg <marcel.stimberg@inserm.fr>,1586427379,+0200,Marcel Stimberg <marcel.stimberg@inserm.fr>,1586427931,+0200,"Update release script to update documentation version
",b9e87b0422dc5e08d1ceaca6bd9d84298fbfc06b,brian-team_brian2genn
ba056a279fe0206cb97da408377e0672b210cfca,4b2ab1d64a27d143255357744751941d897457ba,['cec78cb626bfe02e018c86c5d9c570812ff99a7d'],Marcel Stimberg <marcel.stimberg@inserm.fr>,1471890860,+0100,Marcel Stimberg <marcel.stimberg@inserm.fr>,1471891393,+0100,"Adapt ratemonitor template to Brian2's changed clock system
",ba056a279fe0206cb97da408377e0672b210cfca,brian-team_brian2genn
ba2beebf6190640a15cc0d73ba0cba640247e4eb,a5d8e8a574a5fb5be9171e267f934b5a205fac78,['355c55267b1d50e19590b5bfb0755e9af5cc3be6'],Thomas Nowotny <t.nowotny@sussex.ac.uk>,1405452128,+0100,Thomas Nowotny <t.nowotny@sussex.ac.uk>,1405452128,+0100,"My latest attempt on fixing some details - however, it's not working (the replace functionality of jinja does not seem to work for unkown reasons). I could swear it was working initially.

",ba2beebf6190640a15cc0d73ba0cba640247e4eb,brian-team_brian2genn
ba5af670e3ab550a10b7bbc736ffb0c0523620f1,e950d3b8e25eca3f851b506a6e520e8a1960cf68,['0616acef24420901d0af0add2884b99df822ba36'],Marcel Stimberg <marcel.stimberg@inserm.fr>,1471864073,+0100,Marcel Stimberg <marcel.stimberg@inserm.fr>,1471864073,+0100,"Adapt to latest GeNN
",ba5af670e3ab550a10b7bbc736ffb0c0523620f1,brian-team_brian2genn
ba7a5134066e81331763ed23fc9ac23082dc1447,f5242024d721e7902de7dace429587244a8097dc,['f6cf2f6ccd4ac2cbfb495a298dec1b1ed78bf914'],Marcel Stimberg <marcel.stimberg@inserm.fr>,1496068081,+0200,Marcel Stimberg <marcel.stimberg@inserm.fr>,1496068081,+0200,"Inherit the CUDA_PATH environment variable when building the conda package
",ba7a5134066e81331763ed23fc9ac23082dc1447,brian-team_brian2genn
bae4692a16bbe95a4297ea51e785139a59f4bc45,524335c60845512b14bbbbb8eb02ec2d21d0a037,['fd77d2dc7de4231c6be9ea7885dea5ea8fec12d1'],Denis Alevi <mail@denisalevi.de>,1534338608,+0200,GitHub <noreply@github.com>,1534338608,+0200,Avoid caclulating `elapsed_realtime` every time step,bae4692a16bbe95a4297ea51e785139a59f4bc45,brian-team_brian2genn
bb52b20aec3e813a2ceac3de6f349ec47da0fd08,b0137e521d030f60a7e8d2219f8e51280b197ad0,['b1661479328f57a4e915b43d132e0870523cc421'],neworderofjamie <J.C.Knight@sussex.ac.uk>,1549972080,+0000,neworderofjamie <J.C.Knight@sussex.ac.uk>,1549972080,+0000,"New connectivity type enumeration
",bb52b20aec3e813a2ceac3de6f349ec47da0fd08,brian-team_brian2genn
bbaf9b6cf6c80eb84e6ff92f9009af91bed839b8,a7bf5b37dea9ea29dcf6480a517be8d541c6635b,['de628a769e43a6896dd0d28ab7b3630a2e5e7850'],neworderofjamie <neworderofjamie@gmail.com>,1587400677,+0100,neworderofjamie <neworderofjamie@gmail.com>,1587400677,+0100,"fixed typo
",bbaf9b6cf6c80eb84e6ff92f9009af91bed839b8,brian-team_brian2genn
bc597ad29b6487dfff3c457e1138470cc1bb4504,8cf74cfd5247ca0354c1548f291c4d1edaa0b1cd,['3cec78bd1ca246cef329cd267d0ded04bb9b25c9'],Marcel Stimberg <marcel.stimberg@inserm.fr>,1536226776,+0200,Marcel Stimberg <marcel.stimberg@inserm.fr>,1536226776,+0200,"appveyor: use a different activate command on Python 3.5 (with older conda)
",bc597ad29b6487dfff3c457e1138470cc1bb4504,brian-team_brian2genn
bd831dd75f0f0f3d183f06e79b2c9a1f6ba59738,a1e8f53e926a6c45fddd5fab8e063a2db4021f67,['ff83e68091c8569bf0c445ab28631529b37fc286'],Thomas Nowotny <t.nowotny@sussex.ac.uk>,1438623680,+0100,Thomas Nowotny <t.nowotny@sussex.ac.uk>,1438623680,+0100,"Two bug fixes to address a) that scalar code in the threshold condition was ignored. b) that the hidden_weightmatrix was not counted as a variable for synapses and hence there were too few initial variables.
",bd831dd75f0f0f3d183f06e79b2c9a1f6ba59738,brian-team_brian2genn
bd9d70ea91031bfecb95541e0540cdd59e59d414,20822e3961443f5f234536ad26219e6968d9060f,['2a6dd84c930218a2bf745118b371c97b90d3d075'],Thomas Nowotny <t.nowotny@sussex.ac.uk>,1441268145,+0100,Thomas Nowotny <t.nowotny@sussex.ac.uk>,1441268145,+0100,"Updated long description in setup.py and minimized depndencies in setup.py to things needed directly rather than as dependencies of brian2
",bd9d70ea91031bfecb95541e0540cdd59e59d414,brian-team_brian2genn
be9abd6800c07bf500c06a7ed2e5c22d876153e3,0adf39832b68ec6b4dd4d20cd920548f9f68b608,['e297665add1b4adcb24afdb3e6d0cca67da7497a'],Thomas Nowotny <t.nowotny@sussex.ac.uk>,1415637966,+0000,Thomas Nowotny <t.nowotny@sussex.ac.uk>,1415637966,+0000,"I made changes to the interface to adjust for recent changes in genn.
",be9abd6800c07bf500c06a7ed2e5c22d876153e3,brian-team_brian2genn
bf0304ae6496c6961840f3c1d5111d3d0c5eccd8,891a79787ccf3ff10c5908a08cbf39d1af142095,['9b7caf765a6eafd5134cd47c8f9acedb1dd06570'],Thomas Nowotny <tn41@inf900324.inf.susx.ac.uk>,1587646746,+0100,Thomas Nowotny <tn41@inf900324.inf.susx.ac.uk>,1587646746,+0100,"Removed some left over unnecessary max code.
",bf0304ae6496c6961840f3c1d5111d3d0c5eccd8,brian-team_brian2genn
c0646b6fec138af80fe06ad481fee7638a5680df,1b1ab1b6a43a9f306b06ccd8d0a18a0248af5d55,['9f29917a32fa91f59cde7b7a77bcfaebee6b145f'],neworderofjamie <neworderofjamie@gmail.com>,1588063109,+0100,neworderofjamie <neworderofjamie@gmail.com>,1588063109,+0100,"fixed template issues
",c0646b6fec138af80fe06ad481fee7638a5680df,brian-team_brian2genn
c0717946f5c885fe344ceea46bcfb552adba8064,6ff0453468873b0cb9ae70d07c27a36b3dba8ead,['e3cc8d9a14103ca6eeb6a93f4095f2014a787211'],Marcel Stimberg <marcel.stimberg@inserm.fr>,1472059218,+0100,Marcel Stimberg <marcel.stimberg@inserm.fr>,1472059231,+0100,"Don't define CPU_ONLY as 0 in the make file when using GPU (it has to be undefined)
",c0717946f5c885fe344ceea46bcfb552adba8064,brian-team_brian2genn
c07b784efd03cd073c6d559ad1437449906738e0,651dba6d724c48846e0538e74c8b06674868deb8,['bf0304ae6496c6961840f3c1d5111d3d0c5eccd8'],Thomas Nowotny <tn41@inf900324.inf.susx.ac.uk>,1587650247,+0100,Thomas Nowotny <tn41@inf900324.inf.susx.ac.uk>,1587650247,+0100,"Forgot to add the new template file ot git. Duh.
",c07b784efd03cd073c6d559ad1437449906738e0,brian-team_brian2genn
c0988b721603c3ef007bed2f26bce00cd5741474,94947698ecadb44e1318418ae499d8a10747190e,['e6c04a71592af404dd2043f6e8f86f96ee8d291e'],Marcel Stimberg <marcel.stimberg@inserm.fr>,1498051769,+0200,Marcel Stimberg <marcel.stimberg@inserm.fr>,1498051769,+0200,"Only pass Windows environment variables on Windows (meta.yaml)

These variables are only necessary to workaround py-cpuinfo problems with older conda-build versions
",c0988b721603c3ef007bed2f26bce00cd5741474,brian-team_brian2genn
c1e656d1e4566acfd505fa9a62213e3e0b66ad7d,a2dc3986f901bd6704b7eda22ea73f2462fa9aa4,['94aa5e58bc1c740faaee9e2051c2ab98eba8b6bb'],Marcel Stimberg <marcel.stimberg@inserm.fr>,1528901267,+0200,Marcel Stimberg <marcel.stimberg@inserm.fr>,1528903244,+0200,"Add a `timestep` implementation for GeNN to make it work with Brian 2.1.3
",c1e656d1e4566acfd505fa9a62213e3e0b66ad7d,brian-team_brian2genn
c28ef3c9e6aad3d6d7a5bd9a2c31c2d9d389ed0c,cbbda3120eea675df322fb4036af8061ea76e54f,['9450b410cc69a4e42d6c0d7d43dc94106f6ba4ad'],Marcel Stimberg <marcel.stimberg@inserm.fr>,1651071936,+0200,Marcel Stimberg <marcel.stimberg@inserm.fr>,1651159682,+0200,"Only push/pull variables when necessary

In exceptional cases (but occuring in Brian's test suite), a variable
is only used in a run_regularly operation. In that case, it does not
need to be pushed to the device, and a StateMonitor does neither need
to pull it, nor to copy/convert between Brian2GeNN and Brian2 data
structures.
",c28ef3c9e6aad3d6d7a5bd9a2c31c2d9d389ed0c,brian-team_brian2genn
c30a2df3b8c9ca411f6c8f621b021d9a4bd9a062,ace06b9be8e88933a6e772a8609346970f28f61b,['8028d5d293a7a190cf9fd597585eb10b7551bb23'],Marcel Stimberg <marcel.stimberg@inserm.fr>,1690533787,+0200,Marcel Stimberg <marcel.stimberg@inserm.fr>,1690533787,+0200,"Add mechanism to skip Brian tests
",c30a2df3b8c9ca411f6c8f621b021d9a4bd9a062,brian-team_brian2genn
c34be36b6066e1f9f01835d65ed54f3730da85f0,aa858791c31d69cf613100af1556414623645136,['092a00e2e3badab17a140698fa90ef70d63e2e7c'],Marcel Stimberg <marcel.stimberg@inserm.fr>,1542883225,+0100,Marcel Stimberg <marcel.stimberg@inserm.fr>,1542883225,+0100,"debug
",c34be36b6066e1f9f01835d65ed54f3730da85f0,brian-team_brian2genn
c3510232038bcf0571549f37f54c1c2bad36cfe4,f675847b9e11e963a78f4b5b231ea3f207b8bad0,['ee0a8aa8cc0caf2323107f881e089a0bff95e5d3'],Marcel Stimberg <marcel.stimberg@inserm.fr>,1496149465,+0200,Marcel Stimberg <marcel.stimberg@inserm.fr>,1496149465,+0200,"Try to get the path for the custom cask right (OS X)
",c3510232038bcf0571549f37f54c1c2bad36cfe4,brian-team_brian2genn
c37b6c99da7470599200a2589ee49800b4f65d02,c3fbc92c3b3bdf14ecf006160e5b5dd3beec2fbe,['6dee943b15112a9e9ea1a4fa5ce511c547c84227'],Marcel Stimberg <marcel.stimberg@inserm.fr>,1542986691,+0100,Marcel Stimberg <marcel.stimberg@inserm.fr>,1542987036,+0100,"Run tests for single and double precision
",c37b6c99da7470599200a2589ee49800b4f65d02,brian-team_brian2genn
c3b801e42142761e812e9be04463c168f99cb9ba,84f5e84e9ce7ab12e008bcbde2c0fce6f7c2771b,['2c11ce66c537eb661d2f95d9917d980b5b621887'],Marcel Stimberg <marcel.stimberg@inserm.fr>,1542894759,+0100,Marcel Stimberg <marcel.stimberg@inserm.fr>,1542894759,+0100,"debug Python version
",c3b801e42142761e812e9be04463c168f99cb9ba,brian-team_brian2genn
c3e02a5f889993bb04de6cb15fe65802c205be5a,3d0f8fc5309a0b06f513863aeffbd2398ac1424e,['480e3af609f6a3078b300ea7320364be7c7ae4b3'],Marcel Stimberg <marcel.stimberg@inserm.fr>,1509962364,+0100,Marcel Stimberg <marcel.stimberg@inserm.fr>,1509963920,+0100,"Use the new way of specifying the compiler in meta.yaml
",c3e02a5f889993bb04de6cb15fe65802c205be5a,brian-team_brian2genn
c5003634bf184102269cf0f4aeffc1626866b9b5,96c835a0d8542d7209f52970048d43b469b9dc7e,['7e5296501b8d9a78db55848e95a6ee7e7650e964'],Marcel Stimberg <marcel.stimberg@inserm.fr>,1588006712,+0200,Marcel Stimberg <marcel.stimberg@inserm.fr>,1588006712,+0200,"Run tests against latest GeNN release
",c5003634bf184102269cf0f4aeffc1626866b9b5,brian-team_brian2genn
c54733374f10e25c373117d5f61f69babb3121ac,4c6041446d057c6476fa5dfa6f516c21502e1852,['e8001d8d05f8494059259f51d2abe944be2ff63d'],Marcel Stimberg <marcel.stimberg@inserm.fr>,1490891738,+0200,Marcel Stimberg <marcel.stimberg@inserm.fr>,1490891941,+0200,"Allow scalar code in `run_regularly` operations
",c54733374f10e25c373117d5f61f69babb3121ac,brian-team_brian2genn
c56621a185a66132f449667ae78ce55bc0e1702c,b29acf85fc9bcb256f9244088eb8594a4d9bd1c2,['578f2cad8f8c0f13abfd226cded2a8c1dc3a369b'],Marcel Stimberg <marcel.stimberg@inserm.fr>,1479205317,+0100,Marcel Stimberg <marcel.stimberg@inserm.fr>,1479207482,+0100,"Use main.exe instead of runner.exe for the executable on Windows
This is more consistent with Brian (and was expected in the brian2genn code)
",c56621a185a66132f449667ae78ce55bc0e1702c,brian-team_brian2genn
c5acf5e90ad3a2ac00d25e92c4a1d3c7c62d303c,910d3ee1b7de82f26c7a82c57131b93b872ce92d,['d28b6497a8c658ca3bddaa306f022859e58b6000'],Marcel Stimberg <marcel.stimberg@inserm.fr>,1509983846,+0100,Marcel Stimberg <marcel.stimberg@inserm.fr>,1509983846,+0100,"***** Release brian2genn 1.1.5 *****
",c5acf5e90ad3a2ac00d25e92c4a1d3c7c62d303c,brian-team_brian2genn
c5d842be0f92ce8a9ad71352c67ca98dea47a572,b6dd6e72ed49ee44c070531f5490a39bf686f42e,"['87391f28b4646d664b7a21fac43399a1f10e33e4', 'd149946cd7c2013bbff0489ef74eef1dac2ff3ac']",Marcel Stimberg <marcel.stimberg@inserm.fr>,1536913046,+0200,GitHub <noreply@github.com>,1536913046,+0200,"Merge pull request #72 from brian-team/support_float32

Support single precision floats",c5d842be0f92ce8a9ad71352c67ca98dea47a572,brian-team_brian2genn
c61fbd8c2e2ce8cdc5b2e556a26e4453be2c3598,e3733953d4d950bf485ec8341894e461d1b21478,"['156ac497d14a42683e6aace8df87c017f5f8569a', '70a989e299a26ff3ca98600503e388a23a461d46']",Marcel Stimberg <marcel.stimberg@inserm.fr>,1543314505,+0100,GitHub <noreply@github.com>,1543314505,+0100,"Merge pull request #80 from brian-team/azure

Use Azure pipelines for testing",c61fbd8c2e2ce8cdc5b2e556a26e4453be2c3598,brian-team_brian2genn
c63f5db156eda4e8ed561bcc2d7cbd79c797873b,36f8476b40aa99c753cc30035bcddb8f5fde95ea,['1d6b7461b17593b48329ed0741005a69a0f86ab4'],Marcel Stimberg <marcel.stimberg@inserm.fr>,1478799494,+0100,Marcel Stimberg <marcel.stimberg@inserm.fr>,1479207451,+0100,"Use Brian's mechanism to find `vcvarsall.bat` (i.e. distutils or the Brian preference)
",c63f5db156eda4e8ed561bcc2d7cbd79c797873b,brian-team_brian2genn
c672ce5d9593439a82865c79c406aacfcb6b3563,14089af070b0aba8fc07ebe086bd44c3b925be27,['6d0f15bee76c4de89495a3a1376dab38fbbbad76'],Marcel Stimberg <marcel.stimberg@inserm.fr>,1571761682,+0200,Marcel Stimberg <marcel.stimberg@inserm.fr>,1571762555,+0200,"Implement fix for PopulationRateMonitor

see brian-team/brian2#1119
",c672ce5d9593439a82865c79c406aacfcb6b3563,brian-team_brian2genn
c699e0702f8183d1de2e2f29a2fc818986c82170,13d1c69c22b1b4be71cb21c4f917d1b057de41e3,['f95825ec86a122703988b94fdc97f5ac768991cc'],Marcel Stimberg <marcel.stimberg@inserm.fr>,1475054311,+0200,Marcel Stimberg <marcel.stimberg@inserm.fr>,1475054311,+0200,"Small fix for a bug introduced with #30
",c699e0702f8183d1de2e2f29a2fc818986c82170,brian-team_brian2genn
c6a03b2fdb7d83003dcee31c818cbe5972fbef7a,21a05c91f0b03ac3ee10bc507bb54de516a55d72,['7fcecc6f1406b1f8cdd698fc2354dd55cc662d89'],Thomas Nowotny <t.nowotny@sussex.ac.uk>,1423252455,+0000,Thomas Nowotny <t.nowotny@sussex.ac.uk>,1423252455,+0000,"Introduced changes to pass the SynapsesPost feature test.
Main changes included
- making sure that pre- or post-synaptic variables are not confused with synapse variables
- making sure the _hidden_weightmatrix is applied everywhere to get correct results
- removed some nonImplemented errors to allow the pre- and post-sunaptic variable updates from synapse code.
",c6a03b2fdb7d83003dcee31c818cbe5972fbef7a,brian-team_brian2genn
c7135b38ba0e53a7a45ad6dc2c439e7f2ef2781d,4cffa43f1c0fa72a74126a57c8e6347d50a250cd,"['12eda449a29873ff0b1a82314b8bc79f99734912', '3f710bbb1d32e309ffdcc62e9dd2634cf0f84a6d']",Thomas Nowotny <t.nowotny@sussex.ac.uk>,1480003445,+0000,GitHub <noreply@github.com>,1480003445,+0000,"Merge pull request #37 from brian-team/scalar_variables

Do not allow scalar variables (not correctly supported)",c7135b38ba0e53a7a45ad6dc2c439e7f2ef2781d,brian-team_brian2genn
c71dff3543ec5dacbe5941975b0e7fa59bf2d7d8,bc84ef1c4ce209523458df6e907a81377f559e2d,['36a1c36c3c85cf20b11eda67d544683ce1ca455e'],Marcel Stimberg <marcel.stimberg@inserm.fr>,1557754122,+0200,Marcel Stimberg <marcel.stimberg@inserm.fr>,1557754122,+0200,"Fix left-over definition in azure-steps.yml
",c71dff3543ec5dacbe5941975b0e7fa59bf2d7d8,brian-team_brian2genn
c73f865cb0b56f86f87bef2a7b68e9b319e7014a,fce69688626389790789d89fb881cbf4edd990f8,['d1f7279c0ccde5d6aaf4af999e9f646113341b3c'],neworderofjamie <neworderofjamie@gmail.com>,1585927049,+0100,neworderofjamie <neworderofjamie@gmail.com>,1585927049,+0100,"non-existant method
",c73f865cb0b56f86f87bef2a7b68e9b319e7014a,brian-team_brian2genn
c7aafd917bebd748e1c1c87e4b28eeb8a487919c,e9e815f06bf8949f93f87370d3cf32141378cbaf,['32c8c7e15c9c7dcb5c4aee2183037308a02f5bd4'],Thomas Nowotny <tn41@inf900324.inf.susx.ac.uk>,1586259051,+0100,Thomas Nowotny <tn41@inf900324.inf.susx.ac.uk>,1586259051,+0100,"Now created a suitable code object for calculating max row and col lengths.
This is pretty much identical to the code generated for making the
synaptic connectivity in the first place but without storing stuff. I recreated
the dynamic arrays locally, so that all the code could just be used ""as is"".
However, this creates a lot of warnings for unused variables.
At this point the missing bit is how to access the states for the random
number generator and how to guarantee that the same random numbers are
used for both occasions.
",c7aafd917bebd748e1c1c87e4b28eeb8a487919c,brian-team_brian2genn
c7facfc184a1d5331c02a609a30d93c17c2351f6,fd3e2b8af86eb61be6e607da83b93ebd603e1670,['b95b3193aefcea8cbc5a7f8e3436ae4394bfa94b'],Thomas Nowotny <t.nowotny@sussex.ac.uk>,1439585017,+0100,Thomas Nowotny <t.nowotny@sussex.ac.uk>,1439585017,+0100,"The user defined function now works but I broke four tests of the feature test suite.
",c7facfc184a1d5331c02a609a30d93c17c2351f6,brian-team_brian2genn
c8b59aabff11d8ae83f9a6d80cebb80f6c90d1a5,90dc45748e846794452cbe7911e8427ede34a4e3,['a8e990c84c812f10196985f4f06ec18505b01a43'],neworderofjamie <neworderofjamie@gmail.com>,1587377248,+0100,neworderofjamie <neworderofjamie@gmail.com>,1587377248,+0100,"Added new project template to bundle
",c8b59aabff11d8ae83f9a6d80cebb80f6c90d1a5,brian-team_brian2genn
c8d635925969c223dd75448c9bec3d7b4905f438,a01ea70a629c594ca737be5bd2a2b21fd19f6f2c,['46cf44ff035e71a05859588d70ff8c7fc2b3e034'],Thomas Nowotny <tn41@inf900324.inf.susx.ac.uk>,1586277841,+0100,Thomas Nowotny <tn41@inf900324.inf.susx.ac.uk>,1586277841,+0100,"Trying to implement a suggestion of @neworderofjamie ... is that what you meant?
",c8d635925969c223dd75448c9bec3d7b4905f438,brian-team_brian2genn
c901f94e18c5e803e4c5fed3ca5fc8533479389e,d52a2c07622c31179917233306e7927800a02343,['0961e45d3edbeba532622c917f953eb0eb23c543'],Thomas Nowotny <t.nowotny@sussex.ac.uk>,1499184821,+0100,Thomas Nowotny <t.nowotny@sussex.ac.uk>,1499184821,+0100,"benchmarking - added COBAHH based benchmark; changed run_benchmark script to take one argument (the python file to run)
",c901f94e18c5e803e4c5fed3ca5fc8533479389e,brian-team_brian2genn
c92a2f8f5edfd812c37d55c8eca6f912af747161,80e9bd91db379318b830621867cf784910ec3352,['2fe0672fda883a4b08eb30f125dfb00bd055f62c'],Marcel Stimberg <marcel.stimberg@inserm.fr>,1497372082,+0200,Marcel Stimberg <marcel.stimberg@inserm.fr>,1497372082,+0200,"Explicitly call vcvarsall.bat when building Windows conda packages
",c92a2f8f5edfd812c37d55c8eca6f912af747161,brian-team_brian2genn
c9446265e12f00ee5fe64c42a92dd4658770c81f,1a646a216676839f5feac680d6ba99accbf8c08f,['60cb1faad74ad72998e69e6527297fd696cf3d92'],Marcel Stimberg <marcel.stimberg@inserm.fr>,1497601315,+0200,Marcel Stimberg <marcel.stimberg@inserm.fr>,1497601315,+0200,"***** Release brian2genn 0.9rc1 *****
",c9446265e12f00ee5fe64c42a92dd4658770c81f,brian-team_brian2genn
c95a6d5b8d56995d915a2c1efed012110dd6384c,3ba7ffa044ddf564dd13230c7bd5e6c0b562f79a,['9855b97794b75d340fc70c05ceff81c7705f0032'],Marcel Stimberg <marcel.stimberg@inserm.fr>,1478787365,+0100,Marcel Stimberg <marcel.stimberg@inserm.fr>,1479207409,+0100,"Enable testing on Linux and OS-X via travis
",c95a6d5b8d56995d915a2c1efed012110dd6384c,brian-team_brian2genn
cb517d84582d4752073aaa8d0f3e74b7bd51bb91,f11b1f30afdf61cccf3b6cbf314b0c6f300f1e2c,['7de6c8ad1723b51e76ee758f5b08b059d1496ac8'],Marcel Stimberg <marcel.stimberg@inserm.fr>,1471952858,+0100,Marcel Stimberg <marcel.stimberg@inserm.fr>,1471952858,+0100,"Make the refractory implementation equivalent to Brian 2
",cb517d84582d4752073aaa8d0f3e74b7bd51bb91,brian-team_brian2genn
cb669ef27942523a358d90134bbffb9a063ac92c,16ec45fc70380bab1344420a8d8be028be01195d,['b57a0a0b4774020d522c6ef13252d722e7a81048'],Marcel Stimberg <marcel.stimberg@inserm.fr>,1497973670,+0200,Marcel Stimberg <marcel.stimberg@inserm.fr>,1497975126,+0200,"Pass on additional arguments to `conda build` in the build script

[ci skip]
",cb669ef27942523a358d90134bbffb9a063ac92c,brian-team_brian2genn
cbc0f5818c7a8e62f4abdc53e721d1ae46d4a90a,589137aa3a0f241368a3e38c982daab7983f9da4,['84930cc399c40e5ed29d07267f3c5403609546ad'],Marcel Stimberg <marcel.stimberg@inserm.fr>,1435241364,+0200,Marcel Stimberg <marcel.stimberg@inserm.fr>,1435241364,+0200,"Port further changes from brian2 and delete all methods that were overwritten with identical content
",cbc0f5818c7a8e62f4abdc53e721d1ae46d4a90a,brian-team_brian2genn
cc2afa26ae57f86439b6c2ef50b89a14279ea753,b6df018e43038b98d1e57a32c35d62f3534511ea,['b59b8d16ca47a370a5de0e1e50f1767e40729a16'],Marcel Stimberg <marcel.stimberg@inserm.fr>,1498064932,+0200,Marcel Stimberg <marcel.stimberg@inserm.fr>,1498064932,+0200,"***** Release brian2genn 1.0rc5 *****
",cc2afa26ae57f86439b6c2ef50b89a14279ea753,brian-team_brian2genn
cc48b3ba65dd69860dd5b2a39755a83503f75d84,6948f34703161f795930a4b0d11f076623456fe4,['4493614e371f641778651b22e1355ce421b0ae11'],thesamovar <dan.goodman@ens.fr>,1405120562,-0400,thesamovar <dan.goodman@ens.fr>,1405120562,-0400,Copied files from Nowotny's Brian 2 GeNN branch,cc48b3ba65dd69860dd5b2a39755a83503f75d84,brian-team_brian2genn
cc8ff7a206d1b185433a0178bfd6e452122034b8,1208a614c6460149d570649755ed0b6dd674c9c0,['f3d6f1e1d1dc671ad4fc954ceaa6684b4354f378'],Thomas Nowotny <t.nowotny@sussex.ac.uk>,1441297392,+0100,Thomas Nowotny <t.nowotny@sussex.ac.uk>,1441297392,+0100,"docs
",cc8ff7a206d1b185433a0178bfd6e452122034b8,brian-team_brian2genn
cc96cb0d7d9eb596024f07810d6be1ac99371c2a,6062c90771c55a8543dd6eb114ab34b97ff81345,['ed8947d43faad00d6e48510c684022cf2f852f7f'],thesamovar <dan.goodman@ens.fr>,1405136936,-0400,thesamovar <dan.goodman@ens.fr>,1405136936,-0400,Severely cut down to the essentials,cc96cb0d7d9eb596024f07810d6be1ac99371c2a,brian-team_brian2genn
cc9e49dac97b20297ad0f94591c6aaf00e34cbb3,4c2e416a471b6d27beedcb154ac44d33c0c70e88,['a45738ee9befd83855973dd3ddee236086374958'],Thomas Nowotny <t.nowotny@sussex.ac.uk>,1429265482,+0100,Thomas Nowotny <t.nowotny@sussex.ac.uk>,1429265482,+0100,"Added 'analyze.m' to git control.
",cc9e49dac97b20297ad0f94591c6aaf00e34cbb3,brian-team_brian2genn
cca915aa21c1713dd25cdb9ef33f6bc898d165da,cddf3dc98d4dd361d8d29dfe55a1010435a58ec0,['9834a643348c4265d30fe0f65bde18c89b7fa854'],Marcel Stimberg <marcel.stimberg@inserm.fr>,1536159841,+0200,Marcel Stimberg <marcel.stimberg@inserm.fr>,1536159841,+0200,"Do not add the ""-no-pie"" flag repeatedly (in-place modification of list)
",cca915aa21c1713dd25cdb9ef33f6bc898d165da,brian-team_brian2genn
cd679ae250894721a965d3bd0aa799b737a649e9,2c848c190b7d572a4f56c1348186f8c7a15c74ec,"['62505668caf0660f3b902433ac28e1c213ea9713', 'e6bea38470862c70d9a3f460c714d21bf9edae44']",Thomas Nowotny <t.nowotny@sussex.ac.uk>,1532628368,+0100,Thomas Nowotny <t.nowotny@sussex.ac.uk>,1532628368,+0100,"Merge branch 'benchmarking' of https://github.com/brian-team/brian2genn into benchmarking
",cd679ae250894721a965d3bd0aa799b737a649e9,brian-team_brian2genn
cd68d3c0b3c12e73bed90a981263f18d41f5f098,bcceb615d89c046afdf789043b1c687dbc607a91,['a6ca9e9036fc18b74c7b5243e0044e463cf5fe7d'],Thomas Nowotny <t.nowotny@sussex.ac.uk>,1440764542,+0100,Thomas Nowotny <t.nowotny@sussex.ac.uk>,1440764542,+0100,"Fixed a couple of bugs in rate monitor and spike monitor (incorrect upper bound fopr sub groups)
",cd68d3c0b3c12e73bed90a981263f18d41f5f098,brian-team_brian2genn
cd8f1982e0ab92ca840854a92370703cf1c121af,5cf8ce69e94573741faf93ffb7ae5e86ae726a98,['b03725f7f23fbdcb6f217e0f1758a550ec9bdb91'],neworderofjamie <neworderofjamie@gmail.com>,1585912713,+0100,neworderofjamie <neworderofjamie@gmail.com>,1585912713,+0100,"renormalize line endings
",cd8f1982e0ab92ca840854a92370703cf1c121af,brian-team_brian2genn
cd99d8368e50636c4c4bbebf570adb134819a418,babf2d7e814e48b85f7b9c039ce4973d85f1e7d3,['fd63d0341b31cafad4f58506c7c9c1b7f90b06ec'],Marcel Stimberg <marcel.stimberg@sorbonne-universite.fr>,1725544050,+0200,Marcel Stimberg <marcel.stimberg@sorbonne-universite.fr>,1725544050,+0200,"Bump actions/setup-python from 4 to 5
",cd99d8368e50636c4c4bbebf570adb134819a418,brian-team_brian2genn
cdb5172fab355ceb7e7268b2d7ce61b77686f992,3d4eea21b44fd49f3d13efe0a11171903bed085a,['018ffde9e82f4cfe54027b9036edce89382d54bf'],neworderofjamie <neworderofjamie@gmail.com>,1556099477,+0100,neworderofjamie <neworderofjamie@gmail.com>,1556099477,+0100,"Use ``SUPPORT_CODE_FUNC`` and gennrand
",cdb5172fab355ceb7e7268b2d7ce61b77686f992,brian-team_brian2genn
cdced83bf3dfb7fd77cb454fd83b9ac6e821de1a,7d01591c889008d2c0eda15643a0c970de062299,['446ed0ecfed9a0d68c9ca2bb7ae7f4ea5153be55'],Thomas Nowotny <t.nowotny@sussex.ac.uk>,1560441408,+0100,Thomas Nowotny <t.nowotny@sussex.ac.uk>,1560441408,+0100,"The summed variable implementation was missing the same variable extraction and decorating with $(.) processes that other code undergoes. This was the reason for the gap junction example not working. I have now implemented these steps and the gap junction example is working now. Hopefully, the method is general enough to hold for the possible constructs that may be encountered in other examples.
",cdced83bf3dfb7fd77cb454fd83b9ac6e821de1a,brian-team_brian2genn
ce919bf2d2cc85f51b03cf80ea492a26fcada87a,f95facb05a08bebff9a6524078dc041666c7ca4c,['d3647058b1a06dca77f2e9eb478417ff8c73bf25'],Marcel Stimberg <marcel.stimberg@inserm.fr>,1536150863,+0200,Marcel Stimberg <marcel.stimberg@inserm.fr>,1536150863,+0200,"Fix .travis.yml syntax
",ce919bf2d2cc85f51b03cf80ea492a26fcada87a,brian-team_brian2genn
cec78cb626bfe02e018c86c5d9c570812ff99a7d,86da76cc17cc9b5a30e427c4b0e73a622a1d9c2b,['ea402bba7f631d12a95baf74766c9c08cf17efb2'],Marcel Stimberg <marcel.stimberg@inserm.fr>,1471884820,+0100,Marcel Stimberg <marcel.stimberg@inserm.fr>,1471884820,+0100,"Add an initial seed for the Mersenne-Twister RNG
",cec78cb626bfe02e018c86c5d9c570812ff99a7d,brian-team_brian2genn
cf31393896c2e63c4f2efc8419b5919530bd23d4,3c78b726a41d6d178d02b55ed9a1629ee5113934,['bbaf9b6cf6c80eb84e6ff92f9009af91bed839b8'],neworderofjamie <neworderofjamie@gmail.com>,1587406463,+0100,neworderofjamie <neworderofjamie@gmail.com>,1587406463,+0100,"Use @mstimberg nicer visual studio finder
",cf31393896c2e63c4f2efc8419b5919530bd23d4,brian-team_brian2genn
cf544ec05793ad198b3f1ea5cf629c010f662076,fe2871f7068f606e846ff523a3c4ac7f9041409b,['920bd280d2f1f8086cf77bbbf82b5fc6a5c95d1c'],dependabot[bot] <49699333+dependabot[bot]@users.noreply.github.com>,1755516362,+0000,GitHub <noreply@github.com>,1755516362,+0000,"Bump actions/checkout from 4 to 5

Bumps [actions/checkout](https://github.com/actions/checkout) from 4 to 5.
- [Release notes](https://github.com/actions/checkout/releases)
- [Changelog](https://github.com/actions/checkout/blob/main/CHANGELOG.md)
- [Commits](https://github.com/actions/checkout/compare/v4...v5)

---
updated-dependencies:
- dependency-name: actions/checkout
  dependency-version: '5'
  dependency-type: direct:production
  update-type: version-update:semver-major
...

Signed-off-by: dependabot[bot] <support@github.com>",cf544ec05793ad198b3f1ea5cf629c010f662076,brian-team_brian2genn
d00d9e6cef2ecaeb509e0f5bc20fc930eacba551,0ccd74e02a6ac63b810821a59d3824682cb2a759,['6e98f5e1b1058ae39c7f396a8da3ec5081497904'],Felix Benjamin Kern <kernfel+github@gmail.com>,1643268164,+0900,GitHub <noreply@github.com>,1643268164,+0900,"Access PoissonGroup Thresholder directly

Co-authored-by: Marcel Stimberg <marcel.stimberg@inserm.fr>",d00d9e6cef2ecaeb509e0f5bc20fc930eacba551,brian-team_brian2genn
d0566383dd70a1d24f881127444d554780eee1e2,33899ebceea05ce2fbc594640a8bf37d0f161e26,['12edce6318ebb4faefcd0c1c0fea1e383ed9d2fd'],Thomas Nowotny <t.nowotny@sussex.ac.uk>,1438611975,+0100,Thomas Nowotny <t.nowotny@sussex.ac.uk>,1438611975,+0100,"Some initial changes to accommodate the brian2 test suite.
",d0566383dd70a1d24f881127444d554780eee1e2,brian-team_brian2genn
d05a50b1fce2a323edb8c1bea52beeb764ec37b3,c024f855631a2ef96a2dc5e036bc8b6268febe2e,['f452a8c1a77bd173cfba7f238b1041ca97862cc0'],Marcel Stimberg <marcel.stimberg@inserm.fr>,1472221370,+0100,Marcel Stimberg <marcel.stimberg@inserm.fr>,1472221370,+0100,"Refactor GeNNStandaloneDevice and split up the `build` method
",d05a50b1fce2a323edb8c1bea52beeb764ec37b3,brian-team_brian2genn
d0a4567817207174f01a6b95f66239ba65582dc6,012ed97346f344f22e3cacdd918e79bbf375de26,['b718fc9bcdd7518aa93cb8bc9ac009333b3f8c18'],Thomas Nowotny <t.nowotny@sussex.ac.uk>,1405620221,+0100,Thomas Nowotny <t.nowotny@sussex.ac.uk>,1405620221,+0100,"removed an unecessary debug output from model.cc template.
",d0a4567817207174f01a6b95f66239ba65582dc6,brian-team_brian2genn
d0ee65433d2989cabcd502b56478e2826b0f4c39,c07341aca81752883e8e5c06c6999988fade718c,"['920bd280d2f1f8086cf77bbbf82b5fc6a5c95d1c', '7520ff0b832ad341fca138eb5f5d856815fb49be']",dependabot[bot] <49699333+dependabot[bot]@users.noreply.github.com>,1761550137,+0000,GitHub <noreply@github.com>,1761550137,+0000,"Merge 7520ff0b832ad341fca138eb5f5d856815fb49be into 920bd280d2f1f8086cf77bbbf82b5fc6a5c95d1c
",d0ee65433d2989cabcd502b56478e2826b0f4c39,brian-team_brian2genn
d104785f6557f7880c5b97c8b09774f83806fcfc,e18e814a0003bda1316dbb9f8f2094f6d71fe0cb,['30cd1adcfad9ba2f28f682e0bfc209967ce87829'],neworderofjamie <J.C.Knight@sussex.ac.uk>,1559659616,+0100,neworderofjamie <J.C.Knight@sussex.ac.uk>,1559659616,+0100,"Yuck - templates either need cpp extension or no extension
",d104785f6557f7880c5b97c8b09774f83806fcfc,brian-team_brian2genn
d10cb854fc435fe6307dc817cf7afe1bf0a5a624,fa57b66ced6ac2abb9b7d73ac0e275fb085cdde8,['d50b8cbfb0d21eae01ea401dc1f636943b37d58b'],Marcel Stimberg <marcel.stimberg@inserm.fr>,1571841961,+0200,Marcel Stimberg <marcel.stimberg@inserm.fr>,1571844422,+0200,"Support run_regularly operations on synapses

Closes #58
",d10cb854fc435fe6307dc817cf7afe1bf0a5a624,brian-team_brian2genn
d13d5ab4f49c47b7d98976acbc7f9e453b85cb41,5594feac0ec51251b93cca63950562cd0ec2c3a2,['d821b1e11997672e45d79a7f65e0c3a2b7958104'],Marcel Stimberg <marcel.stimberg@inserm.fr>,1509633611,+0100,Marcel Stimberg <marcel.stimberg@inserm.fr>,1509633611,+0100,"Also use the conda-forge channel when installing Brian2 (e.g. for weave)
",d13d5ab4f49c47b7d98976acbc7f9e453b85cb41,brian-team_brian2genn
d149946cd7c2013bbff0489ef74eef1dac2ff3ac,b6dd6e72ed49ee44c070531f5490a39bf686f42e,['4f84182f9c56a5722e2181bfb50830be9e0c924b'],Marcel Stimberg <marcel.stimberg@inserm.fr>,1536668816,+0200,Marcel Stimberg <marcel.stimberg@inserm.fr>,1536668816,+0200,"Fix left-over reference to `version_parse` instead of `parse_version`...
",d149946cd7c2013bbff0489ef74eef1dac2ff3ac,brian-team_brian2genn
d16290a28b9154d85bddd73ea6a4191ded32ef62,911d5d12ae572ae851c1d1679c62e43338bd5f83,['159c29991ba52c49c7f15be957bfdd23912fa396'],Marcel Stimberg <marcel.stimberg@inserm.fr>,1588155259,+0200,Marcel Stimberg <marcel.stimberg@inserm.fr>,1588164985,+0200,"Remove outdated --with-genn option from setup.py
",d16290a28b9154d85bddd73ea6a4191ded32ef62,brian-team_brian2genn
d175185fb282201b8e3d1fcbe3e12695620c2472,2ce31760219880993d3eb85f9a22015b5e381f6c,['2c11631bb27347df9660c227e806d8c68dca91ce'],Marcel Stimberg <marcel.stimberg@inserm.fr>,1509459377,+0100,Marcel Stimberg <marcel.stimberg@inserm.fr>,1509459377,+0100,"***** Release brian2genn 1.1 *****
",d175185fb282201b8e3d1fcbe3e12695620c2472,brian-team_brian2genn
d1f7279c0ccde5d6aaf4af999e9f646113341b3c,8cacda2491635d41fefceb375775fbc2e5a83c54,['e051b327532634e472a9728b55639a4d21d89596'],neworderofjamie <neworderofjamie@gmail.com>,1585925347,+0100,neworderofjamie <neworderofjamie@gmail.com>,1585925347,+0100,"std!
",d1f7279c0ccde5d6aaf4af999e9f646113341b3c,brian-team_brian2genn
d2733a8f558b186173952b44564205f7a4212f7c,2015602b06104ab21df5cd8c4d54ddeda26293d4,['b24bfbcaf6a292d24799f090ffbacc27b156d005'],Thomas Nowotny <t.nowotny@sussex.ac.uk>,1441291605,+0100,Thomas Nowotny <t.nowotny@sussex.ac.uk>,1441291605,+0100,"minor modification of index.rst in docs_sphinx
",d2733a8f558b186173952b44564205f7a4212f7c,brian-team_brian2genn
d27b577fdffcb87e7d9ce2e805fe58b5279e2173,f6e4f1f7857eb76de2626fb65133faddf9b2e89c,['d8d3ab3da3a5525eab464fee4253b17e73967276'],Marcel Stimberg <marcel.stimberg@inserm.fr>,1541510978,+0100,Marcel Stimberg <marcel.stimberg@inserm.fr>,1541510978,+0100,"travis: set compiler environment variables later
",d27b577fdffcb87e7d9ce2e805fe58b5279e2173,brian-team_brian2genn
d28b6497a8c658ca3bddaa306f022859e58b6000,0226a4cea6bfa4731811ebdaefdfe29d0b92c41c,['78c74aa47d59d31d045890511b9fd563f2eba45b'],Marcel Stimberg <marcel.stimberg@inserm.fr>,1509979875,+0100,Marcel Stimberg <marcel.stimberg@inserm.fr>,1509979920,+0100,"Set CONDA_PY variable in addition to --python, maybe it helps...
",d28b6497a8c658ca3bddaa306f022859e58b6000,brian-team_brian2genn
d32c29c6651d23cde6f99b8a8337411a94349b9e,da30135261e54c08b166b355c7cb2587f8a2445d,['91bbe5d2259ad7d9907afe01edabd52d877062cb'],Marcel Stimberg <marcel.stimberg@inserm.fr>,1542971289,+0100,Marcel Stimberg <marcel.stimberg@inserm.fr>,1542971289,+0100,"Do not reset preferences when testing
",d32c29c6651d23cde6f99b8a8337411a94349b9e,brian-team_brian2genn
d3647058b1a06dca77f2e9eb478417ff8c73bf25,53aa88dbeec12a5f748a334e98797f956b3abcf7,['07c43186248a93b81ce69b7cbf8040ae717bd1db'],Marcel Stimberg <marcel.stimberg@inserm.fr>,1536149190,+0200,Marcel Stimberg <marcel.stimberg@inserm.fr>,1536149252,+0200,"appveyor: install latest Brian2 from github
",d3647058b1a06dca77f2e9eb478417ff8c73bf25,brian-team_brian2genn
d395e44101ad7d22c054362c2f2b72a4078f0b9b,314ac876ed2a9075d972e9bddb7461defdf20756,"['e1a68bbde1d7a8c50993d1a5fd2663ca6690bef2', '86b12a5e59e33769692978aeb35f001aef3a6d36']",Marcel Stimberg <marcel.stimberg@inserm.fr>,1586506500,+0200,GitHub <noreply@github.com>,1586506500,+0200,"Merge pull request #103 from brian-team/compatibility_fixes

Compatibility fixes",d395e44101ad7d22c054362c2f2b72a4078f0b9b,brian-team_brian2genn
d39a05901b3da1a16effe5433be9221b085d51f8,abec259415e883f7a744a53f368aeda0fa82c399,['730a2c7e4783cc9007c9c2d6ec63d16e229a793d'],Marcel Stimberg <marcel.stimberg@inserm.fr>,1690446610,+0200,Marcel Stimberg <marcel.stimberg@inserm.fr>,1690446610,+0200,"configure readthedocs via yaml file
",d39a05901b3da1a16effe5433be9221b085d51f8,brian-team_brian2genn
d490d6edb26b3033d415678ab159ab692ca1178e,057a966521cbb78cb4c730d565dea6cb682f4d6d,['c7135b38ba0e53a7a45ad6dc2c439e7f2ef2781d'],Marcel Stimberg <marcel.stimberg@inserm.fr>,1479911653,+0100,Marcel Stimberg <marcel.stimberg@inserm.fr>,1480005326,+0100,"Test against latest Brian2/GeNN version as well as against stable ones
",d490d6edb26b3033d415678ab159ab692ca1178e,brian-team_brian2genn
d50b8cbfb0d21eae01ea401dc1f636943b37d58b,cced1f76ca97d9623812cd466c9a6745dd564d89,['c672ce5d9593439a82865c79c406aacfcb6b3563'],Marcel Stimberg <marcel.stimberg@inserm.fr>,1567426481,+0200,Marcel Stimberg <marcel.stimberg@inserm.fr>,1571822940,+0200,"WIP: More general support for run_regularly operations
",d50b8cbfb0d21eae01ea401dc1f636943b37d58b,brian-team_brian2genn
d539f1463c8e6ac86b784f2cf5e4a5c9b9d31cdc,0aa4a5cf138a7622892c70e2b29581a186e17fea,['f7c8a101358691bef918f208079d35556da7ffd1'],neworderofjamie <neworderofjamie@gmail.com>,1556200653,+0100,neworderofjamie <neworderofjamie@gmail.com>,1556200653,+0100,"Fixed typo in model
",d539f1463c8e6ac86b784f2cf5e4a5c9b9d31cdc,brian-team_brian2genn
d599278f4c5902a1b98c5e64351ea7cfab6521be,039af5abf4f35d1800dd1d888ab7f950720c5e67,['46672d27af96ba9f12176d877c5a8d2f71d90f0e'],Thomas Nowotny <t.nowotny@sussex.ac.uk>,1414697074,+0000,Thomas Nowotny <t.nowotny@sussex.ac.uk>,1414697074,+0000,"Put run_correctness_testing.py under version control.
",d599278f4c5902a1b98c5e64351ea7cfab6521be,brian-team_brian2genn
d5c0ac7a50f80e4fb91f8f50b02232f9f2b378ff,87defcdc08eff18483a3d0bcc7793db2d88e0408,['51dc5604abdcb38aad9a0f4c775cc913475b5af5'],Thomas Nowotny <tn41@inf900324.inf.susx.ac.uk>,1587664036,+0100,Thomas Nowotny <tn41@inf900324.inf.susx.ac.uk>,1587664036,+0100,"More efficient way for calculating the maximum rowlength and collength.
",d5c0ac7a50f80e4fb91f8f50b02232f9f2b378ff,brian-team_brian2genn
d5e9762f62584fd64742dbcfaf604efd0963ee76,8004786c6ac0440e6bfd8d67bdbafbe082588992,['d6d474d278cd11ec2a24f42eedda85bb0fe5a8c0'],Marcel Stimberg <marcel.stimberg@inserm.fr>,1435163970,+0200,Marcel Stimberg <marcel.stimberg@inserm.fr>,1435163970,+0200,"Use GENN_PATH instead of GeNNPATH
",d5e9762f62584fd64742dbcfaf604efd0963ee76,brian-team_brian2genn
d638c787ecff1ee2aa50c82139e296a7ec7a430b,3d0674cb56618959f73fc63817a984382b73d02a,['d2733a8f558b186173952b44564205f7a4212f7c'],Thomas Nowotny <t.nowotny@sussex.ac.uk>,1441292157,+0100,Thomas Nowotny <t.nowotny@sussex.ac.uk>,1441292157,+0100,"Small changes to docs
",d638c787ecff1ee2aa50c82139e296a7ec7a430b,brian-team_brian2genn
d639dfd8b3a1734eb7a0a46bbb83388852d49d38,13eac83285f7777eba53223016c009db2a87d7e6,['3fd13ce9e05a8642b7047775352c761ed8836871'],Denis Alevi <mail@denisalevi.de>,1631017625,+0200,Denis Alevi <mail@denisalevi.de>,1631017625,+0200,"Support reporting kernel timings via `profiling_summary()`

Also adds a newline after kernel timings are written to the
`<name>.time` file, such that the timings of consecutive runs are on
separate lines.
",d639dfd8b3a1734eb7a0a46bbb83388852d49d38,brian-team_brian2genn
d63e2b73140460b46f413a2cb987cbdd632752eb,3aa9cf61f694525a734182bda24b5aedea064742,['c3b801e42142761e812e9be04463c168f99cb9ba'],Marcel Stimberg <marcel.stimberg@inserm.fr>,1542895160,+0100,Marcel Stimberg <marcel.stimberg@inserm.fr>,1542895160,+0100,"Use Python 2 on Windows
",d63e2b73140460b46f413a2cb987cbdd632752eb,brian-team_brian2genn
d680feeb5a1578b894703ef093274fd6307b35f0,b2d0e9382d6a0ee96cedb2820081be9ca317f29c,['5bac67ab199afba48e5c764ddd14281f96bf0797'],Marcel Stimberg <marcel.stimberg@inserm.fr>,1534927394,+0200,Marcel Stimberg <marcel.stimberg@inserm.fr>,1535618657,+0200,"Use sympy version 1.1 for testing (newer versions require Brian 2 from master)
",d680feeb5a1578b894703ef093274fd6307b35f0,brian-team_brian2genn
d6d474d278cd11ec2a24f42eedda85bb0fe5a8c0,69250e9b5f2bbac510021c07cde2903b5ce04129,['d87ca33c2076899ddb75dfa52c92b6ac608c1297'],Thomas Nowotny <t.nowotny@sussex.ac.uk>,1429526779,+0100,Thomas Nowotny <t.nowotny@sussex.ac.uk>,1429526779,+0100,"Last adjustments to runner.cc to generate only one engine.run() call that has the right time to match the Brian time stepping and labeling procedure. This now allows to run all Brian2 feature tests to run successfully (with the two additions of
        magic_network.schedule = ['start', 'synapses', 'groups', 'thresholds',
                                   'resets', 'end']

and

        S.pre.order= -1
        S.post.order= 1

to the STDP feature tests (this ensures that update orders within the time step match between Brian2 and GeNN).
",d6d474d278cd11ec2a24f42eedda85bb0fe5a8c0,brian-team_brian2genn
d6d64fb4e6bd0e8bbdac4551d4711f03b4d79b9c,04711062f882f3efff1cb051e4c05c4453d2eb70,['4f14a879c59dfe1ce29820fa8ea2e339e4715df4'],Marcel Stimberg <marcel.stimberg@inserm.fr>,1690386831,+0200,Marcel Stimberg <marcel.stimberg@inserm.fr>,1690386831,+0200,"Remove brian2 script call from test_latest workflow
",d6d64fb4e6bd0e8bbdac4551d4711f03b4d79b9c,brian-team_brian2genn
d7587f332f9a23c09be75c27e88478fedc037224,0507b162f39e8b5eb515f8ccdc2c45193450b3ee,['9c5a1b514c728f92c2b98844e5a7d6bbe9945cce'],Thomas Nowotny <t.nowotny@sussex.ac.uk>,1529693851,+0100,Thomas Nowotny <t.nowotny@sussex.ac.uk>,1529693851,+0100,"Small bug fix on the new _timestep function. It's annoying but one needs to use std::isinf on the host side but plainly isinf on the device side.
",d7587f332f9a23c09be75c27e88478fedc037224,brian-team_brian2genn
d75c08c89f1823fb4e9b793e3c631a3b90323caf,d7ac07e054d7ddf02f8db9a1b7b2fce694f2819a,['3558044187f4adbe154968adf826e2db5c755c78'],Marcel Stimberg <marcel.stimberg@inserm.fr>,1479207350,+0100,Marcel Stimberg <marcel.stimberg@inserm.fr>,1479207445,+0100,"Add Travis&Appveyor badge to the readme file (for the master branch)
[ci skip]
",d75c08c89f1823fb4e9b793e3c631a3b90323caf,brian-team_brian2genn
d76149f1841010365c2600cf1da685b7fcbedd47,27e5b7d783ca1fd6eb426d7314f3bc41b7bbdea9,['d780e0876a85e10489ce8b54b11114d8f21c29fc'],Marcel Stimberg <marcel.stimberg@inserm.fr>,1631029972,+0200,Marcel Stimberg <marcel.stimberg@inserm.fr>,1631029972,+0200,"Remove testing on Python 2
",d76149f1841010365c2600cf1da685b7fcbedd47,brian-team_brian2genn
d780e0876a85e10489ce8b54b11114d8f21c29fc,5e9b90597bfe14de477ee22f11221f1a0dfff72d,['0bb7f4040df1eb2a96971d1f773ce7e00e860d3f'],Marcel Stimberg <marcel.stimberg@inserm.fr>,1631029937,+0200,Marcel Stimberg <marcel.stimberg@inserm.fr>,1631029937,+0200,"Move testing to Ubuntu 20.04 image

Ubuntu 16.04 has reached EOL
",d780e0876a85e10489ce8b54b11114d8f21c29fc,brian-team_brian2genn
d8212fd3e39e9b9cef3d595931aa0b3f05d6c937,f03b229c05a70cf94707a5bc4c2e2fcc73eca51a,['881ad37d774fef7bc5fcb93c9d7d7982b3c95c1b'],Marcel Stimberg <marcel.stimberg@inserm.fr>,1497817131,+0200,Marcel Stimberg <marcel.stimberg@inserm.fr>,1497817131,+0200,"***** Release brian2genn 1.0rc2 *****
",d8212fd3e39e9b9cef3d595931aa0b3f05d6c937,brian-team_brian2genn
d82194e76878f92f63dbc5f73125e4318474e2bf,7bd1bd14ccb3ebcbd8e298a469b4b9b37cea1b8c,['d63e2b73140460b46f413a2cb987cbdd632752eb'],Marcel Stimberg <marcel.stimberg@inserm.fr>,1542895450,+0100,Marcel Stimberg <marcel.stimberg@inserm.fr>,1542895450,+0100,"Try python3
",d82194e76878f92f63dbc5f73125e4318474e2bf,brian-team_brian2genn
d821b1e11997672e45d79a7f65e0c3a2b7958104,b5652ee56ab037fbd27a31cf66c451e64b7ea8ce,['94a2512b5682a2a8faad44f63e2897fd15314334'],Marcel Stimberg <marcel.stimberg@inserm.fr>,1509615904,+0100,Marcel Stimberg <marcel.stimberg@inserm.fr>,1509615922,+0100,"Set environment variables from preferences as for C++ standalone
",d821b1e11997672e45d79a7f65e0c3a2b7958104,brian-team_brian2genn
d82c4aeb8f9a220e940152d3c14b251df2a9d126,81ecadf9cdc8ce268f4d07a930bc945d0c3e6f31,['fc9d3ad42fb8b59daad9975515d15ed8a1d72744'],Marcel Stimberg <marcel.stimberg@inserm.fr>,1478775343,+0100,Marcel Stimberg <marcel.stimberg@inserm.fr>,1478775562,+0100,"Allow the user to set NVCC compile arguments via a Brian2GeNN preference
",d82c4aeb8f9a220e940152d3c14b251df2a9d126,brian-team_brian2genn
d87ca33c2076899ddb75dfa52c92b6ac608c1297,0054538ba08196c64d34bf68867c2f2511f3f4f1,['1ad985ce0348ac4351e668e1250b9e30fea0b725'],Thomas Nowotny <t.nowotny@sussex.ac.uk>,1429282376,+0100,Thomas Nowotny <t.nowotny@sussex.ac.uk>,1429282376,+0100,"Switched back to using the GPU for correctness testing.
",d87ca33c2076899ddb75dfa52c92b6ac608c1297,brian-team_brian2genn
d8d3ab3da3a5525eab464fee4253b17e73967276,163252f68b5931b77a91ffc344da40ffe9df1c0d,['742cc6c3164f4df7a2e56fc86a1016f41dafdc45'],Marcel Stimberg <marcel.stimberg@inserm.fr>,1541510515,+0100,Marcel Stimberg <marcel.stimberg@inserm.fr>,1541510515,+0100,"travis: Abandon attempts to use conda g++ packages, install via apt instead
",d8d3ab3da3a5525eab464fee4253b17e73967276,brian-team_brian2genn
d90d3b44fe78aa46dca192c64ff43bed349e0bec,fcb51c655df3d85271c5ae50dba71cb6164ec858,['750c03cf6e676ed1dfc2e031d96dc85e23d1671a'],Thomas Nowotny <t.nowotny@sussex.ac.uk>,1440435744,+0100,Thomas Nowotny <t.nowotny@sussex.ac.uk>,1440435744,+0100,"I fixed some problems of model.cc template relating to #21 and also finished support code implementation for synapses. It seems to work in cursory testing using the binomial function in pre, post and synaptic dynamics. There were some corrsponding updates in GeNN.
",d90d3b44fe78aa46dca192c64ff43bed349e0bec,brian-team_brian2genn
d9165d763080f39a2a04a6af2e05353c3ed3da59,830de148e09aee4158295afd5679d03078913754,['c3e02a5f889993bb04de6cb15fe65802c205be5a'],Marcel Stimberg <marcel.stimberg@inserm.fr>,1509973348,+0100,Marcel Stimberg <marcel.stimberg@inserm.fr>,1509973348,+0100,"Quote variables in build.sh script to avoid problems with path names that include spaces
",d9165d763080f39a2a04a6af2e05353c3ed3da59,brian-team_brian2genn
d93005b55c2d06cdd6d0cd592f7959bd6e8ae344,5baf564f0f452e4132053348ab8aa462650865f4,['c7facfc184a1d5331c02a609a30d93c17c2351f6'],Thomas Nowotny <t.nowotny@sussex.ac.uk>,1439908544,+0100,Thomas Nowotny <t.nowotny@sussex.ac.uk>,1439908544,+0100,"Added support for using support codes and implementing random number generators using this functionality. This seems to be working fairl well without having tested it thouroughly for correct operation.
The implementation of the binomial function is still missing as it's buried in brian2.input.binomial
It's not clear how to efficiently add a genn implementation (the implementation should be easy, but the only direct way coming to mind is adding it in binomial.py but that would add a brian2genn dependency to Brian2 which is [robably not welcome).
",d93005b55c2d06cdd6d0cd592f7959bd6e8ae344,brian-team_brian2genn
d939e754584e6e3bfb8f0a2b0ee4486136040b05,9330d5738ab9bf3e2bc66d82ef29ed7e81b045da,"['cdced83bf3dfb7fd77cb454fd83b9ac6e821de1a', '9a9dfa771085b687561d43f8b317b1cad306f72f']",Thomas Nowotny <t.nowotny@sussex.ac.uk>,1560444389,+0100,Thomas Nowotny <t.nowotny@sussex.ac.uk>,1560444389,+0100,"Merge branch 'summed_variables' of github.com:brian-team/brian2genn into summed_variables
",d939e754584e6e3bfb8f0a2b0ee4486136040b05,brian-team_brian2genn
d9c1f1609632e9c7e4cc85b1099e083d416f78ba,797bd2951fa2725c4c16c65333035927b7f44a25,['db72d9a8877b3edc25989fe869e3859a10d2e2f4'],Thomas Nowotny <t.nowotny@sussex.ac.uk>,1441220229,+0100,Thomas Nowotny <t.nowotny@sussex.ac.uk>,1441220229,+0100,"Removed dependency on brian sphinx extensions.
",d9c1f1609632e9c7e4cc85b1099e083d416f78ba,brian-team_brian2genn
d9c2543da89bdad574be2475eebf2538b13bd105,a14196539b6eb13d4581204966bb424c20f4389a,['1ca87f8c63c38beec0cd16f60886379dcac41a84'],Marcel Stimberg <marcel.stimberg@inserm.fr>,1542805356,+0100,Marcel Stimberg <marcel.stimberg@inserm.fr>,1542805356,+0100,"Try running tests on Windows + OS X as well
",d9c2543da89bdad574be2475eebf2538b13bd105,brian-team_brian2genn
dab34ae475908bbc226780a99c1bce3a6bc7e596,dd411ce3bb108c361fad03c405eb5f1e998fcf4a,['897fd0ab83e75018f0b5e65ad3d8033ecce6b368'],Marcel Stimberg <marcel.stimberg@inserm.fr>,1497541836,+0200,Marcel Stimberg <marcel.stimberg@inserm.fr>,1497541836,+0200,"Fix the conda-server-push script to work for multiple files
",dab34ae475908bbc226780a99c1bce3a6bc7e596,brian-team_brian2genn
db72d9a8877b3edc25989fe869e3859a10d2e2f4,7a48881db31936f272f6eacddbef404e9e271e5a,['9bc75544e4efd3be51d26d327aefff4fbd1e5724'],Thomas Nowotny <t.nowotny@sussex.ac.uk>,1441219813,+0100,Thomas Nowotny <t.nowotny@sussex.ac.uk>,1441219813,+0100,"Removed erroneously added backup file from version control.
",db72d9a8877b3edc25989fe869e3859a10d2e2f4,brian-team_brian2genn
dc839f96506fcb0fc8385e4f4d077712a7e1ff5d,42c64a65862b461abf7efbdb2a9f845c33f70e76,"['837a4324e2e5e5a165a44476672bf87436643ca3', '0d14b333aadd55f1d3deab43798ef4adf38be23b']",Marcel Stimberg <marcel.stimberg@inserm.fr>,1550234020,+0100,GitHub <noreply@github.com>,1550234020,+0100,"Merge pull request #83 from brian-team/better_timestep_function

Minimal change to make use of iT instead of t to determine timestep",dc839f96506fcb0fc8385e4f4d077712a7e1ff5d,brian-team_brian2genn
dd9296de7058127e6bd5ac5490630fe3d5d1a2a6,ba03452c4772885134b0d7edb693967c033976fc,['1ac0ab2a6e05dde40de8e853b449d01b2f7ecb05'],Marcel Stimberg <marcel.stimberg@inserm.fr>,1542967952,+0100,Marcel Stimberg <marcel.stimberg@inserm.fr>,1542967952,+0100,"Mark vcvarsall.bat preference as raw string to avoid interpreting \
",dd9296de7058127e6bd5ac5490630fe3d5d1a2a6,brian-team_brian2genn
de112ece3c5edd5455a14fa25a4a1827c8dd434c,9c9877959a35ab2a38ccbfbb8a5e4d6c4b57e6da,['e7dea4c8f8cf82ab514f772ff3d5e952da0fb6b1'],Thomas Nowotny <t.nowotny@sussex.ac.uk>,1441229018,+0100,Thomas Nowotny <t.nowotny@sussex.ac.uk>,1441229018,+0100,"Added brian to as a requirement to setup.py. Not sure this will work.
",de112ece3c5edd5455a14fa25a4a1827c8dd434c,brian-team_brian2genn
de628a769e43a6896dd0d28ab7b3630a2e5e7850,31de1490815c59c65411b42b189f2cfb935b91c2,['f32c618f3f2ae11eb8959c1da40bba4a34fa2338'],neworderofjamie <neworderofjamie@gmail.com>,1587394031,+0100,neworderofjamie <neworderofjamie@gmail.com>,1587394031,+0100,"My bad - realised WHY windows building was done in one command
",de628a769e43a6896dd0d28ab7b3630a2e5e7850,brian-team_brian2genn
dea2832fe36baa76b8dbf1e7faa8034f3e611d49,50f98144e07255428bc99fff14ee8cb71518aae5,"['0553cafeab49ea5403c0230411035df504d4db06', '90c09b8739dc8075bf2f20354949997a03b313df']",Thomas Nowotny <t.nowotny@sussex.ac.uk>,1487708046,+0000,GitHub <noreply@github.com>,1487708046,+0000,"Merge pull request #42 from brian-team/scalar_variables

[MRG] Scalar variables",dea2832fe36baa76b8dbf1e7faa8034f3e611d49,brian-team_brian2genn
deb71f826b42238ab62e32e766d880530ca88f8b,99f5e091659106236986e5e010fe67b11ec26b73,['b3eeb1e99adb42a0c9f8635ab707bd889e946092'],neworderofjamie <neworderofjamie@gmail.com>,1585912509,+0100,neworderofjamie <neworderofjamie@gmail.com>,1585912509,+0100,"attributes for saner cross-platform development
",deb71f826b42238ab62e32e766d880530ca88f8b,brian-team_brian2genn
deea9bb9f4cd1824a13dadc29b257478b6138f82,2bcae069eff4fbcd7ae0a425dd9a9ed56c9ed903,['dc839f96506fcb0fc8385e4f4d077712a7e1ff5d'],Marcel Stimberg <marcel.stimberg@inserm.fr>,1554908896,+0200,Marcel Stimberg <marcel.stimberg@inserm.fr>,1554908896,+0200,"***** Release brian2genn 1.3 *****
",deea9bb9f4cd1824a13dadc29b257478b6138f82,brian-team_brian2genn
df9774cf4066c86d7159d67debc0dd93f12a4a0a,64c717d18b0a9f9374a612d05c46970c38c28b26,"['a6388efe154327aa09ebf880c0e40b53dcc9e8df', 'f2bdd51c72b042e3fd11ec99b03b7bcb10186a4f']",Thomas Nowotny <t.nowotny@sussex.ac.uk>,1587972355,+0100,GitHub <noreply@github.com>,1587972355,+0100,"Merge pull request #108 from brian-team/fix_multiple_connect_v2

Fix multiple connect v2",df9774cf4066c86d7159d67debc0dd93f12a4a0a,brian-team_brian2genn
dfa51c20b9db062d9c11a30de9628228286739d1,900645feec537a3445c582bdf0e883270467b545,['99c5e679b2b2ce61fbd2c50dbf8aa3784b69ad43'],Thomas Nowotny <tn41@inf900324.inf.susx.ac.uk>,1586265831,+0100,Thomas Nowotny <tn41@inf900324.inf.susx.ac.uk>,1586265831,+0100,"Slight cleanup: removing the #include ""objects.h"" removes the subsequent
woes of not found includes for random_kit within objects.h. I *think*
objects.h isn't really needed anyway.
",dfa51c20b9db062d9c11a30de9628228286739d1,brian-team_brian2genn
e02a54ed6954d2665712857686fca2ae31518860,827a04fe1d26b87825fdbd63b28f4bbca9bd107c,['fa441a2a050179a28b906c236d998f79b545468c'],Marcel Stimberg <marcel.stimberg@inserm.fr>,1571928880,+0200,Marcel Stimberg <marcel.stimberg@inserm.fr>,1571928880,+0200,"Correctly order run_regularly and StateMonitor operations

Both are in the ""start"" slot, so use their order value + name
",e02a54ed6954d2665712857686fca2ae31518860,brian-team_brian2genn
e051b327532634e472a9728b55639a4d21d89596,40a94f9d067720c27e106c7405921d6cb2438e5e,['8230cd9212453e7dd31ca1aa95ed5e8e9a2d0733'],neworderofjamie <neworderofjamie@gmail.com>,1585923208,+0100,neworderofjamie <neworderofjamie@gmail.com>,1585923208,+0100,"missing import of Function
",e051b327532634e472a9728b55639a4d21d89596,brian-team_brian2genn
e073be731b3fda47351136bd2a0b41825e3a7f9b,6760083bed150c9e8f003eca7c37437a9f6d434b,['3f2e020ac681854b3f28fab6338857a8fa31d7e0'],Thomas Nowotny <t.nowotny2sussex.ac.uk>,1556530857,+0200,Thomas Nowotny <t.nowotny2sussex.ac.uk>,1556530857,+0200,"Changed the NotImplementedError for no post-synaptic effect into a Warning.
Some collateral changes to the possibility of not having a post-synaptic write variable in check_pre_code and the code-generator.
",e073be731b3fda47351136bd2a0b41825e3a7f9b,brian-team_brian2genn
e07f7aea71e587ee4157de101718ff835bdbca94,92ad1e5d4f4fa4e2a5430de745e37c3c4a09dda2,['cc8ff7a206d1b185433a0178bfd6e452122034b8'],Thomas Nowotny <t.nowotny@sussex.ac.uk>,1441297670,+0100,Thomas Nowotny <t.nowotny@sussex.ac.uk>,1441297670,+0100,"docs
",e07f7aea71e587ee4157de101718ff835bdbca94,brian-team_brian2genn
e0ee558515782eba644223cdecf49b6a705f3f40,9998b7443b36c99c39933d8ed4fd8d4f22f0ca01,['fd733e275fa77cdc3763eb37f4ece1f75e1337df'],Thomas Nowotny <t.nowotny@sussex.ac.uk>,1405545307,+0100,Thomas Nowotny <t.nowotny@sussex.ac.uk>,1405545307,+0100,"I added an example simulating a population of unconnected HH neurons to benchmark the performance of CPU versus GPU (both GeNN-based). If it's ready we can also benchmark against your own C++ device. What do I need to do to do that?
 
",e0ee558515782eba644223cdecf49b6a705f3f40,brian-team_brian2genn
e1a68bbde1d7a8c50993d1a5fd2663ca6690bef2,a7bd15f5cb48b6e65ba24430fef619999cd14857,['67d7b9a8ab06207029d4a17ae41e40f33c7269f1'],Marcel Stimberg <marcel.stimberg@inserm.fr>,1586428087,+0200,Marcel Stimberg <marcel.stimberg@inserm.fr>,1586428087,+0200,"***** Release brian2genn 1.4 *****
",e1a68bbde1d7a8c50993d1a5fd2663ca6690bef2,brian-team_brian2genn
e297665add1b4adcb24afdb3e6d0cca67da7497a,8ac584e946972aaf810c45f4a93a5e01ed5e0851,['b8122e159660ae5fb02ec5336fb05f717f4c6737'],thesamovar <dan.goodman@ens.fr>,1415292798,+0000,thesamovar <dan.goodman@ens.fr>,1415292798,+0000,Changed x64_amd64 to x86_amd64,e297665add1b4adcb24afdb3e6d0cca67da7497a,brian-team_brian2genn
e2ed8567cd2610121ee071ceebfc7016fce0b855,454e7f5ee6e8d9d49737685ab8a1a96ab462772c,['a4f0e52d6a75763702560cc4412022ce04191366'],Marcel Stimberg <marcel.stimberg@inserm.fr>,1497442438,+0200,Marcel Stimberg <marcel.stimberg@inserm.fr>,1497442438,+0200,"Add a script for doing releases
",e2ed8567cd2610121ee071ceebfc7016fce0b855,brian-team_brian2genn
e2eed3880dd1ee68b3ac13696beb4194ad726ab5,1364b2df226fe9dbe1f9cfb6aa39ec281eeaf6a3,['446ed0ecfed9a0d68c9ca2bb7ae7f4ea5153be55'],Marcel Stimberg <marcel.stimberg@inserm.fr>,1559743996,+0200,Marcel Stimberg <marcel.stimberg@inserm.fr>,1559743996,+0200,"Use Brian 2 from master in tests
",e2eed3880dd1ee68b3ac13696beb4194ad726ab5,brian-team_brian2genn
e3023022470542aad0c697a17d7a43a24a905b57,c26189493cfdc3574354d9782b3333caaabe4d89,['cdb5172fab355ceb7e7268b2d7ce61b77686f992'],neworderofjamie <neworderofjamie@gmail.com>,1556099524,+0100,neworderofjamie <neworderofjamie@gmail.com>,1556099524,+0100,"Lowered warning level
",e3023022470542aad0c697a17d7a43a24a905b57,brian-team_brian2genn
e388ccdaa872ff2ac01e99a6e0fd2206a4105864,8f762298dbcc72a47c62ea9b1b186d9deeb74247,"['d6d64fb4e6bd0e8bbdac4551d4711f03b4d79b9c', '82ab1f9d7f244cae3824a0a834fdb9f1fadb0f1c']",Marcel Stimberg <marcel.stimberg@inserm.fr>,1690387997,+0200,Marcel Stimberg <marcel.stimberg@inserm.fr>,1690387997,+0200,"Merge branch 'use_pyproject_toml'
",e388ccdaa872ff2ac01e99a6e0fd2206a4105864,brian-team_brian2genn
e3bb67a5f0112f91f26beebd43a6bcd209774c4a,2bca1964a01b9bcb3d4691c7e2a7986763211ce5,"['fdf621fd419e217810989e3cb1402a75ffc76fb8', '967c003f6fabcb697390a7127c5f97fd4fbcd5b1']",Marcel Stimberg <marcel.stimberg@inserm.fr>,1688482995,+0200,Marcel Stimberg <marcel.stimberg@inserm.fr>,1688482995,+0200,"Merge remote-tracking branch 'origin/master' into fix_run_reg_push_state
",e3bb67a5f0112f91f26beebd43a6bcd209774c4a,brian-team_brian2genn
e3cc8d9a14103ca6eeb6a93f4095f2014a787211,9483a8dcdca430b703606b4e31201ab7f83b11dc,['58add7f2ee399c6a58422c4598b1ae2d56b25cd9'],Marcel Stimberg <marcel.stimberg@inserm.fr>,1472058947,+0100,Marcel Stimberg <marcel.stimberg@inserm.fr>,1472058962,+0100,"Add missing file extension when calling `genn-buildmodel` for GPU builds
",e3cc8d9a14103ca6eeb6a93f4095f2014a787211,brian-team_brian2genn
e3fba72f8c616a6893a62ebb36a6f2f9885937a3,3973fad697cffc779368fa45a40e724191a8b05b,['b6d94937771d4e0d967cbc93806455cb30dba8cf'],Marcel Stimberg <marcel.stimberg@inserm.fr>,1535560009,+0200,Marcel Stimberg <marcel.stimberg@inserm.fr>,1535618783,+0200,"Apply Brian2's latest changes related to division/mod and the timestep function
",e3fba72f8c616a6893a62ebb36a6f2f9885937a3,brian-team_brian2genn
e427b70e2cbbbcb5b8c173b3df2f15f2437d94fc,60493c31c03eac09fe1c92acc8bd053a609a3a77,['903d2abebfa4f51f5fc005b1d5cb106807839d0a'],Marcel Stimberg <marcel.stimberg@sorbonne-universite.fr>,1725437380,+0200,Marcel Stimberg <marcel.stimberg@sorbonne-universite.fr>,1725437380,+0200,"Add dependabot configuration to update github actions
",e427b70e2cbbbcb5b8c173b3df2f15f2437d94fc,brian-team_brian2genn
e48dc495f4c9ed56c788e70c267ae3fbd9d50537,925e5d11b075e475dd099faeb4aa34e3954141bf,"['7f897f0fdc0aced86e8bb44a652065d08c405e54', 'fd439ccc5a2a27163368f2e345d038b771a74f91']",Thomas Nowotny <t.nowotny@sussex.ac.uk>,1499363096,+0100,Thomas Nowotny <t.nowotny@sussex.ac.uk>,1499363096,+0100,"Merge branch 'benchmarking' of github.com:brian-team/brian2genn into benchmarking
",e48dc495f4c9ed56c788e70c267ae3fbd9d50537,brian-team_brian2genn
e55c683109a263b9eac05d5f3ceb36f2abe1d3f4,6d792ba47a3701a5a601080b4ecc5a404a2e9cc8,['5fa4ac25d50d8ac77213038502ac71d6895fc50d'],Thomas Nowotny <t.nowotny@sussex.ac.uk>,1441291016,+0100,Thomas Nowotny <t.nowotny@sussex.ac.uk>,1441291016,+0100,"Disabled automatic build of reference docmentation for now.
The problems with needing to install brian2genn and its dependency on brian2 was too difficult to sort out. Once a matching Brian2 release is available this should work better.
",e55c683109a263b9eac05d5f3ceb36f2abe1d3f4,brian-team_brian2genn
e5fc18b63f3183ce3c3b50eb2de97af9f372df24,0d93e68010abd0923fdc8b9213bbb8fb69f2de33,['5f9ba00ad351d946704c2077082bcf31d7912bdd'],Marcel Stimberg <marcel.stimberg@inserm.fr>,1509439629,+0100,Marcel Stimberg <marcel.stimberg@inserm.fr>,1509439629,+0100,"Depend on Brian 2 version 2.1 explicitly, to make an update of Brian require an update of brian2genn
",e5fc18b63f3183ce3c3b50eb2de97af9f372df24,brian-team_brian2genn
e6acccccf09d9254736fe800fb3f44f84f194b4d,652f4560d0e963652c51954e56de0e0eb63f72da,['1aad82359421fd33b60b188e92fc6cd09384f6e5'],Marcel Stimberg <marcel.stimberg@inserm.fr>,1495643055,+0200,Marcel Stimberg <marcel.stimberg@inserm.fr>,1495643055,+0200,"Add a dependency on CUDA to the conda package
",e6acccccf09d9254736fe800fb3f44f84f194b4d,brian-team_brian2genn
e6bea38470862c70d9a3f460c714d21bf9edae44,e3bc60cdb8e13960e687a6d299e50ed9556304e3,['5c9ca0c6a2085c9924eef2ef582daa3f19860a52'],thesamovar <dg.github@thesamovar.net>,1530893122,+0100,thesamovar <dg.github@thesamovar.net>,1530893122,+0100,"Debugging and new benchmark variants
",e6bea38470862c70d9a3f460c714d21bf9edae44,brian-team_brian2genn
e6c04a71592af404dd2043f6e8f86f96ee8d291e,bc4d938a320af2b20cd0127f8d18f3243e4e4a07,['fc986a8d6653378181fb8458372b51e8b2d42587'],Marcel Stimberg <marcel.stimberg@inserm.fr>,1498050725,+0200,Marcel Stimberg <marcel.stimberg@inserm.fr>,1498050819,+0200,"Add a new `example_run` method and use it during the test phase of conda build
",e6c04a71592af404dd2043f6e8f86f96ee8d291e,brian-team_brian2genn
e70329f351d00803a1ddef10f7149d1eb39439ae,a2633f63341212f6f54d0e7c396113fd72fab773,"['ed63ab85f5a813245894d330ffde073e77c02bbf', 'a103cc11a443ebfd1a2f0ebde85b7c013fefeec4']",Thomas Nowotny <t.nowotny@sussex.ac.uk>,1490030671,+0000,GitHub <noreply@github.com>,1490030671,+0000,"Merge pull request #39 from brian-team/check_for_multiple_synapses

Check for multiple synapses",e70329f351d00803a1ddef10f7149d1eb39439ae,brian-team_brian2genn
e76df993ded19b5292d62a811932cfb9ef8d4235,6ce419ad4e50009512459b6c3546e7936a9a35f7,['12e56a049a5a9e734649e6fb91a52b672a90638f'],Thomas Nowotny <tn41@inf900324.inf.susx.ac.uk>,1586556474,+0100,Thomas Nowotny <tn41@inf900324.inf.susx.ac.uk>,1586556474,+0100,"... fixing branch confusion ... something strange is going on with the repitition loop limit _n ... but as brian2genn is not supporting multiple synapses,
I have taken a shortcut for now.
",e76df993ded19b5292d62a811932cfb9ef8d4235,brian-team_brian2genn
e7966b17e3f3b9228341cd9badaa1f0a8799a2ad,e7628b0a80baf0d595a055c4574c0c3f2f299389,['87391f28b4646d664b7a21fac43399a1f10e33e4'],Marcel Stimberg <marcel.stimberg@inserm.fr>,1535536050,+0200,Marcel Stimberg <marcel.stimberg@inserm.fr>,1536658710,+0200,"Support float32 as a default dtype for scalars
",e7966b17e3f3b9228341cd9badaa1f0a8799a2ad,brian-team_brian2genn
e7a17ca3cdad2d7fbd9b4248adff7d7950361cf1,1fb4ddc61d9fd3df8c156f7b99cbf40a3a36b2c9,['c37b6c99da7470599200a2589ee49800b4f65d02'],Marcel Stimberg <marcel.stimberg@inserm.fr>,1542987118,+0100,Marcel Stimberg <marcel.stimberg@inserm.fr>,1542987118,+0100,"Run tests against released and development versions of GeNN
",e7a17ca3cdad2d7fbd9b4248adff7d7950361cf1,brian-team_brian2genn
e7dea4c8f8cf82ab514f772ff3d5e952da0fb6b1,3a47049ff0b658a236275e8ac814bf32d2afe853,['9787af8b71fc2b81bef0120fed842da90b9f95dd'],Thomas Nowotny <t.nowotny@sussex.ac.uk>,1441228851,+0100,Thomas Nowotny <t.nowotny@sussex.ac.uk>,1441228851,+0100,"For some reason __init__.py was not merged from develop to master. Adding it back by hand
",e7dea4c8f8cf82ab514f772ff3d5e952da0fb6b1,brian-team_brian2genn
e8001d8d05f8494059259f51d2abe944be2ff63d,ce592fe7885dd8f4b203f9abb699f6751b025e0a,['853ae7a2071295c5fb04ced6e6b106c65895bdbf'],Marcel Stimberg <marcel.stimberg@inserm.fr>,1490367660,+0100,Marcel Stimberg <marcel.stimberg@inserm.fr>,1490368915,+0100,"For run_regularly operations, check that the dt is compatible and use a robust method to decide when to execute the code
",e8001d8d05f8494059259f51d2abe944be2ff63d,brian-team_brian2genn
e861342dc00d13ee4842d638bf8f796e796094d3,9f648b17be246f8ec9be286ac6fb9f1d0f804a1a,['273be7693ff575a4130ebc73dd5fe494b4f68d13'],Thomas Nowotny <t.nowotny@sussex.ac.uk>,1440062002,+0100,Thomas Nowotny <t.nowotny@sussex.ac.uk>,1440062002,+0100,"removed strange ._*** system files that came with each figure.
",e861342dc00d13ee4842d638bf8f796e796094d3,brian-team_brian2genn
e877ae82fedab6fa640e55e8b46f923199c36afb,52ec80949525126182535fcee5a621157df9fe40,['9e033c7813d6b47af100ac45ecbf50e3867abf5f'],Felix B. Kern <kernfel+github@gmail.com>,1642747450,+0900,Felix B. Kern <kernfel+github@gmail.com>,1642747450,+0900,"Replaced bare _rand[n] calls with $(gennrand_*)
",e877ae82fedab6fa640e55e8b46f923199c36afb,brian-team_brian2genn
e87d6445364da41e1082db8e58bfe55a8709d5ef,3c2643f131ba20c927546dcb87867c3b6d20486a,"['655a5d69f5b808dbe63259e67ed736b7666d3229', '12edce6318ebb4faefcd0c1c0fea1e383ed9d2fd']",Thomas Nowotny <t.nowotny@sussex.ac.uk>,1438371795,+0100,Thomas Nowotny <t.nowotny@sussex.ac.uk>,1438371795,+0100,"Merge branch 'develop' of ssh://github.com/brian-team/brian2genn into develop
",e87d6445364da41e1082db8e58bfe55a8709d5ef,brian-team_brian2genn
e8bd022aedcfc43b2c92fa2c0c2da184629f9b76,622fe71722bd32e98ee7121ce5531d4286886d4e,['b100879f5865288db46819cb36042d2c2ebc93ae'],Thomas Nowotny <t.nowotny@sussex.ac.uk>,1440685309,+0100,Thomas Nowotny <t.nowotny@sussex.ac.uk>,1440685309,+0100,"Modified brian2genn to work with derived templates, derving them from cpp_standalone. All templates that can be derived have been removed from the brian2genn template directory.
I have checked against the feature tests and everything appears to be working as expected.
",e8bd022aedcfc43b2c92fa2c0c2da184629f9b76,brian-team_brian2genn
e8bee7f10da29778f7dbe268846d895256ea4626,4be9f21a7e0dfd5cca01e815327b765efcc771f0,['77dce169571be24e979381509ead11f300134ea5'],Marcel Stimberg <marcel.stimberg@inserm.fr>,1586169192,+0200,Marcel Stimberg <marcel.stimberg@inserm.fr>,1586169192,+0200,"No longer test Python 2.7 with Brian2 master

Python 2 is no longer support by Brian 2 master
",e8bee7f10da29778f7dbe268846d895256ea4626,brian-team_brian2genn
e8d3002afecc4141f63794aafac4a64eef95c8e4,9cce52f3a81e045e75a377455aa9b564a9323b26,['fae5ebcd1f8d1f897156257d9f08cb9852add536'],Marcel Stimberg <marcel.stimberg@inserm.fr>,1489687790,+0100,Marcel Stimberg <marcel.stimberg@inserm.fr>,1489687790,+0100,"Fix the name of the miniconda installer for Python 2
",e8d3002afecc4141f63794aafac4a64eef95c8e4,brian-team_brian2genn
e912ff131d0cfa4926b762cb45b8ac0b10ec716e,61e3e4c0057b1b0ecd34b093bd230e88e9616c04,['060d77d3f97e0166d6cc046f13793b7fd283f45a'],Thomas Nowotny <t.nowotny@sussex.ac.uk>,1414680339,+0000,Thomas Nowotny <t.nowotny@sussex.ac.uk>,1414680339,+0000,"testing
",e912ff131d0cfa4926b762cb45b8ac0b10ec716e,brian-team_brian2genn
e9823585f494c68538a7872ba6bbd669531bd933,73dc1a1a97392e23404c31c1e0224736d5f5a895,['d93005b55c2d06cdd6d0cd592f7959bd6e8ae344'],Thomas Nowotny <t.nowotny@sussex.ac.uk>,1440059212,+0100,Thomas Nowotny <t.nowotny@sussex.ac.uk>,1440059212,+0100,"Added support for using GeNN's sparse connectivity methods. Which to use is at the moment set by the default value of synapseModel.connectivity.
Feature tests are passong now in both dense and sparse versions.
",e9823585f494c68538a7872ba6bbd669531bd933,brian-team_brian2genn
e9b5f637ed2cc0fe463942028ff7902b44ebda4d,24b69575b350f299f7034ac0eb5311b5c23c86b1,['437d0aa31648724d48550b68bba11c93160dfa12'],Marcel Stimberg <marcel.stimberg@ens.fr>,1405441677,+0200,Marcel Stimberg <marcel.stimberg@ens.fr>,1405441746,+0200,"Use GeNNCodeObject and special templates for stateupdater etc., use a simpler GeNNCodeGenerator instead of CPPCodeGenerator to generate simple code without declarations, etc.
",e9b5f637ed2cc0fe463942028ff7902b44ebda4d,brian-team_brian2genn
ea14957e7f931ecbc7043ff5a4b3dd279a0ec9d5,4d9b9058ebadd100788784a3ab14bdc9313f5f35,['3939ae602e768bba23f13819e911ca5988994283'],Marcel Stimberg <marcel.stimberg@inserm.fr>,1487950227,+0100,Marcel Stimberg <marcel.stimberg@inserm.fr>,1490030788,+0100,"Add more checks for the use of unsupported features.
",ea14957e7f931ecbc7043ff5a4b3dd279a0ec9d5,brian-team_brian2genn
ea31559140cc0082b946eabb369d9fba47dfeead,25a25b0003025023247f6a291017b8b356b5e41e,['741255496ac7d57f264fb220baca3684bf5aa96f'],thesamovar <dg.github@thesamovar.net>,1424800306,+0000,thesamovar <dg.github@thesamovar.net>,1424800306,+0000,Store last run time without overheads in device,ea31559140cc0082b946eabb369d9fba47dfeead,brian-team_brian2genn
ea402bba7f631d12a95baf74766c9c08cf17efb2,5478ff6bea5c00b827626305962e9d2d044f252a,['6e2950177ddaabd8df1ee2ea5a2a0b24fb6583d8'],Marcel Stimberg <marcel.stimberg@inserm.fr>,1471882343,+0100,Marcel Stimberg <marcel.stimberg@inserm.fr>,1471882357,+0100,"Quietly ignore the `profile` argument to `run` to avoid getting a warning for every brian2genn use
",ea402bba7f631d12a95baf74766c9c08cf17efb2,brian-team_brian2genn
eaa9430ec88382b272d2f945414bf53719dc0ec4,40dc32dcf33052d625ba142ce465f428a339d700,['8fdba14ca25415b43c841f677749506e817290a5'],Denis Alevi <mail@denisalevi.de>,1646997211,+0100,Denis Alevi <mail@denisalevi.de>,1646997211,+0100,"Rename `insert_code` slots `run` to `network_run`

This is how the slot is called in brian2 now, see PR brian-team/brian2#1390
",eaa9430ec88382b272d2f945414bf53719dc0ec4,brian-team_brian2genn
eaaeb70fbab45a7315bb4048416cb5cb9007a3fb,bd2f5c4b0560e32b27da5c99a49a0d3477bd495e,"['34e6c950dabf0581fde26aa07d3a32b1bf0af6dd', '9217bc10849e929cd48d6c873499400be44d25cb']",Thomas Nowotny <t.nowotny@sussex.ac.uk>,1595596120,+0100,GitHub <noreply@github.com>,1595596120,+0100,"Merge 9217bc10849e929cd48d6c873499400be44d25cb into 34e6c950dabf0581fde26aa07d3a32b1bf0af6dd
",eaaeb70fbab45a7315bb4048416cb5cb9007a3fb,brian-team_brian2genn
eab295872ecb74c2c1516be103ce48f4b31cd6e5,991fc0c160d3dde93af9b104ecdc002901249291,['1d3906e5059712f78fe15b0dedf12a2ffd6d3e92'],Marcel Stimberg <marcel.stimberg@inserm.fr>,1586185458,+0200,Marcel Stimberg <marcel.stimberg@inserm.fr>,1586185458,+0200,"Update OS X image for testing
",eab295872ecb74c2c1516be103ce48f4b31cd6e5,brian-team_brian2genn
eaf66c1ddde127149784ff10253a6eeadcbf8593,055f2996145df24c420c1b7895b202ced7f6783e,['4a9a9ca8bf24fab81d6fae07ce36fcd56af67f90'],Felix B. Kern <kernfel+github@gmail.com>,1649670796,+0900,Felix B. Kern <kernfel+github@gmail.com>,1649670796,+0900,"Use defaultdict and ensure sorted steps, following @mstimberg suggestions
",eaf66c1ddde127149784ff10253a6eeadcbf8593,brian-team_brian2genn
eb34d19d6edea93b87967531c0b00c1e3e237914,fb4b93e3923770d1df4866a4964368285b5b97ba,['b6d94937771d4e0d967cbc93806455cb30dba8cf'],Marcel Stimberg <marcel.stimberg@inserm.fr>,1534526155,+0200,Marcel Stimberg <marcel.stimberg@inserm.fr>,1535618830,+0200,"Use a hardcoded model name everywhere

Before, a mix of hardcoded ""magicnetwork_model"" and a name derived from
the network name was used. Using the network name everywhere is not an
option, since some code objects are created before we know the network.

Fixes #66
",eb34d19d6edea93b87967531c0b00c1e3e237914,brian-team_brian2genn
eb63488667ea1feac09888789c021b284893e35b,afb4230e77a70dc66bf9c612d8d69a7e43b25b9b,['be9abd6800c07bf500c06a7ed2e5c22d876153e3'],Thomas Nowotny <t.nowotny@sussex.ac.uk>,1415909778,+0000,Thomas Nowotny <t.nowotny@sussex.ac.uk>,1415909778,+0000,"Made small changes to avoid breaking the interface with the latest changes to GeNN
",eb63488667ea1feac09888789c021b284893e35b,brian-team_brian2genn
ec0015c1d06f4132b5eff3a32a5c28daba34bd49,9db25e1a8fe3dfb5b92004fbd37c5f2eedd66984,['48a5bc6dc7f401f1a1199f2d8b3917fe73dc9fdc'],Marcel Stimberg <marcel.stimberg@inserm.fr>,1536661043,+0200,Marcel Stimberg <marcel.stimberg@inserm.fr>,1536661043,+0200,"Add scripts to run tests with single precision
",ec0015c1d06f4132b5eff3a32a5c28daba34bd49,brian-team_brian2genn
ec09d1f15a5be20999a853f99da58d6845d267e1,ed2d57c1b268ee4abbc23c464e98602af4198422,"['cd8f1982e0ab92ca840854a92370703cf1c121af', 'facf2c4ed2c136c2ec5eccc4984225a5e7077cb2']",neworderofjamie <neworderofjamie@gmail.com>,1585920827,+0100,neworderofjamie <neworderofjamie@gmail.com>,1585920827,+0100,"Merge branch 'python2to3-translation' into genn_4

# Conflicts:
#	brian2genn/device.py
#	brian2genn/insyn.py
#	brian2genn/templates/engine.cpp
#	brian2genn/templates/main.cpp
",ec09d1f15a5be20999a853f99da58d6845d267e1,brian-team_brian2genn
ed3908edde4bf843961812f399b462d8872373c7,e0b50d88346b751a6b2730ba8b79a9f0fffee855,['a18f2876d75e225433eee18864104006cd57a326'],neworderofjamie <J.C.Knight@sussex.ac.uk>,1559643189,+0100,neworderofjamie <J.C.Knight@sussex.ac.uk>,1559643189,+0100,"binomial should use ``SUPPORT_CODE_FUNCTION``
",ed3908edde4bf843961812f399b462d8872373c7,brian-team_brian2genn
ed63ab85f5a813245894d330ffde073e77c02bbf,9cce52f3a81e045e75a377455aa9b564a9323b26,"['a234fd9ea455937d6835ccea392bdc969eff7a31', 'e8d3002afecc4141f63794aafac4a64eef95c8e4']",Thomas Nowotny <t.nowotny@sussex.ac.uk>,1489773720,+0000,GitHub <noreply@github.com>,1489773720,+0000,"Merge pull request #47 from brian-team/bug_fixes

[MRG] Bug fixes",ed63ab85f5a813245894d330ffde073e77c02bbf,brian-team_brian2genn
ed8947d43faad00d6e48510c684022cf2f852f7f,ff45c9e2da92cd706e0eb184482ed1b0093b277f,['285f878ec1877f6414bdf8630bba707f17d870d4'],thesamovar <dan.goodman@ens.fr>,1405135840,-0400,thesamovar <dan.goodman@ens.fr>,1405135840,-0400,"All names updated, only need to rewrite the GeNNDevice.build() method",ed8947d43faad00d6e48510c684022cf2f852f7f,brian-team_brian2genn
ede8101f693c7bf9bcbe7b8c2c4457888194fea8,88e759979f71b8cd9af60ba1147fffe43e73a7c1,['920bd280d2f1f8086cf77bbbf82b5fc6a5c95d1c'],dependabot[bot] <49699333+dependabot[bot]@users.noreply.github.com>,1757316893,+0000,GitHub <noreply@github.com>,1757316893,+0000,"Bump actions/setup-python from 5 to 6

Bumps [actions/setup-python](https://github.com/actions/setup-python) from 5 to 6.
- [Release notes](https://github.com/actions/setup-python/releases)
- [Commits](https://github.com/actions/setup-python/compare/v5...v6)

---
updated-dependencies:
- dependency-name: actions/setup-python
  dependency-version: '6'
  dependency-type: direct:production
  update-type: version-update:semver-major
...

Signed-off-by: dependabot[bot] <support@github.com>",ede8101f693c7bf9bcbe7b8c2c4457888194fea8,brian-team_brian2genn
ee0a8aa8cc0caf2323107f881e089a0bff95e5d3,b8e8c3f4ae86c661f73466900cfc434d9cd1f16c,['9d74d42bea4dd6676311f4f17dc113b66d0f0b7e'],Marcel Stimberg <marcel.stimberg@inserm.fr>,1496149347,+0200,Marcel Stimberg <marcel.stimberg@inserm.fr>,1496149347,+0200,"Update the submodule from the correct directory (Windows)
",ee0a8aa8cc0caf2323107f881e089a0bff95e5d3,brian-team_brian2genn
ee26fbf7a3fc83391428c2dc8bc585afec8ecf3d,cd4e1afbbd1db4277e6794209f97cfede27d7656,['75134d0a4b68e9b826b781fec681baa5b721cacd'],neworderofjamie <neworderofjamie@gmail.com>,1558529744,+0100,neworderofjamie <neworderofjamie@gmail.com>,1558529744,+0100,"whitespace
",ee26fbf7a3fc83391428c2dc8bc585afec8ecf3d,brian-team_brian2genn
ee337629955ec3c9a46e544c1d68106d8037b906,1bea25f7f01cfea1cbff147ee6bff08bf4660d89,"['1130cee0c317d67a043b2a26a7cab80f51b723dd', '1e24844fa9d5b047fbd431767dea01872613a78f']",Thomas Nowotny <t.nowotny@sussex.ac.uk>,1414497528,+0000,Thomas Nowotny <t.nowotny@sussex.ac.uk>,1414497528,+0000,"Merge branch 'develop' of https://github.com/brian-team/brian2genn into develop
",ee337629955ec3c9a46e544c1d68106d8037b906,brian-team_brian2genn
ee37a89ccc15bbc42dfd3a0629578d3bcddee27d,14c3254c1b03e857875633fd510044005cb7a5b4,['e8bee7f10da29778f7dbe268846d895256ea4626'],Marcel Stimberg <marcel.stimberg@inserm.fr>,1586173998,+0200,Marcel Stimberg <marcel.stimberg@inserm.fr>,1586173998,+0200,"Add before/after_run to DelayedCodeObject

For compatibility with Brian2 master
",ee37a89ccc15bbc42dfd3a0629578d3bcddee27d,brian-team_brian2genn
eeeced22eeae75eba73f584e66bf1c02e8924e1b,ee9bde409b9f5a947508e6d9679e223c5f4b1b8e,['850ca52ef6715d5386bcbbc53a43a52c4bcba7a6'],Marcel Stimberg <marcel.stimberg@inserm.fr>,1495632527,+0200,Marcel Stimberg <marcel.stimberg@inserm.fr>,1495632527,+0200,"First draft to (optionally) install GeNN with Brian2GeNN (Linux-only)
",eeeced22eeae75eba73f584e66bf1c02e8924e1b,brian-team_brian2genn
eef0405ba80595958cf3c246b2fbf94c29b293b9,a542b0c65f27a1e71609e54d876567c1e4419fdd,['8e09a2decbc838829dd2ed518f81799e1b3ca1ee'],Thomas Nowotny <tn41@inf900324.inf.susx.ac.uk>,1586783731,+0100,Thomas Nowotny <tn41@inf900324.inf.susx.ac.uk>,1586783731,+0100,"Added variables for the remapping of sparse arrays from brian to genn that are globally available.
They can be reused for all later conversions (e.g. in the context of run_regularly) - this replaces a
similar construct that Marcel had introduced.
Fixes the test_synapses_with_run_regularly test failure.
",eef0405ba80595958cf3c246b2fbf94c29b293b9,brian-team_brian2genn
ef16a466ecf7cb4638979a090d80cf04c1eaba8e,c91ebca09e63998d06307de154ae14fe5720fe75,['ba056a279fe0206cb97da408377e0672b210cfca'],Marcel Stimberg <marcel.stimberg@inserm.fr>,1471891609,+0100,Marcel Stimberg <marcel.stimberg@inserm.fr>,1471891609,+0100,"raise an error for a changed SpikeMonitor time slot (but no longer show a warning for the default one)
",ef16a466ecf7cb4638979a090d80cf04c1eaba8e,brian-team_brian2genn
ef269934eb7741c606852dc7cec7801a13467683,2c5751defdec5799908238948c0cfa9a783d4dae,['6c59e0526055b06f0de80d0ee05c32cf2ef1686d'],Marcel Stimberg <marcel.stimberg@sorbonne-universite.fr>,1725540856,+0200,Marcel Stimberg <marcel.stimberg@sorbonne-universite.fr>,1725540856,+0200,"Use miniforge for testing
",ef269934eb7741c606852dc7cec7801a13467683,brian-team_brian2genn
ef6c097a0a864d2c93d27798cfba91280a226550,667bc02a43a0da58a8007a62e83ea6571d572930,['5412aa2df7fdc6a141d834f478be69fdf32a4637'],Marcel Stimberg <marcel.stimberg@inserm.fr>,1586427330,+0200,Marcel Stimberg <marcel.stimberg@inserm.fr>,1586427330,+0200,"Update .gitignore
",ef6c097a0a864d2c93d27798cfba91280a226550,brian-team_brian2genn
ef71fde6c36baa0efe7130a346eb471c7971efb0,d36ecd91bef26c14ce8ce1904a5bfa61ab462566,['354a5cfca5ca99c2a585790ebdc8dac1b85ae538'],Thomas Nowotny <t.nowotny@sussex.ac.uk>,1440692421,+0100,Thomas Nowotny <t.nowotny@sussex.ac.uk>,1440692421,+0100,"Support for sub-groups now implemented. I am assuming that all the re-indexing has been undertaken by MArcel's cpp_standalone code and I only need to make sure to grap things from the appropriate parent populations.
Updates were needed for the sources of synapses, spike monitors, state monitors and rate monitors. This is hopefully all.
",ef71fde6c36baa0efe7130a346eb471c7971efb0,brian-team_brian2genn
efbfdd53e24cea33bd4ee7eeabfaa80125f46293,410258495f09615b18e1588a079637409074d6bf,['43e24d912aa4353ba831fd1b9087e1fd57dcdcb4'],neworderofjamie <J.C.Knight@sussex.ac.uk>,1549970877,+0000,neworderofjamie <J.C.Knight@sussex.ac.uk>,1549970877,+0000,"Fixed {{}}
",efbfdd53e24cea33bd4ee7eeabfaa80125f46293,brian-team_brian2genn
efeed6495d70b403b008df1e4212d5b1cd0c14e3,c621bb16841c589a45624892333a24d2bf2bde51,['a5c29181b8403ac3ff3ebe37f24341c4239cbb67'],Marcel Stimberg <marcel.stimberg@inserm.fr>,1471878087,+0100,Marcel Stimberg <marcel.stimberg@inserm.fr>,1471881115,+0100,"Do not fail if a CodeObject is None (e.g. for NeuronGroup)
",efeed6495d70b403b008df1e4212d5b1cd0c14e3,brian-team_brian2genn
f0460c6b35b1f68792debde4370a6a4ee2a69cec,05dfa06fc07e0de90eb9546fe45780ae2c19a044,['4e209d02b7593d2bc8ad6331038e791d31cf01f8'],Thomas Nowotny <t.nowotny@sussex.ac.uk>,1441229692,+0100,Thomas Nowotny <t.nowotny@sussex.ac.uk>,1441229692,+0100,"Removed the silly attemp of brian2genn.brian2genn.** from conf.py
",f0460c6b35b1f68792debde4370a6a4ee2a69cec,brian-team_brian2genn
f047277864e7e4212b648ebcaa4dea395105b51f,80fd33350677d12ad76d2a6fd8ed14572e15f5a3,['006d6af0835e5c18c30850d29d45ec59da41216a'],Thomas Nowotny <t.nowotny@sussex.ac.uk>,1440532901,+0100,Thomas Nowotny <t.nowotny@sussex.ac.uk>,1440532901,+0100,"I introduced rate monitors, PoissonGroups and fixed a *major* breakage caused by merged pull request brian-team/brian2#544 earlier today. I hope to have restored all functionality - feature tests are running (with the STDP update order caveat) and I successfully ran STDP_standalone with results comparable to the cpp_standalone device. This example uses both rate monitors and a PoissonGroup.
",f047277864e7e4212b648ebcaa4dea395105b51f,brian-team_brian2genn
f047a03a991e6cc25568ec24ae46cc7fd15a8f44,a3a3bf1c19edd8a1564fef79004e78f52f02c619,['211e58594b3d8b75622fcfe959273f5f5b7ce271'],Felix B. Kern <kernfel+github@gmail.com>,1642472760,+0900,Felix B. Kern <kernfel+github@gmail.com>,1642472760,+0900,"Consolidated pull*StateFromDevice calls across all consumers

This fixes an issue where slow StateMonitor clocks incurred
state pull operations on every tick. Additionally, operations
across StateMonitor and run_regularly operations are consolidated,
reducing transfers to the minimum necessary.
",f047a03a991e6cc25568ec24ae46cc7fd15a8f44,brian-team_brian2genn
f0d25f4cef7e577bc6420bb236e12e9be692bffa,a11ac78538e15d83d204dd40f2157cff5479242a,['90d757c7c931fe1097b24f84da3308e700b48ffd'],Marcel Stimberg <marcel.stimberg@inserm.fr>,1497805778,+0200,Marcel Stimberg <marcel.stimberg@inserm.fr>,1497805778,+0200,"Check whether a newer version of twine (via pip) can do the upload
",f0d25f4cef7e577bc6420bb236e12e9be692bffa,brian-team_brian2genn
f19770bedd16144594d44d1dcaa69e3e02308c98,e05197c222c85d1da095d354c6ceb72e58c03445,"['a645ffca66eda9b3b94e5a3c65eaf7acaf330c12', '0686fbd3250a06e18f4813df90eb06895b5a3602']",Marcel Stimberg <marcel.stimberg@inserm.fr>,1604316500,+0100,GitHub <noreply@github.com>,1604316500,+0100,"Merge pull request #122 from brian-team/compatibility_fixes

Compatibility fixes",f19770bedd16144594d44d1dcaa69e3e02308c98,brian-team_brian2genn
f1dba69eb8df83a7910aceffcccb0084a0349328,526a406fb4c18103cd95d051f4a879df3d20cb13,['dfa51c20b9db062d9c11a30de9628228286739d1'],Thomas Nowotny <tn41@inf900324.inf.susx.ac.uk>,1586276690,+0100,Thomas Nowotny <tn41@inf900324.inf.susx.ac.uk>,1586276690,+0100,"Implemented suggestion of @neworderofjamie to make adding to code_object_defs
and code_object_defdefs more efficient using a defaultdict of set.
",f1dba69eb8df83a7910aceffcccb0084a0349328,brian-team_brian2genn
f218195040303f3e61ccfe9948295aeb8611c45b,eadfb85d023e7801614cc5b1bb99d5c6e5e250f2,['8bdb8f9c9fc41b47d96c37a27ba82721f36cfbbb'],Thomas Nowotny <t.nowotny@sussex.ac.uk>,1441222104,+0100,Thomas Nowotny <t.nowotny@sussex.ac.uk>,1441222104,+0100,"Trying to add the brian 2 reference generation sphinx extension to brian2genn
",f218195040303f3e61ccfe9948295aeb8611c45b,brian-team_brian2genn
f258d11d703f557a4cbd9e7654959dc13108a4a0,e5ab40760e90838aabe4ce25b86ef2eec5acde68,['f77976da84597400d83591ccc7012deec730a354'],Marcel Stimberg <marcel.stimberg@inserm.fr>,1472038058,+0100,Marcel Stimberg <marcel.stimberg@inserm.fr>,1472038058,+0100,"Fix `NotImplementedError` for multicompartmental neurons
",f258d11d703f557a4cbd9e7654959dc13108a4a0,brian-team_brian2genn
f2b5d4a0fea9e6ec229815abec782d136eda9fd9,23da29776fae6e9acc9f78404b7658cdd789ba7d,['1cba7ed9467b99dfacf3cafd07cdf98604ffdac6'],Marcel Stimberg <marcel.stimberg@inserm.fr>,1541508694,+0100,Marcel Stimberg <marcel.stimberg@inserm.fr>,1541508694,+0100,"travis: yet another try... deactivate before activating
",f2b5d4a0fea9e6ec229815abec782d136eda9fd9,brian-team_brian2genn
f2bdd51c72b042e3fd11ec99b03b7bcb10186a4f,8ed51f0dc6a5259bbcdbc82c9388b309b10c6190,['3dff3252b3895448f1f915f5aebf570d25a9aca2'],Thomas Nowotny <tn41@inf900324.inf.susx.ac.uk>,1587972241,+0100,Thomas Nowotny <tn41@inf900324.inf.susx.ac.uk>,1587972241,+0100,"Small cleamup of leftover commented code.
",f2bdd51c72b042e3fd11ec99b03b7bcb10186a4f,brian-team_brian2genn
f2de9a7ca548f5d4a4bfcb76d44375dc2ef1f310,2bfd0f3ad45f70ac1ea3e11cc59b19ea5e830a63,['ee26fbf7a3fc83391428c2dc8bc585afec8ecf3d'],neworderofjamie <neworderofjamie@gmail.com>,1558529882,+0100,neworderofjamie <neworderofjamie@gmail.com>,1558529882,+0100,"Fixed bug in main.cpp - ``initializeSparse`` was being called too early
",f2de9a7ca548f5d4a4bfcb76d44375dc2ef1f310,brian-team_brian2genn
f30cd980411d5a53929fbec0d2a55c678ae40a57,6703dac3e4efc12c163eea8c6bd4bfa0f49b51ad,['05bb717e368ec17d224b98cd1f25a54637a883c1'],Marcel Stimberg <marcel.stimberg@inserm.fr>,1542731716,+0100,Marcel Stimberg <marcel.stimberg@inserm.fr>,1542731716,+0100,"Try to fix getting last release name in appveyor.yml
",f30cd980411d5a53929fbec0d2a55c678ae40a57,brian-team_brian2genn
f32c618f3f2ae11eb8959c1da40bba4a34fa2338,c672a35e947713046e74164fa139af199f300c48,['16a9f0d7aec4e7b52c8c0ba97036728f26b14124'],neworderofjamie <neworderofjamie@gmail.com>,1587391337,+0100,neworderofjamie <neworderofjamie@gmail.com>,1587391337,+0100,"temporarily switched azure pipelines to target branch
",f32c618f3f2ae11eb8959c1da40bba4a34fa2338,brian-team_brian2genn
f374fb1a58dbd4a741ef9f74101a2a4f9e0d052a,2387ed94f30780412db8971c5936976d532369f1,['920bd280d2f1f8086cf77bbbf82b5fc6a5c95d1c'],dependabot[bot] <49699333+dependabot[bot]@users.noreply.github.com>,1754914707,+0000,GitHub <noreply@github.com>,1754914707,+0000,"Bump actions/download-artifact from 4 to 5

Bumps [actions/download-artifact](https://github.com/actions/download-artifact) from 4 to 5.
- [Release notes](https://github.com/actions/download-artifact/releases)
- [Commits](https://github.com/actions/download-artifact/compare/v4...v5)

---
updated-dependencies:
- dependency-name: actions/download-artifact
  dependency-version: '5'
  dependency-type: direct:production
  update-type: version-update:semver-major
...

Signed-off-by: dependabot[bot] <support@github.com>",f374fb1a58dbd4a741ef9f74101a2a4f9e0d052a,brian-team_brian2genn
f38909467cfa476fe9ca3c3170a89ffceb8a06ca,d08ef4ae36448b3a2749b28c47afea3241e4cdef,['8763112de7036003f90f9af45662c23d459328c1'],Marcel Stimberg <marcel.stimberg@inserm.fr>,1509463218,+0100,Marcel Stimberg <marcel.stimberg@inserm.fr>,1509463218,+0100,"***** Release brian2genn 1.1.1 *****
",f38909467cfa476fe9ca3c3170a89ffceb8a06ca,brian-team_brian2genn
f398f7cb4b157acb7bbd13fb084fff15df0e2240,357e67dc170528d87d40118753d90e730329c776,['b7da37c86daf759bd8788b49f1568338d79ebc1e'],Marcel Stimberg <marcel.stimberg@inserm.fr>,1471959731,+0100,Marcel Stimberg <marcel.stimberg@inserm.fr>,1471960254,+0100,"Raise a `NotImplementedError` for multicompartmental neurons
",f398f7cb4b157acb7bbd13fb084fff15df0e2240,brian-team_brian2genn
f3d6f1e1d1dc671ad4fc954ceaa6684b4354f378,ab715f3880bcfcf632951136762c28738f291f16,['24f6f2ab1dc4351e6956956d3d5f6b77b485f2b9'],Thomas Nowotny <t.nowotny@sussex.ac.uk>,1441296937,+0100,Thomas Nowotny <t.nowotny@sussex.ac.uk>,1441296937,+0100,"docs
",f3d6f1e1d1dc671ad4fc954ceaa6684b4354f378,brian-team_brian2genn
f3e8b7e2a558597366ff46b8ada8fc247d923669,97aa3e1c6b1102d34b6bc5d5e0c1054b87b74a86,['461621b013f3c540da2e82cb1aee5c69c1040e67'],Marcel Stimberg <marcel.stimberg@inserm.fr>,1604413702,+0100,Marcel Stimberg <marcel.stimberg@inserm.fr>,1604413702,+0100,"Minor `is not` vs. `!=` fix
",f3e8b7e2a558597366ff46b8ada8fc247d923669,brian-team_brian2genn
f452a8c1a77bd173cfba7f238b1041ca97862cc0,b1fb28ddc97242766a465179064c3e6a374f4543,['1178990dd244899a636661394b571acbf0f9905c'],Marcel Stimberg <marcel.stimberg@inserm.fr>,1472143883,+0100,Marcel Stimberg <marcel.stimberg@inserm.fr>,1472143883,+0100,"Remove the ""debug message"" block which gives a confusing ""Number of spikes: 0"" output for brian2genn
",f452a8c1a77bd173cfba7f238b1041ca97862cc0,brian-team_brian2genn
f4567161111780f5a0f5e27ac0f03645c15730a4,31d145c3b7837aec30f4dc4005e4685206f12124,['1d9180971e79c925a2b929ed3f6cf9ddf77f69c6'],Thomas Nowotny <t.nowotny@sussex.ac.uk>,1443208403,+0100,Thomas Nowotny <t.nowotny@sussex.ac.uk>,1443208403,+0100,"Brought brian2genn up to speed to work with the latest brian 2 master branch.
",f4567161111780f5a0f5e27ac0f03645c15730a4,brian-team_brian2genn
f5477a1cdbc0e0378809f680a205ac2e24bf9b05,15559efbc296a9980256e3f2cdd0a3f4a326bd9f,"['56732f6435650a1ecb5f895aaec159335047697d', 'd395e44101ad7d22c054362c2f2b72a4078f0b9b']",Marcel Stimberg <marcel.stimberg@inserm.fr>,1586523854,+0200,Marcel Stimberg <marcel.stimberg@inserm.fr>,1586523854,+0200,"Merge remote-tracking branch 'origin/master' into genn_4_alt
",f5477a1cdbc0e0378809f680a205ac2e24bf9b05,brian-team_brian2genn
f59961a989dd28e01a5473cc80a600e84d46c44f,a41039ae8f765d018b310e663d988f319cf999bc,['ce919bf2d2cc85f51b03cf80ea492a26fcada87a'],Marcel Stimberg <marcel.stimberg@inserm.fr>,1536151752,+0200,Marcel Stimberg <marcel.stimberg@inserm.fr>,1536151752,+0200,"travis.yml: add debug output
",f59961a989dd28e01a5473cc80a600e84d46c44f,brian-team_brian2genn
f5e351fe3bc1bf5e8b27dc29c7d9c02b1ae0bdd3,fca3af940ba0c45d8d593f60785c77619e4a60fe,['b19aca344e8c6bdabe07433dbc55ff8d1da92061'],neworderofjamie <J.C.Knight@sussex.ac.uk>,1559641926,+0100,neworderofjamie <J.C.Knight@sussex.ac.uk>,1559641926,+0100,"Revert ""genn_generator can't directly insert $(XXX) function calls as they're not valid C++ - instead insert standard C-style function calls and replace them at the last minute""

This reverts commit b19aca344e8c6bdabe07433dbc55ff8d1da92061.
",f5e351fe3bc1bf5e8b27dc29c7d9c02b1ae0bdd3,brian-team_brian2genn
f665438d6d041b2cf2b85a2e2dad471f855b6304,4ef543c58691b332e7aaab71953793171ab885e4,['7de69e627bc19d64f5207cc23f663262e33e4b51'],Marcel Stimberg <marcel.stimberg@inserm.fr>,1690388446,+0200,Marcel Stimberg <marcel.stimberg@inserm.fr>,1690388446,+0200,"Include correct versions in git archives
",f665438d6d041b2cf2b85a2e2dad471f855b6304,brian-team_brian2genn
f6866b70e4119acf856adf334b010de9dd025d59,36ab293244bd8dbda28d5b9fef2f8a334146fa13,['b2bc56315ec46bbfc9033df85bfa57388b9e6f3b'],Marcel Stimberg <marcel.stimberg@inserm.fr>,1497633707,+0200,Marcel Stimberg <marcel.stimberg@inserm.fr>,1497633707,+0200,"***** Release brian2genn 1.0rc0 *****
",f6866b70e4119acf856adf334b010de9dd025d59,brian-team_brian2genn
f6cf2f6ccd4ac2cbfb495a298dec1b1ed78bf914,461a63159d628cdb3c4abe0aa45e97e38858ba2a,['1933e7bd94cd8ae14977479531a4fa4e64a7960f'],Marcel Stimberg <marcel.stimberg@inserm.fr>,1496065589,+0200,Marcel Stimberg <marcel.stimberg@inserm.fr>,1496067946,+0200,"Try building a conda package on Linux, installing CUDA via apt-get
",f6cf2f6ccd4ac2cbfb495a298dec1b1ed78bf914,brian-team_brian2genn
f6ea0ac2b4ab8c98b0cca7bbf51f9bcadb4abf75,814c8b577bc326b517c02dd2ea74256597c526f1,['043d796fed41476789beb3d5793fd2ba6e0529cf'],Thomas Nowotny <t.nowotny@sussex.ac.uk>,1587569187,+0100,GitHub <noreply@github.com>,1587569187,+0100,"Update examples/simple_example_with_synapses.py

Co-Authored-By: Marcel Stimberg <marcel.stimberg@inserm.fr>",f6ea0ac2b4ab8c98b0cca7bbf51f9bcadb4abf75,brian-team_brian2genn
f6f19e755d8574752b62063a89f8a6df60aec181,27a6b1bf17f64da915cd33a1c106455e1bfe9fa3,['c63f5db156eda4e8ed561bcc2d7cbd79c797873b'],Marcel Stimberg <marcel.stimberg@inserm.fr>,1478987022,+0100,Marcel Stimberg <marcel.stimberg@inserm.fr>,1479207451,+0100,"Try fixing linker problem on OS-X
",f6f19e755d8574752b62063a89f8a6df60aec181,brian-team_brian2genn
f70bc0336dc6b3309758c9881a1faeace73f30f1,57b7d263e6ac395c8c0b3ce0ae18bd8f1d981a22,['46fe3f932709fd8c29be39334af2d0cb1dfe5a97'],Marcel Stimberg <marcel.stimberg@inserm.fr>,1559744656,+0200,Marcel Stimberg <marcel.stimberg@inserm.fr>,1559744656,+0200,"On Azure: Install conda per script, set GENN_PATH differently
",f70bc0336dc6b3309758c9881a1faeace73f30f1,brian-team_brian2genn
f75cc8098281514e27b04b36624693111f81465f,838b0af2c4387e9ea4b77682e1f6f7fa645c1c54,['d16290a28b9154d85bddd73ea6a4191ded32ef62'],Marcel Stimberg <marcel.stimberg@inserm.fr>,1588155933,+0200,Marcel Stimberg <marcel.stimberg@inserm.fr>,1588164985,+0200,"Add additional badges to README
",f75cc8098281514e27b04b36624693111f81465f,brian-team_brian2genn
f77976da84597400d83591ccc7012deec730a354,2314400dbe9d93d429d587fee0db130b41d9cc92,['178f43edc920f31df604d7b446bed8172400d613'],Marcel Stimberg <marcel.stimberg@inserm.fr>,1472037909,+0100,Marcel Stimberg <marcel.stimberg@inserm.fr>,1472037927,+0100,"Fix an unnecessary `NotImplementedError` for synapses that use equations
",f77976da84597400d83591ccc7012deec730a354,brian-team_brian2genn
f7c8a101358691bef918f208079d35556da7ffd1,990c512be5941b540ff64343abb671c4c6f01b97,['113424002739cfe9c86330c7eb5f16094d817745'],neworderofjamie <neworderofjamie@gmail.com>,1556200640,+0100,neworderofjamie <neworderofjamie@gmail.com>,1556200640,+0100,"updated monitors and generator
",f7c8a101358691bef918f208079d35556da7ffd1,brian-team_brian2genn
f8037b5377807700d0cc8d384fb49c5f73b84b9e,99d8bcd3c0ddeb5e33da151df54e3fe8513b70cb,['9a853d6c7a946fd8c815ed3ecb927e593c924b94'],Marcel Stimberg <marcel.stimberg@inserm.fr>,1588165060,+0200,Marcel Stimberg <marcel.stimberg@inserm.fr>,1588165060,+0200,"***** Release brian2genn 1.5 *****
",f8037b5377807700d0cc8d384fb49c5f73b84b9e,brian-team_brian2genn
f80b924c1ac3456297301ccf247bc983c323b028,34ccd9cf7c2cef515e163d86d79069e311c1d0db,['f665438d6d041b2cf2b85a2e2dad471f855b6304'],Marcel Stimberg <marcel.stimberg@inserm.fr>,1690388647,+0200,Marcel Stimberg <marcel.stimberg@inserm.fr>,1690388647,+0200,"Clone full history for version calculation
",f80b924c1ac3456297301ccf247bc983c323b028,brian-team_brian2genn
f94c47fdcc72c935621afab9ac0c6c92f375c625,dfeb961bdf99282e06287a7c39a491492acc6417,['03b1afe2b60c7ca5a00a7f5fc97cf5d56d7d78fa'],Thomas Nowotny <t.nowotny@sussex.ac.uk>,1443123206,+0100,Thomas Nowotny <t.nowotny@sussex.ac.uk>,1443123206,+0100,"REverting the last commit. This used to work a couple of days ago - what has changed?
",f94c47fdcc72c935621afab9ac0c6c92f375c625,brian-team_brian2genn
f95825ec86a122703988b94fdc97f5ac768991cc,50414358c5c06fd5bf28231a5630a3cab1827289,"['86ae64cd1122fe12b09e75c1e08bc0ea22e71a1d', '5f646a4728fe464473816a3d2f5738ce1557b207']",Thomas Nowotny <t.nowotny@sussex.ac.uk>,1475054098,+0100,GitHub <noreply@github.com>,1475054098,+0100,"Merge pull request #30 from brian-team/synaptic_statements_pre_post

Check which variables on_pre and on_post statements refer to",f95825ec86a122703988b94fdc97f5ac768991cc,brian-team_brian2genn
f95ba97ea261d062380e79a2f8849573370d5f5d,cd5ebdfbd3011784bea3a0530cb176d93062d08b,['8a49c030bc8655644cd7d1850f473e09e4ce30f3'],thesamovar <dan.goodman@ens.fr>,1414669438,+0000,thesamovar <dan.goodman@ens.fr>,1414669438,+0000,minor simplification,f95ba97ea261d062380e79a2f8849573370d5f5d,brian-team_brian2genn
f989dee92c3259544baedac64070f5e13230baa1,c19c22763ad64349a4114feca86f8840c4497114,['c54733374f10e25c373117d5f61f69babb3121ac'],Marcel Stimberg <marcel.stimberg@inserm.fr>,1490959820,+0200,Marcel Stimberg <marcel.stimberg@inserm.fr>,1490959820,+0200,"Rename `randomkit.c` to `randomkit.cc` to have it covered by a makefile rule (to apply flags for optimization, etc.)
",f989dee92c3259544baedac64070f5e13230baa1,brian-team_brian2genn
f9e9ea30c7a091f2a4ba2c83768345fa699b9ce6,507d03946844450d47ed7784e5e0a6f303fa180c,['8b5b37c7b148de9383b017310628f7d8df13e6db'],Thomas Nowotny <t.nowotny@sussex.ac.uk>,1443529636,+0100,Thomas Nowotny <t.nowotny@sussex.ac.uk>,1443529636,+0100,"added missing include of <ctime> header. Interestingly, clang managed without it.
",f9e9ea30c7a091f2a4ba2c83768345fa699b9ce6,brian-team_brian2genn
fa3c989de9fa659a69babed237957ccb85a77611,295128a7393676c9925602c47663323e2b0d1b9e,['73c185cb26268f1f501720dd81b3e1691b7b8724'],Thomas Nowotny <tn41@inf900324.inf.susx.ac.uk>,1586438968,+0100,Thomas Nowotny <tn41@inf900324.inf.susx.ac.uk>,1586438968,+0100,"I fixed an issue with mutiply included support code when there are more than 1 synapse population.
However, there are more problems; one is with conditions that depend on neuron variables.
I removed the repitition loop for synapses where this caused issues (as we are not supporting
multiple synapses anyway) but it probably can cause issues in other conditions as well.
",fa3c989de9fa659a69babed237957ccb85a77611,brian-team_brian2genn
fa441a2a050179a28b906c236d998f79b545468c,c89e5d15e7137fa7318d1aa897cd7a90d81f4e4b,['d10cb854fc435fe6307dc817cf7afe1bf0a5a624'],Marcel Stimberg <marcel.stimberg@inserm.fr>,1571927638,+0200,Marcel Stimberg <marcel.stimberg@inserm.fr>,1571927638,+0200,"Support multiple run_regularly operations per NeuronGroup/Synapses
",fa441a2a050179a28b906c236d998f79b545468c,brian-team_brian2genn
fabbe0381375a626115831001ad6de04c4e6f26a,762b82e1c2acfefa35ce9b19530b6e54fd851219,['623a89ab109e90c536e9c58b01a2db70b56b1f32'],Marcel Stimberg <marcel.stimberg@inserm.fr>,1496147007,+0200,Marcel Stimberg <marcel.stimberg@inserm.fr>,1496147007,+0200,"Try installing CUDA on appveyor (Windows)
",fabbe0381375a626115831001ad6de04c4e6f26a,brian-team_brian2genn
facf2c4ed2c136c2ec5eccc4984225a5e7077cb2,6968407f8a4eedb67bf8dd0c579ad7367e183134,['deb71f826b42238ab62e32e766d880530ca88f8b'],neworderofjamie <neworderofjamie@gmail.com>,1585912643,+0100,neworderofjamie <neworderofjamie@gmail.com>,1585912643,+0100,"renormalize
",facf2c4ed2c136c2ec5eccc4984225a5e7077cb2,brian-team_brian2genn
fae5ebcd1f8d1f897156257d9f08cb9852add536,0b0c8deda75a44eb38ef40672d35cdb396d2aabf,['611724de15da0d2b1d5d9c9b7ea124885bac235b'],Marcel Stimberg <marcel.stimberg@inserm.fr>,1488903266,+0100,Marcel Stimberg <marcel.stimberg@inserm.fr>,1488903266,+0100,"Initialize seeds for synapses that use random numbers
",fae5ebcd1f8d1f897156257d9f08cb9852add536,brian-team_brian2genn
fb01a2837cfc4b4c917ac54b46065f14457e7049,62da232cd92de2ac75c63c19cd05c2d862516eb5,['bc597ad29b6487dfff3c457e1138470cc1bb4504'],Marcel Stimberg <marcel.stimberg@inserm.fr>,1536229850,+0200,Marcel Stimberg <marcel.stimberg@inserm.fr>,1536229850,+0200,"Yet another try for the weird conda issue on appveyor
",fb01a2837cfc4b4c917ac54b46065f14457e7049,brian-team_brian2genn
fb32a2258d7b0e1a1e54e4b62e3f5ef6d54bbc49,449257a7cfddf676c9dc074ee1b7f8fa51930fb0,['89bb39060bbf3158c2718e4299adda97c3c0836f'],Marcel Stimberg <marcel.stimberg@inserm.fr>,1495201289,+0200,Marcel Stimberg <marcel.stimberg@inserm.fr>,1495201289,+0200,"Set the preferences that Brian2GeNN needs only when the device is activated (and not on module import)
",fb32a2258d7b0e1a1e54e4b62e3f5ef6d54bbc49,brian-team_brian2genn
fc1fbe8b5f94deb37eb9f7dac5642dca5cc1a882,627e639b124c6940d62c73c1d3d270fc8fff8eb2,['c3510232038bcf0571549f37f54c1c2bad36cfe4'],Marcel Stimberg <marcel.stimberg@inserm.fr>,1496150742,+0200,Marcel Stimberg <marcel.stimberg@inserm.fr>,1496150742,+0200,"Fix CUDA toolkit cask (OS X)
",fc1fbe8b5f94deb37eb9f7dac5642dca5cc1a882,brian-team_brian2genn
fc986a8d6653378181fb8458372b51e8b2d42587,21f34dbae65a6bd1bde401a4ef2d2e1e1b144f43,['cb669ef27942523a358d90134bbffb9a063ac92c'],Marcel Stimberg <marcel.stimberg@inserm.fr>,1498048302,+0200,Marcel Stimberg <marcel.stimberg@inserm.fr>,1498050013,+0200,"Simplify GENN_PATH handling by passing an environment to the calls
",fc986a8d6653378181fb8458372b51e8b2d42587,brian-team_brian2genn
fc9d3ad42fb8b59daad9975515d15ed8a1d72744,3fa6ee839ff14728741df018cc4b78b4e4297a36,['4232c757573f7a57058d64597d6da0ffda0c00d2'],Marcel Stimberg <marcel.stimberg@inserm.fr>,1478601603,+0100,Marcel Stimberg <marcel.stimberg@inserm.fr>,1478698698,+0100,"Use Brian's general compiler preferences instead of using GeNN-specific ones
",fc9d3ad42fb8b59daad9975515d15ed8a1d72744,brian-team_brian2genn
fd385df9cc282b7a910676d427e5b94d1f2e69f9,d1d7bddee3880972ddc57cf7ef0dbd104137af9b,['a752245db2e1c2b690b6968a1c00116c86fe83dc'],Marcel Stimberg <marcel.stimberg@inserm.fr>,1471945491,+0100,Marcel Stimberg <marcel.stimberg@inserm.fr>,1471945491,+0100,"Remove an unnecessary `NotImplementedError` (`SpikeMonitor` can record arbitrary variables)
",fd385df9cc282b7a910676d427e5b94d1f2e69f9,brian-team_brian2genn
fd439ccc5a2a27163368f2e345d038b771a74f91,2cd82f5ad4eb6c0851643026ea08a08264d2b61e,['c901f94e18c5e803e4c5fed3ca5fc8533479389e'],Thomas Nowotny <nowotnyt@gmail.com>,1499268008,+0100,Thomas Nowotny <nowotnyt@gmail.com>,1499268008,+0100,"Changed the benchmark parameters slightly
",fd439ccc5a2a27163368f2e345d038b771a74f91,brian-team_brian2genn
fd606c80a75fe20db50ca690964632172db7147e,53ab6ab654ec4a33f69b0f66f53120221369066d,['16f073d6e7861e5769abdccdbd577e63a1d39fef'],Felix B. Kern <kernfel+github@gmail.com>,1642047334,+0900,Felix B. Kern <kernfel+github@gmail.com>,1642058706,+0900,"Avoid hard-coded object names in process_poisson_groups
",fd606c80a75fe20db50ca690964632172db7147e,brian-team_brian2genn
fd63d0341b31cafad4f58506c7c9c1b7f90b06ec,457bdf30ed1476b79318d00582fef043d58f8f45,['ef269934eb7741c606852dc7cec7801a13467683'],Marcel Stimberg <marcel.stimberg@sorbonne-universite.fr>,1725543479,+0200,Marcel Stimberg <marcel.stimberg@sorbonne-universite.fr>,1725543503,+0200,"Bump actions/checkout from 3 to 4
",fd63d0341b31cafad4f58506c7c9c1b7f90b06ec,brian-team_brian2genn
fd733e275fa77cdc3763eb37f4ece1f75e1337df,0a74404a6fe5b3043606c9df5413f944d09169fe,['a384fd2abab1ed00d8771b412067ab210ad88f4d'],Marcel Stimberg <marcel.stimberg@ens.fr>,1405520685,+0200,Marcel Stimberg <marcel.stimberg@ens.fr>,1405520685,+0200,"Write the full path into the make file instead of using something based on the current directory
",fd733e275fa77cdc3763eb37f4ece1f75e1337df,brian-team_brian2genn
fd77d2dc7de4231c6be9ea7885dea5ea8fec12d1,3b028ce4efb864db636d0859a2ca19f25579ebba,['feaa8bc90cf927718e5ed2c53ccdbad38447d629'],Denis Alevi <mail@denisalevi.de>,1534267227,+0200,GitHub <noreply@github.com>,1534267227,+0200,"Fix `_last_run_time` recording

Previously `_last_run_time` was 0 if `maximum_run_time` was not specified",fd77d2dc7de4231c6be9ea7885dea5ea8fec12d1,brian-team_brian2genn
fdd1b32bc4f40e5f0ad08b33a4c91cfb09b7e1f0,df22c72b3518d402a0347dd85c6647d2e76d3ee9,['8fb718ce3ba34c69a24205df88b1d7e9dd69bef9'],Marcel Stimberg <marcel.stimberg@inserm.fr>,1559748708,+0200,Marcel Stimberg <marcel.stimberg@inserm.fr>,1559748708,+0200,"Fix typo
",fdd1b32bc4f40e5f0ad08b33a4c91cfb09b7e1f0,brian-team_brian2genn
fdf621fd419e217810989e3cb1402a75ffc76fb8,8a3b0090782df3ee951c50db478d6ca1a07cedd1,['c28ef3c9e6aad3d6d7a5bd9a2c31c2d9d389ed0c'],Marcel Stimberg <marcel.stimberg@inserm.fr>,1688471149,+0200,Marcel Stimberg <marcel.stimberg@inserm.fr>,1688482988,+0200,"Minor code simplification
",fdf621fd419e217810989e3cb1402a75ffc76fb8,brian-team_brian2genn
fe4dee5d8b0390d601ff8618c0ff25ffe9bd9fc4,800583229f1e47b1514908ea42989010b7a6b8ac,['d9c1f1609632e9c7e4cc85b1099e083d416f78ba'],Thomas Nowotny <t.nowotny@sussex.ac.uk>,1441220321,+0100,Thomas Nowotny <t.nowotny@sussex.ac.uk>,1441220321,+0100,"Modified sphinc config removing the extension sphinxcontrib.issuetracker
",fe4dee5d8b0390d601ff8618c0ff25ffe9bd9fc4,brian-team_brian2genn
feaa8bc90cf927718e5ed2c53ccdbad38447d629,0507b162f39e8b5eb515f8ccdc2c45193450b3ee,"['0afe2fee2fd6494d74eae4190c489cfcbc02f740', 'd7587f332f9a23c09be75c27e88478fedc037224']",Marcel Stimberg <marcel.stimberg@inserm.fr>,1529730908,+0200,GitHub <noreply@github.com>,1529730908,+0200,"Merge pull request #61 from brian-team/timestep_function

Bug in _timestep function related to different host and device ```isinf```",feaa8bc90cf927718e5ed2c53ccdbad38447d629,brian-team_brian2genn
fed534935530e754fbe8feeb6091d30365090949,837d5dc54f77f1945003e48db7f49b4cab484eb1,['84eb97f2d36afb14a7670c5c4cf76abf33bbd6e2'],Marcel Stimberg <marcel.stimberg@inserm.fr>,1487862815,+0100,Marcel Stimberg <marcel.stimberg@inserm.fr>,1487955254,+0100,"Add ""universal support code"" for the mod function so that it works for integer arguments

Fixes #43
",fed534935530e754fbe8feeb6091d30365090949,brian-team_brian2genn
fede3cb740bdf4e167a38b3844df702a6c7f8aae,b9cec0cc9d47ceb572913fff35adf95c2fb6d66b,['9ed5dc00b10569c242aa8d4eac25ad2b222d81d0'],Marcel Stimberg <marcel.stimberg@inserm.fr>,1542825430,+0100,Marcel Stimberg <marcel.stimberg@inserm.fr>,1542825430,+0100,"Yet another try to set GENN_PATH correctly on Windows
",fede3cb740bdf4e167a38b3844df702a6c7f8aae,brian-team_brian2genn
fefdc13dcf6f33550fe5a2321a0d790ba6e2b0a2,1c81181684de16ca53d285c344576f0551a53e18,['d27b577fdffcb87e7d9ce2e805fe58b5279e2173'],Marcel Stimberg <marcel.stimberg@inserm.fr>,1541511802,+0100,Marcel Stimberg <marcel.stimberg@inserm.fr>,1541511802,+0100,"travis: for debugging, print environment variables in script section
",fefdc13dcf6f33550fe5a2321a0d790ba6e2b0a2,brian-team_brian2genn
ff83e68091c8569bf0c445ab28631529b37fc286,8e24287bc458869227191cf06aedacdfc1bcaade,['5699a697b61796de63ac43306182992e63ab74e8'],Thomas Nowotny <t.nowotny@sussex.ac.uk>,1438614330,+0100,Thomas Nowotny <t.nowotny@sussex.ac.uk>,1438614330,+0100,"malle change to engine.cc to copy state at the right time.
",ff83e68091c8569bf0c445ab28631529b37fc286,brian-team_brian2genn
