llnl_hiop;00125edefa46bc6f216bed56558bfe153ec8ad4f;Cosmin G. Petra <petra1@llnl.gov>;1537317146;"fixed an invalid copy of the solution vector
"
llnl_hiop;00388d11e29a799a7040f9badf4fdc4de8593032;nychiang <sorakid507@gmail.com>;1741641986;"add submodule smt
"
llnl_hiop;005874b4049b38c61c8b191f89480a97ff31a53e;Nai-Yuan Chiang <chiang7@llnl.gov>;1636764538;"Revert ""Sparse kernel development for GPU. Part 4 (#333)"" (#363)

This reverts commit 5e4e1142e91f9d3ca9e9937da1dfae21c8c42a8a."
llnl_hiop;006328732ff895df4754edca52d6dbcd2450f11f;Cosmin G. Petra <petra1@llnl.gov>;1674685053;"header instrumentation for cuda vector class
"
llnl_hiop;0087f3fd5a37277f284c64a5fe00bbfe0adf2a79;Jorge Alejandro Chumbipuma <chumbipuma1@lassen709.coral.llnl.gov>;1753222477;"Debugging config: Set mem_space to 'um' for unified memory; remove -Werror and add -g to CMake for easier debugging.
"
llnl_hiop;00927223c3a65eee4cfa099925f4b0f42b43d225;Asher Mancinelli <ashermancinelli@gmail.com>;1622579363;"Fix buildsystem and RAJA policies regarding HIP
"
llnl_hiop;0097b73333ce2b1f31ea97676c992b6af2d0045e;nychiang <sorakid507@gmail.com>;1637278147;"evaluate functions after adjust primal variables
"
llnl_hiop;009a7ca9a4dc7ce7b62f168e49fe78719fae8794;rcrutherford <robert.rutherford@pnnl.gov>;1659668491;"Update Newell variables and re-enable CI.
"
llnl_hiop;00a5ed5992fcccc950f285ec060d19f77c4c493b;Michel Schanen <mschanen@anl.gov>;1589479292;"moved -fPIC up
"
llnl_hiop;00bc74945815b5270d1e3cdcfe046f7f3ad598ab;Cosmin G. Petra <petra1@llnl.gov>;1645037026;"updated the pdf file
"
llnl_hiop;00bfe963ace0d1a6571a290a3ba44e4211a21e2a;pelesh <peless@ornl.gov>;1652394215;"Add Eigen submodule and buildsystem support (#465)

* Add Eigen submodule and buildsystem support

* Add recursive git submodules to ci

Co-authored-by: Asher Mancinelli <ashermancinelli@gmail.com>"
llnl_hiop;00d116328ee0977135948b70593860a5c0813671;Asher Mancinelli <asher.mancinelli@pnnl.gov>;1607734830;"Adding version info struct (#148)

* Adding version info struct

* installing hiopVersion header"
llnl_hiop;00e8ebe1728fb5a0f1b217e1229167434704f931;Frank Wang <wang125@llnl.gov>;1642288572;"fixing some small issues
"
llnl_hiop;00fa7d5b5ad5c889e7dda1154e0215c7a2b43895;Cosmin G Petra <petra1@llnl.gov>;1676907816;Update CHANGELOG.md
llnl_hiop;0107123c0bc2d10547cedd7761bb1e3de4121e31;Cosmin G. Petra <petra1@llnl.gov>;1590540607;"Merge branch 'master' of github.com:LLNL/hiop
"
llnl_hiop;01311eda8aeeed078603c7f1254504c1a2d8a3b1;Juraj Kardos <juraj.kardos@usi.ch>;1564780803;"minor changes, debugging
"
llnl_hiop;01340384164c61f35f0665f244000e1dd9350089;Tucker Hartland <tucker.hartland@gmail.com>;1744305429;"basic implementation of batched BO
"
llnl_hiop;01495bf913be224b7a12ac92a4f06c723bc17155;Cosmin G Petra <petra1@llnl.gov>;1742406163;"draft of weighted B0 in the LowRank quasi Newton solves
"
llnl_hiop;015c43eb3ce9d951aa20d34ab977cd8c36095439;Cosmin G. Petra <petra1@llnl.gov>;1632755855;"Merge branch 'develop' into user-guide-fix
"
llnl_hiop;0169934c93b67f5ca62e5aa7a870e34561e2c0c1;Cosmin G. Petra <petra1@llnl.gov>;1586565837;"consolidated the inertia calculation

fixed an incorrect test whether the pivots are non-positive
"
llnl_hiop;017496526388108497885bec679ebe220aec9258;Cosmin G. Petra <petra1@llnl.gov>;1483555182;"fixed small bugs (misuse of local/global sizes) found in the parallel runs
"
llnl_hiop;0178260053c94e201362ba10972d63d16e838a46;Slaven Peles <peless@ornl.gov>;1690390421;"Modify MA57 options to set refactorization correctly.
"
llnl_hiop;017e28bc876cfc9f4d81bc8b528968c7b784689b;Cosmin G. Petra <petra1@llnl.gov>;1641247199;"fixed a couple of compilation issues for uncommon build options
"
llnl_hiop;018e956c0f44c30a55f96fa814ea9d848013cf4d;Cosmin G Petra <petra1@llnl.gov>;1743380242;"finished renaming to VectorSpace
"
llnl_hiop;01956e957109d8b8fc8a55e6f4c9f1533bd65078;nychiang <sorakid507@gmail.com>;1660703589;"modify build_matrix
"
llnl_hiop;01b1d6e01bdd4259a789cee20786f257a0672689;nychiang <sorakid507@gmail.com>;1602032109;"add example 7
"
llnl_hiop;01b4a1844a08c80c0324f245c4b69906302f7f80;Cosmin G. Petra <petra1@llnl.gov>;1611381282;"refactorized main LSQUpdate class

- into Dense and Sparse
- reengineered the go and inieq computations
"
llnl_hiop;01b96178b827374828690263c13ee9cb3dec42a3;Michel Schanen <mschanen@anl.gov>;1589405488;"small C example works. still convergence issue on large dimensions
"
llnl_hiop;01bb7f5328b81256ce8143c866fdeb8432d214a4;rcrutherford <robert.rutherford@pnnl.gov>;1620868562;"Add basic export configuration

modified:   CMakeLists.txt
            Added basic export configuration
            Began to remove hiop_tpl

modified:   cmake/FindHiopCudaLibraries.cmake
            Treating CUDA as a first class language
            Using CMAKE_CUDA_ARCHITECTURES by default

modified:   cmake/HiOpConfig.cmake.in
            Added basic config file input
            Exports RAJA and Umpire configuration

modified:   src/CMakeLists.txt
            Linking against TPLS here instead of hiop_tpl
            Setting CUDA_ARCHITECTURES here for targets

modified:   src/Drivers/nlpMDS_raja_ex4.cpp
            Using sequential Execution policy for the moment

modified:   src/LinAlg/CMakeLists.txt
            Removed linking against TPL as hiop_linalg is an object

modified:   tests/CMakeLists.txt
            Linking against HiOp::HiOp
"
llnl_hiop;01be4790a053149745ca485b440bb98e565b41a1;Nai-Yuan Chiang <chiang7@llnl.gov>;1663959020;"MDS: switch to safe mode when close to convergence (#546)

* create branch; switch to safe mode when close to convergence

* address C's comments

* fix heuristic for sparse linear system

* fix heuristic for sparse linear system

* fix"
llnl_hiop;01c6b60ec65b274a23bb1103f2cdc4a5c420f16e;nychiang <sorakid507@gmail.com>;1605318921;"fix conditional jump or move depends on uninitialised value in MA57
"
llnl_hiop;0217e2fe47be9ab8498cdec9068d893f84057bde;Slaven Peles <peless@ornl.gov>;1684508046;"Created RefactorizationSolver class.
"
llnl_hiop;025af3b71dd9cfb1b4b3e47a011662a0c758459b;Cosmin G. Petra <petra1@llnl.gov>;1694100306;"docs version upped and refs updated
"
llnl_hiop;026bbf011a36177b8e4790604e5d07c546873a15;Cosmin Petra <petra1@llnl.gov>;1577127018;"added general startingAtCopyFromStartingAt method in vector
"
llnl_hiop;0281fbe1da5fb678db0d25786cf88b0bf540bc88;Cosmin G. Petra <petra1@llnl.gov>;1587085375;"Merge branch 'master' into dev/kronNeMDS
"
llnl_hiop;02ab026479cff2e7f8c4dfd104fe7d7c8ccfceab;Juraj Kardos <juraj.kardos@usi.ch>;1564011662;"adding sparse matrix (triplet format), using int not long long in order to be compatible with Ipopt
"
llnl_hiop;02b105e718cc831e5e499ebf98629d19c20654d1;Nai-Yuan Chiang <chiang7@llnl.gov>;1744301674;"Add support to use ipopt to solve constrained problem (#722)

* add support to use ipopt to solve constrainted problem

* fix CI

redisgn IpoptProb

* add authors

* move constraints into Problem class

* update CI"
llnl_hiop;02b823978e5dd8bd2614e9160338f8bbfe731a3b;Cosmin G Petra <petra1@llnl.gov>;1644274009;"relaxed tol and variables/cons (#408)

"
llnl_hiop;032ca51bfc8e2e76724b6917c9b18b778c0da30d;Cosmin G. Petra <petra1@llnl.gov>;1670257963;"reviewers' comments
"
llnl_hiop;033ddf3f34e6959ad605748994367659a95bc020;Cosmin G. Petra <petra1@llnl.gov>;1503354405;"fixed a bug in matTimesVec and inf_norm that were occurring for n_local=0
"
llnl_hiop;036017563f0e132fdde6407ea120a54d093a3079;nychiang <sorakid507@gmail.com>;1682469221;"wrong mpi results
"
llnl_hiop;0365d4b04dc63d1eac1d6e3ca27543bde402dbcf;Tucker Hartland <tucker.hartland@gmail.com>;1762272823;"refactoring for parallel evaluation via an Evaluator object
"
llnl_hiop;038229f94b51f9e8639170019ac5a22b25473881;Cosmin G Petra <petra1@llnl.gov>;1742314998;"HIP implementation logBarrierWeight
"
llnl_hiop;039bd510c0493903651252b4962658f0956d9e5d;Asher Mancinelli <asher.mancinelli@pnnl.gov>;1589127230;"first pass at style guidelines
"
llnl_hiop;039f6e344cd6dd64d88a704a98e0b29d796b2767;fritzgoebel <fritz.goebel@kit.edu>;1659929518;"Amd direct solver (#521)

* Working Ginkgo direct solver on AMD

* fix build failure without ma57

* minor corrections

* Update Ascent CI script to use ginkgo@ea106a945a390a1580baee4648c19ca2b665acdf

* Add ginkgo_exec option to choose the hardware architecture the Ginkgo solver is run on.

* Add tests for CUDA and HIP backends

* Fix typo

* Fix PNNL CI (#526)

* Update marianas variables and add spack.yaml.

* Add debugging lines for failing spack build.

* Fix syntax error.

* Update Newell variables and re-enable CI.

* Fix bugs in newell variables.

Fixup.

* Disable ginkgo+cuda test on Marianas.

* Bugfix test config on marianas.

* Final attempt at disablingng specific tests.

Co-authored-by: Nicholson Koukpaizan <koukpaizannk@ornl.gov>
Co-authored-by: Cameron Rutherford <robert.rutherford@pnnl.gov>"
llnl_hiop;03a9691c96851f7b6a3fe218f514b2a515137648;Frank Wang <wang125@llnl.gov>;1621287521;"update Interfact/CMake
"
llnl_hiop;03aa4ff44e8317d50a8026b857d02b41f3774047;Cosmin G. Petra <petra1@llnl.gov>;1474996770;"fixed some compiler warnings related to conversions from long long to int
"
llnl_hiop;03ad028784ba3c4f6abd72a0effbf868e2c74d58;Cosmin G. Petra <petra1@llnl.gov>;1562013057;"option for disabling the line-search
"
llnl_hiop;03d0a4e5eb13721aadf4dbf468506bf1558c083b;Cosmin G Petra <petra1@llnl.gov>;1652457300;"User option for using (sym)AMD from EIGEN (#470)

* added symamd-eigen option

* guarded EIGEN-specific code and added consistency check"
llnl_hiop;03d705d6781acfa8852368d8cb884c04a2927256;Chumbipuma <chumbipuma1@croagunk.the-lab.llnl.gov>;1750460774;"Add skeleton implementation of NlpDenseConsRajaEx2
"
llnl_hiop;03e7ffc633fc5c36016dcaf360fc14e484b5cb2f;Nai-Yuan Chiang <chiang7@llnl.gov>;1627447963;"fix bug in MDS-FR initialization
"
llnl_hiop;03f660f85114e518e5af9a09d1b0ff6476951b72;Chiang <chiang7@sephiroth.llnl.gov>;1646767930;"generalize IR for compressed system
"
llnl_hiop;04081a8548edef51a4acf6cd2e58d792134c7914;Cosmin G. Petra <petra1@llnl.gov>;1648242296;"fixed review comments
"
llnl_hiop;042ab756935a1045569ca987b20a7d1cd9ce2849;Chiang <chiang7@sephiroth.llnl.gov>;1632866017;"minor editorial changes
"
llnl_hiop;04319a430f45212a3b09650740b9b1c74a7f8864;Slaven Peles <slaven.peles@pnnl.gov>;1583102277;"Added a nontrivial matrix test.
"
llnl_hiop;043c676e18ca405ff272e957b2592e276e29c5ce;Cosmin G. Petra <petra1@llnl.gov>;1474992402;" code builds and runs - this is the version with no filter algorithm implemented
"
llnl_hiop;045bb20f7561594dab982acccef1391e62b4679f;Asher Mancinelli <asher.mancinelli@pnnl.gov>;1590603494;"merge branch unit-tests-fix into dev/unit_tests_rebase_master for small fixes before submitting PR on github
"
llnl_hiop;047123b84694696e192eeee4f90fb0f93cf2891d;Asher Mancinelli <asher.mancinelli@pnnl.gov>;1605729482;"Final updates

* added preliminary CMake fixes

* sparse-develop with RAJA and UMPIRE on summit

* set cmakedefine variable later since we may change it

* fix issues according to Asher's suggestions on 11/23/2020

* minor fix in linear algebra CMake config. (#124)

* minor correction according to Slaven's suggestions

* fix memory leak when using STRUMP
"
llnl_hiop;0483a3b80b8b776390123b487d6bc65a4491b805;Nicholson Koukpaizan <72402802+nkoukpaizan@users.noreply.github.com>;1664551687;"Up-to-date build script for Summit (#550)

* Up-to-date build script for Summit

* spack.yaml file for Summit

* Removed several extra CMake arguments in the Summit script

* Removed deepchecking from hiop Spack configuration for Summit"
llnl_hiop;0498564a443e344e1dd0bad426827163439b716f;Cosmin G Petra <petra1@llnl.gov>;1725837689;"switched to refs; some testing of options-based checkpointing
"
llnl_hiop;049b7ae253dc9550abc04c98f39d02590c21d921;nychiang <sorakid507@gmail.com>;1634072449;"test RAJA scan
"
llnl_hiop;04adcd84db719b6fd058898fde276bb921d5ba02;Cosmin G Petra <petra1@llnl.gov>;1753979408;"Addressing compilation warnings (#738)

* addressing maybe_unused

* fixed warning re: variable length arrays in C++

* finished addressing maybe_unused"
llnl_hiop;04b61f206755125479405dd6ec993a88c13d59b2;shakedregev <35384901+shakedregev@users.noreply.github.com>;1616612773;Updated comments
llnl_hiop;04e9c2c6592e89f3ba26aded9e47e4a092141253;Jorge Alejandro Chumbipuma <chumbipuma1@lassen709.coral.llnl.gov>;1752764810;"Fix: Provide stub shift_elems in hiopVectorCompoundPD; minor style fix in hiopVectorRajaImpl.hpp
"
llnl_hiop;0506d3826cef646ce640257b584ace03cd1a3623;Cosmin G Petra <petra1@llnl.gov>;1726272615;"added metadata
"
llnl_hiop;0509b6d2c3e025de8123f2fa2d6db028441bb046;Cosmin G. Petra <petra1@llnl.gov>;1595279119;"updated documentation and implementation of vector's startingAtCopyFromStartingAt
"
llnl_hiop;0525bb338843401b4bea869083d4957c6fa81dd3;Nai-Yuan Chiang <chiang7@llnl.gov>;1627937931;"Fix the feasibility problem in MDS format (#290)

* add an option to control min step size in LS

* fix bug in MDS-FR initialization

* use exact bound limits in FR problem

* no scaling in FR
"
llnl_hiop;0544ff0197fc6674c7a2873ab239012cd1e5ebd3;Cosmin G Petra <petra1@llnl.gov>;1656605752;"Condensed KKT unified computations (#503)

* added creaters for CSR in Linear Algebra factory

* unified code for condensed KKT

* provided implementation of `check_csr_is_ordered` for CUDA CSR matrices
"
llnl_hiop;05464d1f0083b8055dc2564a81833214f58211af;Cosmin G. Petra <petra1@llnl.gov>;1666195860;"proposed fixes for when sources are not part of a git repo
"
llnl_hiop;054d3fa2ea90fc2cf5f2019c88bbd4c727641820;Chiang <chiang7@sephiroth.llnl.gov>;1626285374;"minor fix
"
llnl_hiop;055461ba11868bcafa5c261263be8e8bfdf924de;Nai-Yuan Chiang <chiang7@llnl.gov>;1627943014;"add HiOp option to control the minimum step size in the line search (#289)

* add an option to control min step size in LS
"
llnl_hiop;055e82ebb0e475ae34fcfb28d55851aaf9e1606e;Cosmin G. Petra <petra1@llnl.gov>;1655937908;"unified code for condensed KKT
"
llnl_hiop;056133ff0f03f6feaa00fd8d6e425e250f417053;Frank Wang <wang125@llnl.gov>;1613967393;"update code to comply with the styling guide
"
llnl_hiop;056e10615e50cb93c9108a31adc34107997ebb6f;Chiang <chiang7@sephiroth.llnl.gov>;1646705248;"fix bugs
"
llnl_hiop;05778edf8fb662597e2014f7ac2a1289a5f345d8;nychiang <sorakid507@gmail.com>;1756927879;"fix bugs
"
llnl_hiop;059afd5d683fe33d818f71c002974529030a4cda;Chiang <chiang7@llnl.gov>;1647084793;"Merge branch 'FR-fix' into ny_local
"
llnl_hiop;059befd1068bc223e1e37cdf57698516f41d223b;Cosmin G. Petra <petra1@llnl.gov>;1617832460;"addresses a couple of small iterms forgotten when releasing 0.4.
"
llnl_hiop;05b757fb62dbfba428af36c8599123b81d2d7566;Nai-Yuan Chiang <chiang7@login1.ascent.olcf.ornl.gov>;1616127502;"tune parameters to fix ex3
"
llnl_hiop;05bb3366d5116cfa63c876b68abeacc71a13e146;Nai-Yuan Chiang <chiang7@llnl.gov>;1654612648;"C/F interface for dense linear algebra with quasi-Newton's method (#487)

* without example

* dense example

* fix errors due to rebase

* add dense example

* update comments

* fix ifdef issues
"
llnl_hiop;05be64658fe75aa5cb5a7b36ac918e01c59f6140;nychiang <sorakid507@gmail.com>;1696628380;"fix mu update
"
llnl_hiop;05c2420f17cf779605590ffd5df462486c549de4;Juraj Kardos <juraj.kardos@usi.ch>;1564520164;"changing the signs according to Nocedal's book
"
llnl_hiop;05d5c027f78ad3fc0a3c8073535e0be9b3919764;Chiang <chiang7@sephiroth.llnl.gov>;1645233401;"add comments
"
llnl_hiop;060eb754a0818a46f957e173f10ee15f038f2a4e;Nai-Yuan Chiang <chiang7@login1.ascent.olcf.ornl.gov>;1623296776;"temp fix RAJA
"
llnl_hiop;06185762879d3e71df7a14de5c71f06f7c71fbc3;Cosmin G. Petra <petra1@llnl.gov>;1590678477;"fixed an incorrect pointer logic in shiftRows
"
llnl_hiop;0646a8f6bd13c0e884fdc51cddd98131e1e380a3;nychiang <sorakid507@gmail.com>;1690442520;"fix typo
"
llnl_hiop;065b3e78485ec7f0c77e8ab2fdbd32ebd87e7b4c;Asher Mancinelli <ashermancinelli@gmail.com>;1631983194;"Add missing limits header
"
llnl_hiop;067b12dac508282217be57bb67e09824cf07b5b7;Nai-Yuan Chiang <chiang7@login2.crusher.olcf.ornl.gov>;1648788990;"fix RAJA implementation, and metis issue
"
llnl_hiop;0685985e59e8263faabf48e23af6f41167551a6e;Frank Wang <wang125@llnl.gov>;1629339963;"fixing a bug and update alpha
"
llnl_hiop;068fb7b35fde2657da118026fd6a764c62059e58;Cosmin G. Petra <petra1@llnl.gov>;1573865160;"cosmetic
"
llnl_hiop;06a7e57745b71b5a01693b9cd47720657b1f47e5;Cosmin G Petra <petra1@llnl.gov>;1671822786;"Build: Cuda without raja  (#579)

* added copy from host vec method in cuda vec and removed it from raja vec

* vector cuda used in cuda csr matrix class

* propagation of vector cuda in the CUDA-based condensed and normal eqns KKT systems"
llnl_hiop;06b729812df40100956136a15fca2d6a4bc1cdbc;Cosmin G. Petra <petra1@llnl.gov>;1642789935;"fixed repeated allocations in MA57 solver class
"
llnl_hiop;06d73a2532f76b493adc313d10f537dc07840391;Juraj Kardos <juraj.kardos@usi.ch>;1564180079;"setting some hiop options
"
llnl_hiop;07001e53b7be21288cf639bb38e270f75351aaf8;Chiang <chiang7@sephiroth.llnl.gov>;1621379006;"fix Raja function
"
llnl_hiop;070646744be0a878666a85d964c7881760b47723;Nai-Yuan Chiang <chiang7@llnl.gov>;1661966919;"Update document (#538)

* create branch; update document

* updated documentation

* add pdf file; change date

Co-authored-by: Cosmin G Petra <petra1@llnl.gov>"
llnl_hiop;07101693b95cf3ce5d695ba669b6b8b2d93d37af;Asher Mancinelli <asher.mancinelli@pnnl.gov>;1607716187;"Removing unneeded vars in ci script
"
llnl_hiop;072671bba36109a5642fb8a10ec31da5f9d1b328;Cosmin G. Petra <petra1@llnl.gov>;1592864091;"fixed memory leaks
"
llnl_hiop;0745ad725da7f16f542574fec599cdc1c55a6af3;nychiang <sorakid507@gmail.com>;1651043005;"print warning msg
"
llnl_hiop;074b8081d9b5589edb43cd2f4c58df5e737cb903;nychiang <sorakid507@gmail.com>;1654811940;"add scripts
"
llnl_hiop;0773fbfafa3a6de2aaa49fd6572a7d7496fce50b;Peles, Slaven <slaven.peles@pnnl.gov>;1602542809;"Merge branch 'raja-ornl-ci-dev' into 'raja-dev'

ORNL CI Fix

See merge request exasgd/solvers/hiop!74"
llnl_hiop;077a3118017df8324480b8796a190ce97e4c6288;Cosmin G. Petra <petra1@llnl.gov>;1536074980;"added sigma0 and sigma_update_strategy options
"
llnl_hiop;0799012da5bba1060434963e9325b1635a8de124;Nicholson Koukpaizan <koukpaizannk@ornl.gov>;1689883929;"Edits to MA57 configuration to test IJEPES reviewer suggestion.
"
llnl_hiop;079ba04ef3dcefcd517ff02b7e8ec0d752a0b360;rcrutherford <robert.rutherford@pnnl.gov>;1622238680;"Using HIOP_NVCC_ARCH as cache setting for CMAKE_CUDA_ARCHITECTURES
"
llnl_hiop;07a457df254d5a8e4a42264cfa6e9e55431cf409;Cosmin G. Petra <petra1@llnl.gov>;1645035436;"updated KKT timing

to better record and disaply  Krylov-related solves
"
llnl_hiop;07b58ff41e9e2f222bf00b9ede1c937fe4aa33cc;Nicholson Koukpaizan <koukpaizannk@ornl.gov>;1663868072;"spack.yaml file for Summit
"
llnl_hiop;07ccc857e31a2bf4630735a4886d891b9e94ae96;Cosmin G. Petra <petra1@llnl.gov>;1612885846;"changed guide on aligning else statements
"
llnl_hiop;07d633a3f7e2b6ac1a7437bde4b1e39c926979a0;nychiang <sorakid507@gmail.com>;1625250180;"use options from the base problem; fix mpi issue
"
llnl_hiop;07f4faa6b5c0787e5e61be514e441f553aca2667;nychiang <sorakid507@gmail.com>;1685659491;"remove safe/forcequick mode selection from quasi-newton solver
"
llnl_hiop;07f53eed8846f37fa42e03a90681c883135040a2;nychiang <sorakid507@gmail.com>;1655754801;"test
"
llnl_hiop;0819c2c392484ad99fbf3f64dec815b8c591e1f5;Asher Mancinelli <asher.mancinelli@pnnl.gov>;1636049895;"still getting a segfault
"
llnl_hiop;081e75c80a07b1717a5ad96b0b741ad33ca89723;Juraj Kardos <juraj.kardos@usi.ch>;1563928086;"updating CMake, adding Ipopt dependency
"
llnl_hiop;0828561a59c32162ab994b32d557f6b864e60a91;George Chumbipuma <gc51@rice.edu>;1753921616;"Add conditional includes and type for MAGMA pivot indices in HessianDiagPlusRowRank
"
llnl_hiop;083914f0f619fe511abfa3c9031c0926e1a0df02;Cosmin G Petra <petra1@llnl.gov>;1649869725;"Update README_developers.md

naming convention for files"
llnl_hiop;085eb8849fb848e838f2f04552e95b97c728685f;Cosmin G Petra <petra1@llnl.gov>;1726088954;"added sidre copy to/from dense matrices
"
llnl_hiop;086285b167a1703dcf493ca282a06227bd8c0b34;kswirydo <kasia.swirydowicz@gmail.com>;1664742302;"Update src/LinAlg/hiopLinSolverSparseCUSOLVER.cpp

Co-authored-by: pelesh <peless@ornl.gov>"
llnl_hiop;0865b42527cec30fafd3992ca3fb3c6fb4ded0fa;Cosmin G Petra <petra1@llnl.gov>;1586236850;"Updated README.md

couple of editorial changes"
llnl_hiop;086bc7738d8169c0da2cf09da5a856e7da787956;Peles, Slaven <slaven.peles@pnnl.gov>;1596063657;"Implemented RAJA-based dense matrix class.
"
llnl_hiop;087074bfb9a0f57ccf22c871edb7226f40510006;Cosmin G Petra <petra1@llnl.gov>;1671411595;"Execution spaces: support for memory backends and execution policies (#543)

* added memory backends specification

* mem backend in RAJA vec

* added Transfer Implementation for Umpire memory backend

* instrumented RAJA vector class to use the new backend

* removed unnecessary const from some testing methods

* implementation of memory backends

* raja vector fully ported to the new abstract backends

* allocators for Cpp and Cuda memory

* Hardware backend in Cuda Csr

* reorg: new directory and names for execution backends

* added cmake files for ExecBackends

* split raja vector into impl .h and cuda .cpp

* close to final design of exec spaces

* blended in mem backends with exec policies backends

* RAJA Exec Policies (cuda, hip) in separate impl .hpp files

* removed hiop_raja_defs.hpp

* renamed exec space member variable, added explicit template instantiations

* test for cuda condensed linear algebra temporary disabled when RAJA is not present

* fixed compilation errors (CUDA without RAJA)

* cuda execution policies: members for block sizes

* changed csr kernels to take block size as arguments (not the whole exec policies class)

* updated documentation and added draft of the new options (+documentation)

* adding openmp raja

* StdCpp mem backend compatible with Umpire ""HOST""

* added HIP implementation vector file

* implemented memory backend for hip

* removed hiopVectorRajaPar

* addressing issues with OpenMP builds

* memory allocators supports array size types as template parameters

* cleaning up LinAlgFactory (name changed)

* implemented memory transfers between Hip and Umpire memory backends

* added install headers for exe backend
"
llnl_hiop;08aae43ce8cdb3a0f595facb1fe8a5e2830bc4f9;Chiang <chiang7@sephiroth.llnl.gov>;1641463796;"reengineer the code
"
llnl_hiop;08b03731caadf8c980c01fc0e3d44e378b72a934;pelesh <peless@ornl.gov>;1653334669;"Fix compilation error when KLU is missing (#480)

* Do not build cusolver-lu when KLU is not found.

* Split options for cuSOLVER Cholesky and LU solvers."
llnl_hiop;08c0d8176ac37f7a8506a8f1795301ddaceaf6a6;nychiang <sorakid507@gmail.com>;1606969625;"use NDEBUG instead of DEBUG
"
llnl_hiop;08d430f20b9afa027a7e1a7d8e22a561836e0ad2;Nai-Yuan Chiang <chiang7@llnl.gov>;1641565066;"Iterative solver --- BiCGStab implementation (#388)

* bicgstab implementation and unit test
"
llnl_hiop;08dda4eee31ba64f783f7dadf776101d3ab12a2d;Cosmin G Petra <petra1@llnl.gov>;1606775942;"final touches

 - replacing M_host with data_host

 - removed double pointers from RajaDense implementation
"
llnl_hiop;08f2e2e81c7c38dd37dc9ef63c00f204c3b5da8c;Cosmin G. Petra <petra1@llnl.gov>;1487698704;"instrumented code with timers and fixed issues reported by valgrind
"
llnl_hiop;091692bc344f77b49f609a1ae4a16dc3dcc280d4;Cameron Rutherford <robert.rutherford@pnnl.gov>;1677818139;Add E4S mirror along with spack mirror
llnl_hiop;09181687ad4a1174b76f7a690a4a398be957860b;Nai-Yuan Chiang <chiang7@llnl.gov>;1649953888;"Hierarchical examples (#420)

* create subfolders

* rename examples

* remove temporary files

* fix cmake files

* fix RAJA issues

* address tab issue in .cpp files

Co-authored-by: Chiang <chiang7@sephiroth.llnl.gov>"
llnl_hiop;0918745a479e1c9b5d76d32242d9e3d01cacbd1a;Cameron Rutherford <cameron.rutherford@me.com>;1608056482;"Vector Tests Consolidation (#141)

Refactor vector unit tests to remove redundancies and test multiple GPU builds configurations.

Co-authored-by: rcrutherford <robert.rutherford@pnnl.gov>
Co-authored-by: Slaven Peles <slaven.peles@pnnl.gov>"
llnl_hiop;09340ce2d1a9c7e3716c5ffc0305f19ce77b4519;Nai-Yuan Chiang <chiang7@llnl.gov>;1637961274;"Gradient scaling on device (#367)

* fix bug in gradient scaling
"
llnl_hiop;0934b3ed687868ec790a86cf3bf8213e78872209;Nai-Yuan Chiang <chiang7@llnl.gov>;1642015774;"Dual update for unconstrained optimization problem (#391)

* fix dual update error for unconstrained problem
"
llnl_hiop;09612ea5acc38a84e8e39ec38e025001c67b6e7e;Cosmin Petra <petra1@llnl.gov>;1574288684;"fully functional DenseLinsys
"
llnl_hiop;099521024506bb982ae019a1cd18a1b5f6ca6fd2;Cosmin G. Petra <petra1@llnl.gov>;1586797975;"modified MDS Ex4 to give corner cases

num sparse vars=0
"
llnl_hiop;09ccfdd0aff7ce9da5ea33212ac4f6ad08f2debb;Cosmin G. Petra <petra1@llnl.gov>;1619744781;"Merge branch 'develop' into linsysduo-dev
"
llnl_hiop;09f3f1a42257fbb19353e92ee65190c6c640d6c2;Chiang <chiang7@sephiroth.llnl.gov>;1634594170;"use RAJA::scan
"
llnl_hiop;0a16054a4aa652f13b3063323939802991884ef7;nychiang <sorakid507@gmail.com>;1654817008;"correct scripts
"
llnl_hiop;0a1ea9380f8e82bb70953532bd78cf29d54ae1fb;Cosmin G. Petra <petra1@llnl.gov>;1589515994;"fixed a bug in KKT perturbation
"
llnl_hiop;0a21b52fc1dee3835955a63eb71b199df98104d4;Cosmin Petra <petra1@llnl.gov>;1583194460;"small / cosmetic
"
llnl_hiop;0a47639500dd3c80217ae3268f42dbca81517531;pelesh <slaven.peles@pnnl.gov>;1596492072;"Minimized logBarrier numerical error with Kahan summation (#68)

Co-authored-by: Jake K Ryan <ryan506@marianas.pnl.gov>"
llnl_hiop;0a67ae9fb3c3f2a2efca484771d2dffa52838225;Peles, Slaven <slaven.peles@pnnl.gov>;1583351215;"Revert ""Merge branch 'dev/ut-mpi' into 'dev/unit_tests'""

This reverts merge request !2"
llnl_hiop;0a6d6b6072f2a00a31e468789f4cb382603b8433;Juraj Kardos <juraj.kardos@usi.ch>;1564180178;"initializing sparse structure, improving new_x logic
"
llnl_hiop;0a7c95838450f4460a55610424587a6dd04e2757;Chiang <chiang7@sephiroth.llnl.gov>;1626312018;"change mem_space to um
"
llnl_hiop;0a7eff9fed56bdf304e581322c2488dcae2bc34f;Juraj Kardos <juraj.kardos@usi.ch>;1564436687;"managing solver output
"
llnl_hiop;0a807cd24eda8a718de6a39fd93587f6dff43fb9;Cosmin G. Petra <petra1@llnl.gov>;1605663761;"interface changed to work with single double pointers
"
llnl_hiop;0a8dc3ca8fb4c7d32074565961ba23de546961b6;Nai-Yuan Chiang <sorakid507@gmail.com>;1670687634;"add comments
"
llnl_hiop;0a907e9cab5b4b9a73d59cf49fdeb49a712b9ea4;Chiang <chiang7@sephiroth.llnl.gov>;1624506813;"update comments
"
llnl_hiop;0abd77bf5bec5038b9df557159645a3953475a02;Cosmin G. Petra <petra1@llnl.gov>;1641250651;"fixed compilation errors
"
llnl_hiop;0ac9371471abc8de403755a96240a51a99d6848c;nychiang <sorakid507@gmail.com>;1650438897;"create branch
"
llnl_hiop;0acf278ebc3021dcbde5fe99f2d31544b8749a16;Chiang <chiang7@sephiroth.llnl.gov>;1624677926;"add unit test
"
llnl_hiop;0ae6882b962f40ee29cb4164b17ec34433ab1e23;rcrutherford <robert.rutherford@pnnl.gov>;1620607436;"Treat CUDA as first class language in CMake

modified:   CMakeLists.txt
            Using CUDA, C and CXX as the project languages
modified:   cmake/FindHiopCudaLibraries.cmake
            Modifying to tread CUDA as first class lang.
"
llnl_hiop;0b60aaaa5953a014b72bed27bcaf41d3f7f0c300;Cosmin G. Petra <petra1@llnl.gov>;1612571805;"updated coding styleguide
"
llnl_hiop;0b839f3ea54a171eb75dc6193246653c69a1734a;Asher Mancinelli <asher.mancinelli@pnnl.gov>;1591122163;"No longer skipping shiftRows test
"
llnl_hiop;0b8869c91a5880fc36d441243c0df0082a34061c;Cosmin G. Petra <petra1@llnl.gov>;1527975934;"logger does not cache the verbosity level anymore in case the user changes the level at runtime.
"
llnl_hiop;0b8edcf418094c776d51967e0ad6d54c3d8c458f;Slaven Peles <peless@ornl.gov>;1684539082;"Move iterative refinement to RefactorizationSolver class.
"
llnl_hiop;0b8efd52f75042cff13a9b478f3ec40462818750;Cosmin G. Petra <petra1@llnl.gov>;1597726218;"Kron reduction objs added to the lib and a missing header was added to headers to be installed
"
llnl_hiop;0bb942c43eb234b7de01c50dd28e56b6bc55ac67;Juraj Kardos <juraj.kardos@usi.ch>;1565642370;"gradient projection onto rectangular box [l,u]
"
llnl_hiop;0bbf840671539eb2cee85f9b3752733feb1393d9;nychiang <sorakid507@gmail.com>;1742701899;"address Cosmin's comments
"
llnl_hiop;0bc2a2f7471bb6177415b546d0d0072129868d50;Mancinelli, Asher J <asher.mancinelli@pnnl.gov>;1600992025;"Integrate Raja/umpire linear algebra with HiOp nonlinear problem formulation
- Works on GPU with UVM only.
- Add RAJA version of Example 4 for verification
"
llnl_hiop;0bd3d8c1b4d6f1363cecfc8dd6fa71603277dd3f;Cosmin G. Petra <petra1@llnl.gov>;1615514392;"updated tech report
"
llnl_hiop;0bf0e0fad77519923b146c1edecf3be8c6a334e4;Cosmin G Petra <petra1@llnl.gov>;1647634090;"CSR interface draft + CPU implementation (#407)

* draft of functionality needed from CSR matrix class

* updated times methods, added add methods

* implemented matrix mult

* implementation of conversion from triplet and triplet transpose

* CSR Matrix CPU kernels implemented

* implementation based on the new CSR matrix class (CPU)

* update of the CSR host matrix class

* removed some output

* added KKT safe mode on/off switching in AlgFilterIPM

* fixed leftover break

* renabled while loop for mu reduction

* Inertia free fix for condensed system (#412)

* fix inertia-free for condensed sys

* fix: singular/non-PD matrix after adding regularization

* updated  KKT timing to better record and display  Krylov-related solves

* updated timers (#431)

* updated KKT timing to better record and display  Krylov-related solves

* fixed missing or incorrect timer start or stop calls"
llnl_hiop;0c117f26d3a8ffd8da50a26ccf2f793957846faa;Asher Mancinelli <asher.mancinelli@pnnl.gov>;1590019323;"removing references to old cmake warnings and options targets
"
llnl_hiop;0c18d6092721a4a9ef0295c7ba75921f89b226aa;Cosmin G Petra <petra1@llnl.gov>;1640041485;"added condensed kkt linsys
"
llnl_hiop;0c1a1850254f12bd32e7e0bb741fa79042800953;rcrutherford <robert.rutherford@pnnl.gov>;1609275802;"Moved getElement to implementation specific files where necessary, and removed unused getMatrixData
"
llnl_hiop;0c1e55f91f05cbfdbcb06423f7240a01b1bf30cc;Cameron Rutherford <cameron.rutherford@me.com>;1731007921;Move openblas into direct package spec
llnl_hiop;0c2229ade7565a363ff532d54cabab632c3096ac;Asher Mancinelli <ashermancinelli@gmail.com>;1634767715;"Update modules for marianas
"
llnl_hiop;0c3154d6152bcf370986f34b453502289bb02c2a;rcrutherford <robert.rutherford@pnnl.gov>;1609276136;"moved getLocalSize into implementation specific tests.
"
llnl_hiop;0c35e7712f8d135e27015cd97ca49c524d896526;nychiang <sorakid507@gmail.com>;1613181776;"gradient scaling for obj, grad, con, Jac and Hes
"
llnl_hiop;0c3783cd4c5aec1996b49e65cdd749829113ee67;Cosmin G. Petra <petra1@llnl.gov>;1491264553;"'selfcheck' commit: adds a automatic checking feature to driver2 for predetermined 'n'.
  - added getters for objective  and primal solution in the solver class
  - added a copyTo (double array) method in the vector class to ease copying from the iterate to user-provided buffer
  - modified the driver to support self-checking
"
llnl_hiop;0c39c70584d751ca3fe4a8d66d7b28dacd5fb07b;nychiang <sorakid507@gmail.com>;1759445957;"fix typo
"
llnl_hiop;0c3f353edc277dbca6d839cfbe7a8ca242a0dd22;Chiang <chiang7@sephiroth.llnl.gov>;1622092897;"add unit test
"
llnl_hiop;0c4eaf6c12be5385553f124b3b7fd464e0a0cd10;Cosmin G Petra <petra1@llnl.gov>;1640027443;"NLP class for relaxing eqs to two-sided ineqs

 - added option for relax factor
 - updated Ex7 to perform a second solve with the new NLP formulation
"
llnl_hiop;0c5f0b21f47d3e0548e93818ff3d95135625e8b9;rcrutherford <robert.rutherford@pnnl.gov>;1608161237;"Removed unused funciton globalToLocalMap in matrixTests.hpp
"
llnl_hiop;0c6c04a2d6d910e344a8247f7939b44bb04d7b06;Cosmin G. Petra <petra1@llnl.gov>;1590294169;"fixed incorrect order of duals update and user NLP evaluation

user's NLP evaluation was called before the duals update (and initialization for the first iteration).
For the first two iterations, the duals sent to 'Hess_Lagr' user NLP callback were uninitialized due to
the pooling/pointers swaps used internally by HiOp to avoid copying current iterate to next iterate.
"
llnl_hiop;0c72bc49b1f6b7b566a0ede3a9bae526cca13349;Frank Wang <wang125@llnl.gov>;1637707776;"fix some bugs
"
llnl_hiop;0c7fb3f16e2ab61d2671b641ff2846d7b397c020;Cosmin G. Petra <petra1@llnl.gov>;1648483979;"updated logic around safe mode in KKT sparse classes
"
llnl_hiop;0c8b09bf33f5acb0f592cbc905cb925a13454195;Slaven Peles <peless@ornl.gov>;1692025245;"Clean up after factorization failure to allow HiOp to set up new matrix objects.
"
llnl_hiop;0c90e148394112bc1ab74609375c11c965f6c8df;rcrutherford <robert.rutherford@pnnl.gov>;1659663625;"Fix syntax error.
"
llnl_hiop;0c910a91a6efe043505eb256a56b0ac486e0524c;Cosmin G Petra <petra1@llnl.gov>;1611880750;"Adapter fix (#181)

* updated Ipopt adapter to work with the newest HiOp interfaces

* fixed timing of inertia and updated some messages

Co-authored-by: nychiang <sorakid507@gmail.com>
"
llnl_hiop;0cb8374aeac2079341d9ed75fd517a3a5f0d250d;Frank Wang <wang125@llnl.gov>;1641344573;"setting default recourse verbose to 1
"
llnl_hiop;0cd92ccc8596e2fe49ea2bce3ebf97b682271923;Cosmin G Petra <petra1@llnl.gov>;1637353274;"replaced int* with hiopVectorInt in PriDec solver (#359)

* replaced int* with hiopVectorInt in PriDec solver

* added linspace method in the int vector

* fixed memory leaks

* RAJA implementations for copy_from_indexes and axpy

* fixed const cast

* guarded MPI specific code
"
llnl_hiop;0cec04677a6e4a11a295051e7546dc12b2499b32;Cosmin G. Petra <petra1@llnl.gov>;1642788990;"Merge branch 'develop' into linalg-maint-dev
"
llnl_hiop;0cf25cecc069c6361937e9f8d3c88cad7472f00c;Nai-Yuan Chiang <chiang7@login1.ascent.olcf.ornl.gov>;1647424480;"add support to raja functions
"
llnl_hiop;0d056dad1535eed57caa6c4989d45233ddda4f16;Cosmin G. Petra <petra1@llnl.gov>;1662567255;"added cmake files for ExecBackends
"
llnl_hiop;0d118f37e43326d7ce750cafd592f7aed48ab7fb;rcrutherford <robert.rutherford@pnnl.gov>;1676061590;"Remove lines missed in refactoring.
"
llnl_hiop;0d1483b260fd0b0a89ca78080d52864912635966;Cosmin G. Petra <petra1@llnl.gov>;1475113613;"a sweep over the filter algorithm class
  - added iteration output function
  - renamed some of the members for better readibility within the file
  - performed interface changes to other classes to support algorithm implementation
"
llnl_hiop;0d2a51a27bfebf247d8fffd15e5d2274f0e7f710;Cosmin G. Petra <petra1@llnl.gov>;1482189042;"added a copyFrom method that copies from a c array
"
llnl_hiop;0d2e56d7e757b91cba7a8ac7bd2063b8f39fc51a;Juraj Kardos <juraj.kardos@usi.ch>;1565393056;"polishing output and verbosity lvl, dumping iterates and residuals to files
"
llnl_hiop;0d2eb35578712a7c2e9f5b0bec13ef693e1c6f53;Cosmin G. Petra <petra1@llnl.gov>;1652654842;"added form transpose for csr from csr
"
llnl_hiop;0d2fceca8ded395b2054716d68d4cd00c022d93d;Cosmin G. Petra <petra1@llnl.gov>;1649951418;"fixed spacing
"
llnl_hiop;0d345ab308bbb6e9d2be8fcbca0ba71edf012c3f;Cosmin G. Petra <petra1@llnl.gov>;1625842729;"cosmetics
"
llnl_hiop;0d47d223938526fe15cafa7c2cc314a797cb3974;Asher Mancinelli <ashermancinelli@gmail.com>;1622852288;"Update intvector interface to mimic hiopVector
"
llnl_hiop;0d53cc5c314f033bac264b40f3da595ff0e0f9d4;nychiang <sorakid507@gmail.com>;1691183535;"rephrase the description
"
llnl_hiop;0d75e940672fb2b0b50e34a76bd8ccc6a80e58e9;Fritz Goebel <fritz.goebel@kit.edu>;1659691887;"Add tests for CUDA and HIP backends
"
llnl_hiop;0d7e8edf5cfc4723b696fc31086729dc3a062390;Tucker Hartland <tucker.hartland@gmail.com>;1751471407;"version change and more descriptive variable name for objective evaluator in anticipation of adding other evaluators
"
llnl_hiop;0d8412a6ffa1412f43110e312fa4d277e7f63505;Cosmin G. Petra <petra1@llnl.gov>;1589304640;"bug fixing - InertiaCorrection

Hessian inertia correction works for XDYcYD
"
llnl_hiop;0d959e9f6b0b3642fe755a5682651aa2283db2ce;Cameron Rutherford <robert.rutherford@pnnl.gov>;1677821541;Use relative instead of absolute paths
llnl_hiop;0dac4118704ca0e30e16528e062b95d267fc981c;Asher Mancinelli <asher.mancinelli@pnnl.gov>;1609265292;"fixing pipeline
"
llnl_hiop;0db8d13f2b508599f03b51022950ebc1d907d390;Tucker Hartland <tucker.hartland@gmail.com>;1762214978;"removing experimental change. if max bnb iterations reached return best point found thus far
"
llnl_hiop;0dcb824321ad1ef790ff345a6fd215e129b01d5a;Cosmin G. Petra <petra1@llnl.gov>;1662154750;"implementation of memory backends
"
llnl_hiop;0ddfa6488bc9597c4fed503267f4400706d916f8;Cosmin G. Petra <petra1@llnl.gov>;1595117524;"fixed bug in IpoptHiOp nlp mds interface
"
llnl_hiop;0deaaf14135e68d089fe80ba7af13bd9c8fa1984;Tucker Hartland <tucker.hartland@gmail.com>;1746726442;"using the if __name__ == __main__ convention as this is good for organization and important as mpi4py uses this to determine whether a process is root or a worker
"
llnl_hiop;0e01eee314d2af52c4936aee3bf8caff0f1ed80f;nychiang <sorakid507@gmail.com>;1692818983;"try to fix the CI tests on github
"
llnl_hiop;0e15c542700c93b18a533f150152802f41f5b024;Frank Wang <wang125@llnl.gov>;1617940127;"reducing ex9 test size
"
llnl_hiop;0e194b7069dca0583b04b837e121b3da3aaf5c8c;Chiang <chiang7@sephiroth.llnl.gov>;1624658379;"add RAJA setSubmatrixToConstantDiag_w_rowpattern and setSubmatrixToConstantDiag_w_colpattern
"
llnl_hiop;0e1a0af1c514bf984bdbfaa8c8f918d47a2b59ae;Cosmin Petra <petra1@llnl.gov>;1574471481;"added copyFromStarting for src=double*
"
llnl_hiop;0e1c4d75c272c8d231f65acfcbedcf7c38e9e416;Cosmin G. Petra <petra1@llnl.gov>;1648572376;"removed PROPERTIES LANGUAGE CUDA
"
llnl_hiop;0e21a81bc58e8f1f6f3955731e5637d18f3b99e5;Asher Mancinelli <asher.mancinelli@pnnl.gov>;1635542839;"cleaned up
"
llnl_hiop;0e310175bc9e1ebfe56592a614bc7ba667a3e5f6;nychiang <sorakid507@gmail.com>;1601508936;"remove hard-coded path from CMake file
"
llnl_hiop;0e4039824115434989c73219ce53662035fcd678;nychiang <sorakid507@gmail.com>;1666026179;"create branch; fix mds raja example for raja+omp
"
llnl_hiop;0e428f532991f81ea4477e4684aced50b861cfe3;Cosmin G Petra <petra1@llnl.gov>;1724869847;"fixed compilation issues
"
llnl_hiop;0e5743c21d67524cf637f339e2ff90532da9be62;Cosmin G. Petra <petra1@llnl.gov>;1585084026;"updated README with UMFPACK related intructions
"
llnl_hiop;0e718acb13d56107dca7526ed4ac53833dff1ec3;nychiang <sorakid507@gmail.com>;1606860684;"support distributed (MPI) vectors
"
llnl_hiop;0e8488d304b27e731b770c2a6bb5ceefcf110c15;Slaven Peles <peless@ornl.gov>;1647366235;"Update naming conventions to be more descriptive.
"
llnl_hiop;0eb5bb2ece604032128bea06d97a4a61bfac1ba4;Cosmin G. Petra <petra1@llnl.gov>;1480549856;"this algorithm class now uses instances of hiopLogBarProblem to incapsulate operations specific to log-bar subproblems.
"
llnl_hiop;0ebc8c2f2ba78771824ac0422b68dad29e9466bf;Cosmin G. Petra <petra1@llnl.gov>;1573505163;"clean up
"
llnl_hiop;0eeed43e0d16a29f5df4440b2c23b5727b9f50fa;Cosmin Petra <petra1@llnl.gov>;1607973160;"inertia computation on the device (nopiv class)
"
llnl_hiop;0ef2251bc519adbe47bdaf12f4a39fcfb030e4db;Frank Wang <wang125@llnl.gov>;1613601860;"fixing styling issues
"
llnl_hiop;0ef342695ad2bb1ea3a4011c748861345e3ae6c5;Cosmin G. Petra <petra1@llnl.gov>;1480549582;"added interface+functionality for linear damping terms in the vector class
"
llnl_hiop;0ef67ab29a480415077746688e373683a2ba80be;Cosmin G. Petra <petra1@llnl.gov>;1631220608;"added memory address umpire info

updated documentation for ex4_raja
"
llnl_hiop;0f05932e6185b88c0e470889439c65b92f9e52bd;Cosmin G. Petra <petra1@llnl.gov>;1596560486;"fixed issues due to Linear Algebra refactoring

Headers added by the refactorizing were not installed

Updated matrix classes names in a couple of places
"
llnl_hiop;0f081c1103465bc7f888432a6fbce8cf22e2f133;Chiang <chiang7@sephiroth.llnl.gov>;1626332262;"update
"
llnl_hiop;0f20a9824b4d8d19f0c0e667c4b911c67d8212ee;Slaven Peles <peless@ornl.gov>;1647298439;"Removing obsolete 'fake inertia' calls from cuSOLVER interface.
"
llnl_hiop;0f331f5a98f47738e715a78df43bc728ee63d207;kswirydo <kasia.swirydowicz@gmail.com>;1630556109;"Merge branch 'cusolver-rebase-dev' of https://github.com/LLNL/hiop into cusolver-rebase-dev
"
llnl_hiop;0f62523cc8c7c9d4ccf7f1310b49769ad9b5c449;Mancinelli, Asher J <asher.mancinelli@pnnl.gov>;1585259137;"Add CI for HiOp

Added, configured and tested CI pipeline for HiOp. Tests run on Newell and Marianas.
"
llnl_hiop;0f70c05e61d44d80ca0b401950f6e006cedd31fe;Cosmin G Petra <petra1@llnl.gov>;1639784029;"fixed bug related to uninitialized counter
"
llnl_hiop;0f76a92ccbdfd771b4f95267952d624daa233426;Cosmin G. Petra <petra1@llnl.gov>;1680289599;"removed Wait
"
llnl_hiop;0f857174c1dddb0f1cf73c83c893922b6c28e57c;Cosmin G. Petra <petra1@llnl.gov>;1647990723;"formatting and codestyle
"
llnl_hiop;0f874d8c37c7843f566e71a4456381f33b259190;nychiang <sorakid507@gmail.com>;1651085107;"correct option settings for MDS
"
llnl_hiop;0f87bbe33f16d84fa502e2de6b1cc0adcf34c5b4;nychiang <sorakid507@gmail.com>;1662673127;"enable IR in soft FR
"
llnl_hiop;0fb2d2ba735bd9a3e0d90fa3d48b3b5a8cfc23e0;Cosmin G Petra <cosminpwork@gmail.com>;1513565865;updated the copyright links
llnl_hiop;0ff01ba8719e7fe0f70fdafcf9412a6057449f14;nychiang <sorakid507@gmail.com>;1654282128;"fix ifdef issues
"
llnl_hiop;100d08b7a94b593b24ef18ae7e0c94c74a8dbdd2;Tucker Hartland <tucker.hartland@gmail.com>;1752679341;"renaming MPIEvaluatorCI to EvaluatorCI since (for now) the file does not explicitly test an MPI evaluator
"
llnl_hiop;100e484513ca7e943ac582423f076b6e88eeb565;Jun Kudo <kudo4@llnl.gov>;1517192968;"Add CMake FortranCInterface to detect Fortran name mangling
"
llnl_hiop;107bfd4d4056f18c53cd1210fb4f3054f807a7e6;Nai-Yuan Chiang <chiang7@llnl.gov>;1661785357;"Callback function that returns host array --- another method (#535)


Co-authored-by: Cosmin G Petra <petra1@llnl.gov>"
llnl_hiop;107cab025a00c427c42a51a14ef1f97ae558328c;Chiang <chiang7@sephiroth.llnl.gov>;1623266999;"use new index types from PR242
"
llnl_hiop;108f72f32ac7becb36233bc04b4cea38db25f646;Chiang <chiang7@sephiroth.llnl.gov>;1624482452;"add RAJA copyDiagMatrixToSubblock and copyDiagMatrixToSubblock_w_pattern
"
llnl_hiop;1095d96629643a29c4698662cd4bfeb5536b2e87;nychiang <sorakid507@gmail.com>;1613181776;"gradient scaling for obj, grad, con, Jac and Hes
"
llnl_hiop;10b023b8df99e28c0de0f227577d275f8a3655ea;Cosmin G Petra <petra1@llnl.gov>;1752523877;"added dual regularization for quasi-Newton
"
llnl_hiop;10b1ce64b155036ff3ba72c2b6781fdfa0e37632;Cosmin G. Petra <petra1@llnl.gov>;1587000628;"(small) bug fixing
"
llnl_hiop;10b7d3ee0a15cb4949ccee8c905d447b9528794f;Cosmin G Petra <petra1@llnl.gov>;1694110967;"release 1.0 (#660)

* docs version upped and refs updated

* change log and upped version"
llnl_hiop;10c4557d488f942eb21754b587060cfa694ca506;nychiang <sorakid507@gmail.com>;1659477411;"update cmakelist
"
llnl_hiop;10d36156be9de6c07d193ec8163997cb2f7618ff;Cosmin G. Petra <petra1@llnl.gov>;1591499835;"improved documentation in hiopMatrix
"
llnl_hiop;10ddd7421028e95e12b7b2150376df9b1609d804;Cosmin Petra <petra1@llnl.gov>;1574471883;"fixed a bug in the calculation of compressed XDYcYd KKT residuals
"
llnl_hiop;10e414df98c1db24c3d1ba5b66b08bd8345743db;Cosmin G. Petra <petra1@llnl.gov>;1675106171;"added methods for copying to/from seq vector int
"
llnl_hiop;10e5e5d47d3c892f4f7a51784c45a0b1845520de;Joey Pate <pate7@llnl.gov>;1680893185;"Fix Assignment Typo in hiopMatrixSparseCsrCuda.cpp

This PR patches a type on line 157 of hiopMatrixSparseCsrCuda.cpp. The typo was an extra equals sign in a variable assignment which caused the assignment to act as a comparison instead.

Issue: #611
"
llnl_hiop;10f4bd617744cecfcd0bbc45a9c205eb50458930;Slaven Peles <slaven.peles@pnnl.gov>;1630534118;"Add STRUMPACK module to Ascent tests, CMake fix for CUDA
"
llnl_hiop;110db68d9cc1b422cf5ee3114f3aabef09cf92c6;rcrutherford <robert.rutherford@pnnl.gov>;1607463413;"Made vector test into a template for different vector testing classes.
"
llnl_hiop;11103bdfa97a09af7809a5df475498f0f4f137bd;Asher Mancinelli <asher.mancinelli@pnnl.gov>;1587843377;"changed cases to match cosmins existing code
"
llnl_hiop;1110556ebbf1881c946d3f23380152936fc5a312;Nicholson Koukpaizan <koukpaizannk@ornl.gov>;1604609799;"Edits to use the HIP backend
"
llnl_hiop;111181d35b9cea2894063a08e1398a3c36d8202e;Chiang <chiang7@sephiroth.llnl.gov>;1624509829;"add unit test
"
llnl_hiop;1148c817612e337cd378c8d8015c5551c5ceb879;Cosmin G. Petra <petra1@llnl.gov>;1632755888;"Merge branch 'user-guide-fix' into develop
"
llnl_hiop;1162842bb3e7979a40bc2f6fa8ebb810644f3793;nychiang <sorakid507@gmail.com>;1605729712;"fix cmake files for lapack and magma
"
llnl_hiop;117d4c8d6d47a060ceec2d07876cd2d0add5730d;Cosmin G. Petra <petra1@llnl.gov>;1636569870;"fixed const cast
"
llnl_hiop;11a9580ced4f9c98260f76322018437457893380;Cosmin G. Petra <petra1@llnl.gov>;1593107003;"KKT system instrumented with timing and full reporting
"
llnl_hiop;11b149d2c3099d421e51c2208d697cd46349d3d9;Cameron Rutherford <cameron.rutherford@me.com>;1734385575;Add spack install instructions to README.md
llnl_hiop;11b2638210cb09d2109fcfc636f7174b68ecd8ba;Cameron Rutherford <robert.rutherford@pnnl.gov>;1664311803;"Update .gitlab-ci.yml (#551)

"
llnl_hiop;11b7f5bde27b5ef676e95f0acafbefa71a5e4006;Cosmin G. Petra <petra1@llnl.gov>;1671477207;"added copy from host vec method in cuda vec and removed it from raja vec
"
llnl_hiop;11c363fa5ded7c78827de15896cbab30151914d0;Cosmin G. Petra <petra1@llnl.gov>;1587000673;"added const getters for the internal sparse representation members
"
llnl_hiop;11cdf2f13fcb41af0c6abdcc299be7d188985e21;nychiang <sorakid507@gmail.com>;1655796206;"create branch, without unit test
"
llnl_hiop;11d01229168c96c28af8f33f25a3e738eed0a132;rcrutherford <robert.rutherford@pnnl.gov>;1654062877;"Update Newell Variables
"
llnl_hiop;11e33684354432a8367a6545dc80c527b075d66e;Cosmin G. Petra <petra1@llnl.gov>;1537378484;"fixed a bug in the memcpy of the solution to the user's buffer
"
llnl_hiop;11eb956673578f59510999153a667d00502f69f1;Cosmin G Petra <petra1@llnl.gov>;1648748840;"support for different LSQ linear solvers. (#441)

* added support for using different LSQ linear solvers."
llnl_hiop;1217691c10b863dbd26c3c0dcfc1ece75e26f3ee;nychiang <sorakid507@gmail.com>;1759448048;"use slurm in ctest
"
llnl_hiop;12180704e5185604892fb19197c385db846fc666;ryan.danehy@pnnl.gov <dane678@we45149.pnl.gov>;1691537783;"Attempt 4 at Getting pipeline status to show up
"
llnl_hiop;121d919a875f07b401611c58608a8e8d8829738e;Chiang <chiang7@sephiroth.llnl.gov>;1621042286;"fix bugs
"
llnl_hiop;1228124c2ce9f3eff3f0f71df4170d7bf09357d4;Chiang <chiang7@sephiroth.llnl.gov>;1627933752;"use index_type and size_type in class RowStartsInfo
"
llnl_hiop;122f39f5de6499a7be17616828a58115dd26db56;Frank Wang <wang125@llnl.gov>;1642786953;"deleting for loops
"
llnl_hiop;127d5e69975ee19c5bad83f78da37b5d50d23af8;Juraj Kardos <juraj.kardos@usi.ch>;1565043499;"minor reformatting of the output messages
"
llnl_hiop;1285c23422e0239823b040466b56acd6ae5fbf44;nychiang <sorakid507@gmail.com>;1654213170;"minor edit
"
llnl_hiop;12876947db9766bb900cc3bf0938e421316551dd;Cosmin G Petra <petra1@llnl.gov>;1603151702;"Merge pull request #88 from LLNL/raja-dev

Portable (CPU and GPU) implementation using Umpire and RAJA libraries"
llnl_hiop;128a283056443500af905c05543a08b386eca7b3;Cosmin Petra <petra1@llnl.gov>;1574471814;"implemented in Algorithm and NlpFormulation wrappers for Hessian evaluations
"
llnl_hiop;128a7a0f8166ebcdd7f9cf1ffb28ed3e7f080482;Cosmin G. Petra <petra1@llnl.gov>;1482865962;"fixed a couple of bugs in related to updating BFGS internal representation when the maximum secant memory is reached.
"
llnl_hiop;12b43b7187249081fd2370cc16208f6ca9d67067;Cosmin G Petra <petra1@llnl.gov>;1639781755;"cleaned NLP formulation base class
"
llnl_hiop;12c728d1c7f092194d0d93f8a791ab107ff67b16;Nai-Yuan Chiang <chiang7@llnl.gov>;1642116869;"Address some warnings reported by the c++ compilers (#393)

* replace `long long` with `hiop::index_type`

* remove useless comments

"
llnl_hiop;12ca1b38e7a5f4237adf025d3db212482527a567;Mancinelli, Asher J <asher.mancinelli@pnnl.gov>;1594831557;"Merge branch 'linalg-factory-dev' into 'matrix-interface-dev'

Add linear algebra factory class

See merge request exasgd/solvers/hiop!34"
llnl_hiop;12d239fb569c38711b4d5dd79e5463e16c3b9765;Asher Mancinelli <ashermancinelli@gmail.com>;1623268337;"Use updated naming conventions for hiopVectorInt
"
llnl_hiop;12db66cf0e73036b24fb3c55dc1b33afe1af5539;rcrutherford <robert.rutherford@pnnl.gov>;1608165015;"Implemented template testing function for all matrix tests.
"
llnl_hiop;12e948cecc50d8397ab4c1afe7f8ceb6e4190130;Asher Mancinelli <asher.mancinelli@pnnl.gov>;1620683931;"CMake refactor (#226)

* Use cmake macro for library components

* Use hiop_tpl instead of hiop_math

* Remove incorrect path to configured header

* More clearly order the add_subdirectory calls in src

* Remove legacy cmake logic for drivers

* Move drivers to end of src/cmake file"
llnl_hiop;12ebd655d5a0ae032584da3d5744fe8ee6beb10d;Tucker Hartland <tucker.hartland@gmail.com>;1752507597;"proper indentation
"
llnl_hiop;12f562840429300183e65d3a7bd36166ddb159e9;rcrutherford <robert.rutherford@pnnl.gov>;1606956213;"Added checking for use of MPI when setting testing commands.
"
llnl_hiop;1309f26218410c62d64b588c3809ec8650639b6a;Cosmin G. Petra <petra1@llnl.gov>;1480111740;"documented the files a bit
"
llnl_hiop;130d57fa3335f01759678900ba110d340d5d3e2a;Nai-Yuan Chiang <chiang7@llnl.gov>;1641510835;"Iterative solver --- PCG implementation (#384)

* pcg solver and unit test

* add RAJA unit test on device

Co-authored-by: Chiang <chiang7@sephiroth.llnl.gov>
Co-authored-by: Cosmin G. Petra <petra1@llnl.gov>"
llnl_hiop;131039fbc1d9d3e3bdc63d5c3ff7ceaf757734b9;Cosmin G Petra <petra1@llnl.gov>;1657558463;"Fix for speculative mode for MDS (#516)

* fix for speculative mode for MDS"
llnl_hiop;13531a8842c60e376ec0040d4311e21bceab4596;Juraj Kardos <juraj.kardos@usi.ch>;1565714206;"scaling of the dual infeasibility by the average of the duals
"
llnl_hiop;1360688541ef9b4199772ab9d6b28ad9bb346d20;Asher Mancinelli <asher.mancinelli@pnnl.gov>;1609282813;"Fixed syntax in yml
"
llnl_hiop;1366b03a64ad24f364e9fc2b607675af7afcea0f;Cosmin G. Petra <petra1@llnl.gov>;1573086368;"mixed sparse-dense matrix
"
llnl_hiop;1375f697eb771d5eabe3d1023426f95052f66659;Cosmin G. Petra <petra1@llnl.gov>;1543853051;"redefaulted obj scale to 1
"
llnl_hiop;138a609e4323994b239e6c9960cafb7273570bbe;Cameron Rutherford <cameron.rutherford@me.com>;1621011442;"Removing hard-coded seq. exec policy
"
llnl_hiop;138cca14eebb73beb4e5eb97f491cedd73db5b39;Tucker Hartland <tucker.hartland@gmail.com>;1756915145;"bug fixes
"
llnl_hiop;139d5efabac7161807ca611e082aac5853bd0867;Cosmin G. Petra <petra1@llnl.gov>;1623188156;"compilation warnings and compilation
"
llnl_hiop;13d4544775376e47458659d24c49d906010b3fcc;nychiang <sorakid507@gmail.com>;1657677708;"fix
"
llnl_hiop;13dafc5e3859339da2be9228aea74c7f4587aa6f;Asher Mancinelli <asher.mancinelli@pnnl.gov>;1591317810;"Resolving warnings and memory leaks
"
llnl_hiop;14330803895731b58f8705b5dcc6d3154ad26ab4;Cosmin G. Petra <petra1@llnl.gov>;1482188903;"synced driver  to the matrix interface
"
llnl_hiop;14399a979989237f665d8f643bfbc3e19b92f835;Nai-Yuan Chiang <chiang7@llnl.gov>;1690838829;"add mpi unit test for ex4 (#644)

"
llnl_hiop;144d4d152ac223223dbb5e1916c18bc73b97de13;Jingyi Wang <wang125@lassen709.coral.llnl.gov>;1604422153;"adding simple parallelization to Ex8
"
llnl_hiop;14565b41af699167cc395714d6061885c7801e8d;nychiang <sorakid507@gmail.com>;1665445432;"update
"
llnl_hiop;14680b1fb485792d3e860e0c602af5f203fca176;Nai-Yuan Chiang <chiang7@llnl.gov>;1646849076;"add sparse example 10 (#419)

Co-authored-by: Chiang <chiang7@sephiroth.llnl.gov>"
llnl_hiop;146ac59d2de16a8cfc4109b1ed0f9aab24928117;Cosmin G. Petra <petra1@llnl.gov>;1536956926;"removed constness for some pointers
"
llnl_hiop;146df2ccd11abf24298d6ea130252f0441b33656;Jingyi Wang <wang125@lassen708.coral.llnl.gov>;1605398331;"asynchronous contingency mpi update 1
"
llnl_hiop;14797b410d039089ce50038d919530c92b860482;Nai-Yuan Chiang <chiang7@login1.ascent.olcf.ornl.gov>;1670691455;"fix
"
llnl_hiop;14860134ad28aced716f9ec5f3fa6de42f4e28fa;Cosmin Petra <petra1@llnl.gov>;1583364818;Updated plan.md
llnl_hiop;14967d5a85a1c22d1b4666546ab02d05adf725b2;Chiang <chiang7@sephiroth.llnl.gov>;1623223691;"create branch
"
llnl_hiop;1497b63748d6096cc5156e55816deaca89a1d1fb;Cosmin G. Petra <petra1@llnl.gov>;1653065789;"updated user warning messages and remove unnecessary comments
"
llnl_hiop;14a243c92d34a741e1d1eb4665ea1e2a725070b7;Cosmin G Petra <petra1@llnl.gov>;1741200957;"wrapper for WeiInProd wrapper in NlpFormulation
"
llnl_hiop;14b2184506e45f029201592d551ec2e2894511cc;Cosmin G Petra <petra1@llnl.gov>;1741043206;"interface draft
"
llnl_hiop;14b33a3fbf15e534a8262dbd9a3c4ee2b2cace0d;rcrutherford <robert.rutherford@pnnl.gov>;1630648154;"Finalize for shared and static config.
"
llnl_hiop;14c185b8374fe4bb7a17438a49865c82e2a7d446;Cosmin G. Petra <petra1@llnl.gov>;1480446583;"instrumentation of the optimization code to use the logger
"
llnl_hiop;14c87dfa119d34419dbf0dd8965504435de069bd;rcrutherford <robert.rutherford@pnnl.gov>;1607559309;"Added getLocalDataConst method.
"
llnl_hiop;14cf1186570e74e6cf3f0edaa57c8fb5c9fba475;Chiang <chiang7@sephiroth.llnl.gov>;1621385232;"minor fix due to rebasing
"
llnl_hiop;14d4ce70a91eaac68833bb2756b7235c1754e03c;Juraj Kardos <juraj.kardos@usi.ch>;1563986915;"minor improvements
"
llnl_hiop;14e191147c2bb2a547ce0878a12252c5568761b8;Cameron Rutherford <robert.rutherford@pnnl.gov>;1677819278;Trying Ubuntu 20.04
llnl_hiop;14f9157b62045044bcf2901e45baa256a0c9ea15;nychiang <sorakid507@gmail.com>;1683139326;"add deepcheck
"
llnl_hiop;1536446f058043ee3738530a9faba6a6af7a0cea;Chiang <chiang7@sephiroth.llnl.gov>;1643763339;"create branch; add sparse examples
"
llnl_hiop;1541d74f6312225e854c68e8351aa2fdfc75a102;Cosmin G Petra <cosminpwork@gmail.com>;1513557367;formated COPYRIGHT
llnl_hiop;1598e6d354e55d1e4f7fb1a911e717a8f182b431;Cosmin G Petra <petra1@llnl.gov>;1614018235;"Merge d757ea36fbf2ef39bc622a513b42fdfa54c97244 into 9eb026768bc5e0a2c1293d0487cc39913001ae19
"
llnl_hiop;159f5ba9d67d1797cd4d2993d912f955d3baf1a8;Tucker Hartland <tucker.hartland@gmail.com>;1756499989;"fiing capitalization
"
llnl_hiop;15a210e1de6f44bdb298565d8a050972a1173bd5;Cosmin G. Petra <petra1@llnl.gov>;1573256211;"added block diagonal MDS matrix and updated the interface and NLP formulation
"
llnl_hiop;15a8f0bbe4059a74f76a10408ef075084f5d8541;Cosmin G Petra <petra1@llnl.gov>;1752531730;"derivative checker  (#731)

* gradient finite differencing

* updated gradient error output

* generic perturbation - update of hiopVector get_elem set_elem

* added fd for RAJA

* get set elem for vec for CUDA and HIP

* fixed bugs cuda and hip

* compilation errors

* added tests for vector set_elem and get_elem

* misc bug fixes

* fixing umpire error

* addtl workaround UMPIRE issues with not recognizing its own allocated memory

* finalized output for gradient

* added disabler of NLP transformations to make it easier to call user provided functions

* Jacobian working

* updated options info

* fixed inaacuracy in option description

* reorganized nlp transforms; updated and reformated some warning messages

* fixed bugs and consolidated code related to nlp transformations

* fixed compilation error for non-mpi

* Hessian methods: EOD

* Derivative check for Hessian of object

* left note and todo about second order derivatives

* fix ci (#735)

---------

Co-authored-by: Nai-Yuan Chiang <chiang7@llnl.gov>"
llnl_hiop;15b3fec3d428a5f8af037e62f2bd4101e1d2ebb9;Asher Mancinelli <asher.mancinelli@pnnl.gov>;1589907141;"no modules loaded in default build
"
llnl_hiop;15c438ffd70ae03cff589d1e75cdfbf164f31d4f;rcrutherford <robert.rutherford@pnnl.gov>;1607024125;"Defined verifyAnswer in vectorTests.hpp.
"
llnl_hiop;15c9fc1d815f245e9769470be77bd1cecb433f31;Cosmin G. Petra <petra1@llnl.gov>;1757533440;"updated change log
"
llnl_hiop;15e26f580faf4fe161b4f0aa0f05a6dee19cfdb7;nychiang <sorakid507@gmail.com>;1660874800;"re-engineer hiopFactAcceptor and build_kkt_matrix
"
llnl_hiop;15e62e7f0dcef8d0cf5bf57cdcff453d7b85917c;Cosmin G. Petra <petra1@llnl.gov>;1652971408;"new filenames propagated in the source code
"
llnl_hiop;15ea71ad146f8c33c7d5360239941b5e86b47441;Juraj Kardos <juraj.kardos@usi.ch>;1564619266;"multiple inheritance of AugLagrAdapter - Ipopt and hiop
"
llnl_hiop;15ed6d87bdb5b47687dd336019845e3bc69bcefd;nychiang <sorakid507@gmail.com>;1742588627;"update some parameters
"
llnl_hiop;15f371db243fd01f9b3171f59e9fd5cea6941b89;Cosmin G. Petra <petra1@llnl.gov>;1612570489;"fixed a misplaced option reset instruction
"
llnl_hiop;15fecf1e9706a5c071b057ba9e8668fa8a020ff3;Cosmin G. Petra <petra1@llnl.gov>;1648741689;"helper alloc function to contain repetitive code
"
llnl_hiop;161e38fc431c7b6bc1849cec644705853ad9f704;Cosmin Petra <petra1@llnl.gov>;1583194249;"matrix mult -> sparse with dense
"
llnl_hiop;162319e46ca105b7494fd72a54ad9e543f04470f;Asher Mancinelli <asher.mancinelli@pnnl.gov>;1593192285;"boosting required cmake version to 3.12
"
llnl_hiop;164fb4efa3d3913a01ac96eb399517362014a49c;nychiang <sorakid507@gmail.com>;1665785356;"fix RAJA code
"
llnl_hiop;165e8b9ddb4aadd8ec3d9261f880ea2929b1bbc1;Cosmin G. Petra <petra1@llnl.gov>;1656606072;"Merge branch 'develop' into ma57-csrinput-dev
"
llnl_hiop;167c5f83b856dea567b0b04a3274f6dd775b2d2b;Cosmin G Petra <petra1@llnl.gov>;1739225545;Update README.md
llnl_hiop;1684a5b587c6ba80be6c9fa59e1d831fad091e19;Cosmin G. Petra <petra1@llnl.gov>;1623191028;"formatting with C++ stream to take advantage of overloading
"
llnl_hiop;16a9a2643875f2ab83e846af9179ad57a297194f;Cosmin G Petra <petra1@llnl.gov>;1655830352;" sparse gemm/multiply (#493)

symbolic matrix multiplication cuda

numeric sparse gemm csr cuda implementation"
llnl_hiop;16c70adebf5c1051d3d88e67037506cafa4cffb7;Slaven Peles <slaven.peles@pnnl.gov>;1602226781;"Fix test call for Example 5 in CMake.
"
llnl_hiop;16cb653988a96188795536b796846bfa18bc5fa1;Asher Mancinelli <asher.mancinelli@pnnl.gov>;1602532689;"adding @ryu suggestions to ci script
"
llnl_hiop;16f0c2cc9bf0aca580de422eb523cbabe0e11aa6;rcrutherford <robert.rutherford@pnnl.gov>;1607202608;"Fixed implementation for copyRowsFrom in hiopMatrixRajaSparseTriplet.cpp
"
llnl_hiop;16f53636eb6a0fe0a2ffba4e9bdd824d1a9b3ef3;Asher Mancinelli <asher.mancinelli@pnnl.gov>;1594848954;"finalizing correct member var naming conventions
"
llnl_hiop;17109daf2498a9b3de359f06752e1e11a40b0443;Chiang <chiang7@sephiroth.llnl.gov>;1643242374;"correct white space
"
llnl_hiop;171805df843bb1cfacac8a58d1b82ab41a7bfb5a;Chiang <chiang7@sephiroth.llnl.gov>;1641463836;"reengineer the code
"
llnl_hiop;17184e5754dcb860855598177f26230795bfded9;Cosmin Petra <petra1@llnl.gov>;1574099156;"implemented a couple of more methods for specialized matrices
"
llnl_hiop;172bd879896454f45a830f22a33e108b8ee5d769;nychiang <sorakid507@gmail.com>;1660955744;"do not build the condensed matrix if primal regularization stays the same
"
llnl_hiop;172c7e5ecbbf3a81e394103d24ca6a2e2d557064;Cosmin G. Petra <petra1@llnl.gov>;1626282980;"enabled print_options for pridec solver
"
llnl_hiop;17307313158397f0c3ecc7b80b4f10d806767f2a;Chumbipuma <chumbipuma1@croagunk.the-lab.llnl.gov>;1750707419;"Add RAJA-based Dense Constraints Example 2 with driver
"
llnl_hiop;1731af766639525cfe9b0c0f4076a8fd176edf22;nychiang <sorakid507@gmail.com>;1744140395;"add support to use ipopt to solve constrainted problem
"
llnl_hiop;1737e669a54b75abf8e39ef83635e761ac1d51bb;Slaven Peles <slaven.peles@pnnl.gov>;1608783288;"Modify tests file names to match corresponding src file names.
"
llnl_hiop;177008ddafe61405b531a2bbf59333e4a2acb173;nychiang <sorakid507@gmail.com>;1655186166;"test webhook
"
llnl_hiop;177d971aee13f7cf3ba3292e050948c5238ea769;Asher Mancinelli <asher.mancinelli@pnnl.gov>;1620963008;"Memory leak in intvector classes fixed (#154)

* destructor to fix memory leak in intvec

* Update raja intvector with bugfix
"
llnl_hiop;1780109c9b9dae52e1aab1bf3e0aa2c42d43c172;nychiang <sorakid507@gmail.com>;1675300810;"first draft
"
llnl_hiop;1788203a354b758b6844a45f66050a970c347d86;Cosmin Petra <petra1@llnl.gov>;1607992609;"fixed bug on allocation of device matrices

incorrect device lda
"
llnl_hiop;17920a7dae067e553f4a4379dc75978fa63f0a2a;Jaelyn Litzinger <93339979+jaelynlitz@users.noreply.github.com>;1637706463;"Export sparse config (#369)

* export sparse config variable

* export use_coinhsl config through cmake

* remove USE_COINHSL flag
"
llnl_hiop;17a1768ad4a372bdab2905a473dc1175f98bed6e;Slaven Peles <peless@ornl.gov>;1685158379;"Rename cusolver -> resolve
"
llnl_hiop;17c9ae61aa64779f8f006ec238f736f64880f0b1;Cosmin G. Petra <petra1@llnl.gov>;1662579735;"removed asserts
"
llnl_hiop;17e57b08f5a98d3b46e218d9bde2d18eebb7b41e;Chiang <chiang7@sephiroth.llnl.gov>;1621886135;"FR for MDS
"
llnl_hiop;17e75b44f00f99a2dc0813f1ea3f73f8578b1405;Slaven Peles <peless@ornl.gov>;1691952921;"Refactor ReSolve triangular solve function to get more readable code.
"
llnl_hiop;17ed6ad07adafabeb7b7599673d846e5407f8812;Cameron Rutherford <robert.rutherford@pnnl.gov>;1662046871;Move cleanup stage to after all tests have run
llnl_hiop;1818d781e9bbc9493b9bdc77ec42455a6406aa39;Slaven Peles <slaven.peles@pnnl.gov>;1595955709;"Fix residual merge issues in complex dense matrix class.
"
llnl_hiop;181f7f9f735c60fecdd40b9e4706d2559c939cd7;Cosmin G. Petra <petra1@llnl.gov>;1724869584;"added draft of the api for checkpointing
"
llnl_hiop;185c13e46b8b5df57f6888490c28830d54c41f4a;Cosmin Petra <petra1@llnl.gov>;1575675896;"Magma linear system class
"
llnl_hiop;18601ebb54e2ca24799e3b7c71a82bbb2e7686ec;Cameron Rutherford <robert.rutherford@pnnl.gov>;1659711858;"Fix PNNL CI (#526)

* Update marianas variables and add spack.yaml.

* Add debugging lines for failing spack build.

* Fix syntax error.

* Update Newell variables and re-enable CI.

* Fix bugs in newell variables.

Fixup."
llnl_hiop;187b186e29d883a6b6e9f3f5e39a6ca71708c54e;nychiang <sorakid507@gmail.com>;1655158602;"adjust small slacks when computing the slacks
"
llnl_hiop;1880fc38fefbc5544ba417fd875b49b047eddea6;Cosmin G. Petra <petra1@llnl.gov>;1647992748;"added skeleton of CUDA class
"
llnl_hiop;188cd75e0c7dbfda4ef9ee46336344bb1703ef94;Cosmin Petra <petra1@llnl.gov>;1586239541;added a list with small things to be done
llnl_hiop;18aa784c892f04c7db08a37d12719718ba2f23d7;Frank Wang <wang125@llnl.gov>;1637707837;"Merge branch 'pridec-add-options' of https://github.com/LLNL/hiop into pridec-add-options
local ones don't have updated pdf
"
llnl_hiop;18b38849b5b8afd1d0a06626e7aa8bf71ae72a44;nychiang <sorakid507@gmail.com>;1654578021;"fix dual reg in normaeqn, no randomized alg yet
"
llnl_hiop;18bd1fbd474abf00bb1c929ca35455a396d19e2b;Cosmin G. Petra <petra1@llnl.gov>;1483055697;"fixed MPI bugs - was reducing the some of ""local"" iterate vectors
"
llnl_hiop;18bd350d9589e790d53b79baafe530915367032c;nychiang <sorakid507@gmail.com>;1605730549;"fix wrong function
"
llnl_hiop;18e0bd499363878890b0de36fe0431fec76ecc78;pelesh <slaven.peles@pnnl.gov>;1607731953;"Add 'gpu' to 'compute_mode' options (#153)

* Consolidated Umpire and RAJA options into RAJA.

* CMake cleanup.

* Add 'gpu' option to 'compute_mode'.

* Update documentation with new 'gpu' option."
llnl_hiop;18ff8f919a0abeb51daea8daeef41ad203e06996;Chiang <chiang7@sephiroth.llnl.gov>;1634594170;"use RAJA::scan
"
llnl_hiop;19301e1e68ecf88a3972900b6a4c44f78fbdcbb8;Asher Mancinelli <asher.mancinelli@pnnl.gov>;1619099995;"Use cmake macro for library components
"
llnl_hiop;193245ead4905f7874becac74ddc29dac3c48c9e;Cosmin Petra <petra1@llnl.gov>;1582655467;"added empty headers for mc69z and ma86z

an message during compilation will be displayed asking for a proper instrumentation of these headers to be used with C++
"
llnl_hiop;19464e92c1968b21ffba23a0a5146a148585325a;Cosmin G Petra <petra1@llnl.gov>;1563317766;Update README.md
llnl_hiop;1948ccfa9e67bcd4857b409ffa0b31d9731bb720;Cosmin G. Petra <petra1@llnl.gov>;1652888580;"CUDA implementation of add matrix
"
llnl_hiop;1952005f0ca5908d7b66e19496c08524ea41894b;Cosmin G. Petra <petra1@llnl.gov>;1625370503;"create_vector in PriDec solver classes
"
llnl_hiop;1957c14471a28e2aa57c71707f944aeb3252c629;Cosmin Petra <petra1@llnl.gov>;1672263283;"added AMD/HIP .cpp file to the build

passing tests on crusher
"
llnl_hiop;1969af48669e33acac615f283b724b593442dea5;Cosmin G Petra <petra1@llnl.gov>;1747938117;"reorganized nlp transforms; updated and reformated some warning messages
"
llnl_hiop;1980c4ab047a24cc68cfaab8bad770606989f3d8;Jaelyn Litzinger <jaelyn.litzinger@pnnl.gov>;1637626094;"remove USE_COINHSL flag
"
llnl_hiop;1989d5e17f33fce11b51f9b95cd1d2118c39d563;jwang125 <wangjingyi09@gmail.com>;1643126843;"Raja ex9 UM mem space (#392)

* adding both ex9 sparse and ex9 sparse raja examples

* recasted TripletSparseMat and VectorPar to parent classes

Co-authored-by: Frank Wang <wang125@llnl.gov>
Co-authored-by: Cosmin G. Petra <petra1@llnl.gov>"
llnl_hiop;198eb45aa2b48f9c65d50bf69eda267ede448882;Cosmin G. Petra <petra1@llnl.gov>;1644279816;"fixed leftover break

(from changing while to if)
"
llnl_hiop;199330cda603db40320ae41f34ba529c1ab5dbe8;Mancinelli, Asher J <asher.mancinelli@pnnl.gov>;1583348781;"Merge branch 'dev/ut-mpi' into 'dev/unit_tests'

MPI support with vector tests & small test cases

See merge request exasgd/solvers/hiop!2"
llnl_hiop;19bf1632975c23d3ffbb3e694667a453214f931b;rcrutherford <robert.rutherford@pnnl.gov>;1608615399;"Removed commented out test that is not needed.
"
llnl_hiop;19ddbd0a59ff4da4ecf4cb4c09ed811bce34c73a;Cameron Rutherford <robert.rutherford@pnnl.gov>;1677822678;Remove debugging and used fixed E4S cache link
llnl_hiop;19deed16b8c8d6d8e8c18d331164f6fffd00db81;Chiang <chiang7@sephiroth.llnl.gov>;1621886135;"FR for MDS
"
llnl_hiop;1a053af7d3fa5d29c25f5fc765fedbdb2f4168d1;Cosmin G. Petra <petra1@llnl.gov>;1580754164;"added a dummy complex type and definition of zlange
"
llnl_hiop;1a168a409bc60734e22b0061c4970045af874f6b;Cosmin G. Petra <petra1@llnl.gov>;1491431941;"parallel mat x matTrans
"
llnl_hiop;1a16a58b70c1fd8456f0018310f2d1dee814117e;Cosmin G. Petra <petra1@llnl.gov>;1656605511;"check for upper triangular
"
llnl_hiop;1a17be0d5d2dbbaa6d4dfb5bcd25875fbacde407;nychiang <sorakid507@gmail.com>;1606860946;"use type long long
"
llnl_hiop;1a2b5b5712f2768f28adcd21c10c38d77e3e5681;Asher Mancinelli <ashermancinelli@gmail.com>;1645824575;"Fix lambda decls and include limits
"
llnl_hiop;1a5212d7096fff78d9c3e6fc854b2b52cf1083cd;nychiang <sorakid507@gmail.com>;1665784449;"compile without raja
"
llnl_hiop;1a99578335600809c14686998bd8d9ce36ec6808;Tucker Hartland <tucker.hartland@gmail.com>;1752594473;"making the MPIEvaluator test less time intensive
"
llnl_hiop;1aa302561869b8523fb2d2cf48262c455764fea0;Cosmin G. Petra <petra1@llnl.gov>;1662154776;"raja vector fully ported to the new abstract backends
"
llnl_hiop;1aab6e0b4acb126ba6ef4561f120bc8612032a3d;Asher Mancinelli <asher.mancinelli@pnnl.gov>;1616715779;"added example 8, still have bugs
"
llnl_hiop;1ab93caf49b1720d594383c96a2b999f6c4139c2;Slaven Peles <peless@ornl.gov>;1684366073;"Add separate class to store and manage CSR matrix.
"
llnl_hiop;1acf463aba4214e21e7a9d86f0975160866e5a9c;Nicholson Koukpaizan <koukpaizannk@ornl.gov>;1662559949;"Merged 'develop' into 'nvtx_annotations'
"
llnl_hiop;1aec9dae548b816b93ca5e383db55ff75b553dee;Cosmin G. Petra <petra1@llnl.gov>;1573865344;"fixed a couple of issues with the problem specification

example working
"
llnl_hiop;1afb3f3b0ef79e0cbd6504e71ff572e74f60fac3;Cosmin G. Petra <petra1@llnl.gov>;1613623763;"final touches
"
llnl_hiop;1afd85ad892dc238a1071714583fd34ce36bf551;Cosmin G. Petra <petra1@llnl.gov>;1641422694;"removed static allocations
"
llnl_hiop;1b32c7a0efbb42ab56805b772210d894fafac941;Cosmin G. Petra <petra1@llnl.gov>;1590426490;"added ex5 to Test suite
"
llnl_hiop;1b36e5fd3a3eefb7eeb41d6a4ba1c4018dd37ff7;rcrutherford <robert.rutherford@pnnl.gov>;1607581785;"Potential simplification of hiopVectorRajaPar::copyFromStarting
"
llnl_hiop;1b3702f52de4573fb7bc0e91d3c504e60a53e84a;Asher Mancinelli <asher.mancinelli@pnnl.gov>;1591315871;"Added null checks to avail null deref warnings
"
llnl_hiop;1b6823bfc0f9bcc2e9459134a27070a004e49ab4;nychiang <sorakid507@gmail.com>;1717702849;"remove push mirror to PNNL
"
llnl_hiop;1b69bc1fbf9993d03d92e33d2a4b0d8924b16943;Slaven Peles <peless@ornl.gov>;1646860449;"Uncommenting  statement as it should be.
"
llnl_hiop;1b890ddefcc14f26e57ecc03c8fef96753fbf770;Cosmin G. Petra <petra1@llnl.gov>;1644277449;"Merge branch 'develop' into linsolv-safemode-dev
"
llnl_hiop;1b97bdc6c01466ddbaa6af6685c8cfefd4bf8485;kswirydo <kasia.swirydowicz@gmail.com>;1654661521;"Merge branch 'cusolver_ir_dev' of https://github.com/LLNL/hiop into cusolver_ir_dev
"
llnl_hiop;1bb132e177af90973075a74d85e179c58c618719;Cosmin G. Petra <petra1@llnl.gov>;1580754471;"added class for sparse matrix complex-valued in triplet format
"
llnl_hiop;1bb3107091af3e82013486be00df7723bdd6879e;Cameron Rutherford <robert.rutherford@pnnl.gov>;1681860948;"Use failure not failed in PNNL commit status posting (#609)

The incorrect stage name causes the status of a failed pipeline run not to actually post to GitHub."
llnl_hiop;1bbfc49f7bc631a6a4618b4c5664a86f62339f90;Cosmin G. Petra <petra1@llnl.gov>;1648242525;"addressed review comments
"
llnl_hiop;1bd92d56254bf7b24ad70782a389d407e8e7cf63;Nai-Yuan Chiang <chiang7@llnl.gov>;1643469281;"Adjust var/con bounds after adjusting small slacks (#397)

* adjust bounds after adjust small slacks

Co-authored-by: Chiang <chiang7@sephiroth.llnl.gov>"
llnl_hiop;1be23774713739672178c6e07dc45855e87e82e6;Cosmin G. Petra <petra1@llnl.gov>;1639506399;"misc [[sync]]
"
llnl_hiop;1bfc6a1959b4a5f32cc92eb58c1f7fbfe074f66e;Cosmin G Petra <petra1@llnl.gov>;1743629042;"distinguish between lump and full weight cases
"
llnl_hiop;1c064a55b555209a9cf2576f754f5ebc13e5ae72;Cosmin G Petra <petra1@llnl.gov>;1628632085;Update newellVariables.sh
llnl_hiop;1c1e23fd1008dd24fc87a1b25a70cc76bd02b2b9;Nai-Yuan Chiang <chiang7@llnl.gov>;1670968719;"Development of `hiopVectorCuda` (#572)

* cuda implementation of hiop vector

* add unit tests; add hiopVectorIntCuda

* first draft

* fix all methods except for the two that require inclusive_scan


Co-authored-by: Nai-Yuan Chiang <chiang7@login1.ascent.olcf.ornl.gov>"
llnl_hiop;1c2eb4d909f591908ccd1f8a089a1332fcc635e2;Nai-Yuan Chiang <chiang7@llnl.gov>;1631244609;"Add functions to hiopVectorInt (#313)

* add set functions to vectorInt and corresponding unit tests
"
llnl_hiop;1c4cd4524184c6c39cb20c4abfa0b639dcfc4a69;Cosmin G. Petra <petra1@llnl.gov>;1642113560;"removed eigen code
"
llnl_hiop;1c4f5e5974ea04ec617016a18d230782771eb455;Frank Wang <wang125@llnl.gov>;1617744787;"update test
"
llnl_hiop;1c533ae1d2aca54167e541cf6be8f4910f650df3;rcrutherford <robert.rutherford@pnnl.gov>;1608162002;"Changed to get_local_size vector method instead of getLocalSize testing method.
"
llnl_hiop;1c6b6b4e00770d8d916b5c625762521a82c15ff4;ryandanehy <110119005+ryandanehy@users.noreply.github.com>;1666383241;"Update .gitlab-ci.yml

Fixes the occasional problem where the find command ends up deleting the whole parent directory, and cause the pipeline to immediately fail. Adding the mindepth flag prevents that from happening."
llnl_hiop;1caeb3304fc1764c37eea59cab5f568b9b0c3678;Cosmin G Petra <petra1@llnl.gov>;1741368391;"IPM alg nlp errors
"
llnl_hiop;1cb5f27275b9c3173c9d3be089ec966029c10948;Cameron Rutherford <robert.rutherford@pnnl.gov>;1667921602;"Update marianas with full cuda arch matrix

Building with cuda_arch 60,70,75 and 80 on all Marianas GPUs"
llnl_hiop;1cc23d428e453b7d73ae029137af1154e2142b0d;nychiang <sorakid507@gmail.com>;1610410374;"LSQ dual initialization for sparse system
"
llnl_hiop;1ccde7cf7a2923f4fab5effd048cdef18cafde3c;Michel Schanen <mschanen@anl.gov>;1589408728;"Merge branch 'master' of github.com:LLNL/hiop
"
llnl_hiop;1ce1a74b7771ea34fa91eb13902b814412c130bc;nychiang <sorakid507@gmail.com>;1752555495;"use LLNL-CI for hiopbbpy
"
llnl_hiop;1ce7f79191bc94ec7d65d67be5f2e8300e62d441;Cosmin G. Petra <petra1@llnl.gov>;1590535902;"Merge branch 'ashermancinelli-dual-lib-dev'
"
llnl_hiop;1d030ad3bc55fe67ec226011d8416b4cf2624bf8;Chiang <chiang7@sephiroth.llnl.gov>;1621038299;"fix 232
"
llnl_hiop;1d18aa0d9ebac041f07fd9f541b5c88cfc181988;Cameron Rutherford <robert.rutherford@pnnl.gov>;1680267596;"Use failure not failed in PNNL commit status posting

The incorrect stage name causes the status of a failed pipeline run not to actually post to GitHub."
llnl_hiop;1d199b05a28030c076b879c4013ebad13c5b8656;Juraj Kardos <juraj.kardos@usi.ch>;1564700552;"adding interface to different subproblem solvers
"
llnl_hiop;1d249ca947e99e23f75db03c6f178fcc4c83c25f;Nai-Yuan Chiang <chiang7@llnl.gov>;1623127669;"Issue 232 233 fix (#235)

* fix 232

* fix issue 233

Co-authored-by: Chiang <chiang7@sephiroth.llnl.gov>"
llnl_hiop;1d2871b0b1329be5a54a706db194018960c1901f;nychiang <sorakid507@gmail.com>;1649812032;"rebase to v0.6; address pelesh's comments
"
llnl_hiop;1d382f8f0a7a6a9cd7cecf86b289c0a352c7955d;Cosmin G. Petra <petra1@llnl.gov>;1641565326;"fixed initialization in CSR form_from
"
llnl_hiop;1d53f50b89293869e3abfaa76ccfc1de660c1e7d;Cosmin G. Petra <petra1@llnl.gov>;1598368961;"update to the latest version of MDS interface
"
llnl_hiop;1d54e3f0cfe40b01ea6ced0cbded38141cc9f547;Cosmin G Petra <petra1@llnl.gov>;1742582383;"duals lsq computation
"
llnl_hiop;1d63c175ca1a50d610f56b718e22050acbb7acd1;Cosmin G Petra <petra1@llnl.gov>;1630038604;"fixed an incorect free call for pinned memory (#304)

"
llnl_hiop;1d667895178f8b92a94322b84a517512046e0a71;Juraj Kardos <juraj.kardos@usi.ch>;1565971059;"Merge branch 'dev/AugLagr-Acc' of github.com:LLNL/hiop into dev/AugLagr-Acc
"
llnl_hiop;1d738af9a75395bdf9492405cc03ab067b52eead;Cosmin G Petra <petra1@llnl.gov>;1494022082;"Cached Comm_size in NlpFormulation class
"
llnl_hiop;1d73e5cf5efdd89989af7d51c48e71956daee358;Nai-Yuan Chiang <chiang7@llnl.gov>;1636764412;"Revert ""Sparse kernel development for GPU. Part 4 (#333)""

This reverts commit 5e4e1142e91f9d3ca9e9937da1dfae21c8c42a8a.
"
llnl_hiop;1d7e80032b4c839a309fd3e45a64aeee6ab582f6;nychiang <sorakid507@gmail.com>;1678248102;"fix print issue
"
llnl_hiop;1d9c80bd1ebb155944a79633ad49bb442d00bbc5;Cosmin G Petra <petra1@llnl.gov>;1591651889;"miscellaneous fixes  (#42)

* test involving ex5 is less computionally intensive

* replaced unrolled loops with ... loops

* documented addSubdiagonal

* improved documentation in hiopMatrix"
llnl_hiop;1da5b1526278ab61c95e03445d628c91ad75011a;Cosmin G. Petra <petra1@llnl.gov>;1649867012;"renamed sysMatrix
"
llnl_hiop;1da81031966641cb69952e0b7621000f7aa32778;Weslley S. Pereira <weslley.spereira@gmail.com>;1750869469;"Adds evaluation manager to utils (#733)

* Adds evaluation manager to utils

* adding EvaluationManager function to utilities __init__ so that they can be imported via from hiopbbpy.utils import ... when using a python environment with hiopbbpy installed

* updating version number

* consistent style and fixing a few typos, removing old things that are commented out

* pushing the MPIEvaluator here as we want a Driver script associated with this PR. Felt incomplete otherwise

* removing having a separate MPI driver and just using the BODriver in a batch setting and with the MPIEvaluator

* fixing indentation

---------

Co-authored-by: Weslley da Silva Pereira <weslley.dasilvapereira@nrel.gov>
Co-authored-by: Tucker Hartland <tucker.hartland@gmail.com>"
llnl_hiop;1daf4d02613671b5e37fb10c9712549999c91e04;Chiang <chiang7@sephiroth.llnl.gov>;1643767881;"remove temporary files
"
llnl_hiop;1e0cabdfce24a4163dbbd11ba349a2d595a48389;Fritz Goebel <fritz.goebel@kit.edu>;1673620695;"Add choice for triangular solver implementation for Ginkgo, remove iterative refinement inside Ginkgo integration
"
llnl_hiop;1e18001d7b0247299067e76659483d041004a104;Cosmin G. Petra <petra1@llnl.gov>;1677769659;"omp error - take 2
"
llnl_hiop;1e1847264e50f4de1e922b48fc79c789b2d073b8;Asher Mancinelli <asher.mancinelli@pnnl.gov>;1592436852;"making build script clearer
"
llnl_hiop;1e2f331d373e77c89679657fa0cd1a809954b494;Frank Wang <wang125@llnl.gov>;1655853726;"update
"
llnl_hiop;1e32191c47126bd7766a3d067770a21505961e3e;Cosmin Petra <petra1@llnl.gov>;1608594894;"moved vector kernels from hiopIterate to  hiopVector

 - provided default and RAJA vectorized implementations
 - added tests in vector testing module
 - updated documentation
"
llnl_hiop;1e4c34972a6be9becf7096c8fb389b0b17a8c4ce;Frank Wang <wang125@llnl.gov>;1615005148;"adding output options for hiopAlgPrimalDecomp
"
llnl_hiop;1e54d2cef07fcd723acc79e28a66d915eb368362;Cosmin G. Petra <petra1@llnl.gov>;1657123696;"updated user manual with options needed for condensed linear algebra
"
llnl_hiop;1e7e5b79ab58cd93150b15b55d1d681d17224999;Michel Schanen <mschanen@anl.gov>;1589220360;"cleanup comments
"
llnl_hiop;1e9568b4e0c950d546faa8d1019ef0fb436982e2;nychiang <sorakid507@gmail.com>;1647903638;"print message in CMakeLists
"
llnl_hiop;1ea9860daffa5d3338bf956d74e8ae42da1822b0;rcrutherford <robert.rutherford@pnnl.gov>;1659663273;"Add debugging lines for failing spack build.
"
llnl_hiop;1eaddbb4add3a9f7852bc6f8272269aea67fc596;Tom Epperly <epperly2@llnl.gov>;1745603555;"Address hiop issue #727
"
llnl_hiop;1eb49b340a6d5f129f32b3ec4f3187fe1ff8c2d2;Asher Mancinelli <ashermancinelli@gmail.com>;1624317610;"Update env on marianas
"
llnl_hiop;1ebf3561ee53f3564684b4c3135356ea472e4de0;rcrutherford <robert.rutherford@pnnl.gov>;1630647778;"Resolve cublas and cublasLt issues for static only.
"
llnl_hiop;1ecf00b5a24073913786aa1c42c5cd22f772cb87;Chiang <chiang7@sephiroth.llnl.gov>;1627585709;"fix bug
"
llnl_hiop;1ed55047fead22d28cf88b0e61a8bf816faa038f;nychiang <sorakid507@gmail.com>;1687548505;"remove dynamic_cast
"
llnl_hiop;1ee977ffc03987c9c212fc6295e061df726b6a4e;Asher Mancinelli <ashermancinelli@gmail.com>;1624323075;"Update marianas moduel use commands
"
llnl_hiop;1f150f9879370bb75e5b94bb025f78292db95909;Asher Mancinelli <asher.mancinelli@pnnl.gov>;1616716111;"trying to commit
"
llnl_hiop;1f2e280d8cb501014cb1c4dfede0d5062584152c;Cameron Rutherford <robert.rutherford@pnnl.gov>;1677823732;Use spack develop with correct Ubuntu version
llnl_hiop;1f3aeeec377c753b9dfa811449ef845bc4f613a1;Asher Mancinelli <asher.mancinelli@pnnl.gov>;1594400978;"boosting cmake min version to 3.12
"
llnl_hiop;1f3efba6b07e156109323d5ef658b92331b444e6;Cosmin G. Petra <petra1@llnl.gov>;1493687453;"Removed linAlg test driver from the 'default' building
"
llnl_hiop;1f52b0fa75aac5dcb8299c6444fcfd8a802633f1;Nai-Yuan Chiang <chiang7@llnl.gov>;1683242419;"Merge 3f0daa0b01f746b6f60dcfaf55108b048962cbb6 into a8d4183313cb4a0433d8966381b21d89f17b167d
"
llnl_hiop;1f8b59c409655c95abd6ba5f402fda6223fbb866;Mancinelli, Asher J <asher.mancinelli@pnnl.gov>;1584578858;"Add warning options to CMake and fix warnings in unit tests.
"
llnl_hiop;1f98a8c218edd2721353b1e279499fcc5ebf6ada;Cosmin G. Petra <petra1@llnl.gov>;1603227417;"removed debug messages
"
llnl_hiop;1f9a960f64c02cf760a8cc545fa565d5ad20049d;chiang7 <chiang7@llnl.gov>;1638332694;"fix bug
"
llnl_hiop;1f9eb05fe1787646296d2d27ec9feb194c09a1ed;shakedregev <35384901+shakedregev@users.noreply.github.com>;1616613232;Added more commented options
llnl_hiop;1fafda363b0db7fbb3cb007c7ec56f066d0de568;nychiang <sorakid507@gmail.com>;1655184846;"fix
"
llnl_hiop;1fc5aab198924743c2b21cd3b1143483511a968c;nychiang <sorakid507@gmail.com>;1654126245;"address C's comments
"
llnl_hiop;200d019a190e24c2d1edfdd17a92f12712df83e3;Chiang <chiang7@sephiroth.llnl.gov>;1645164993;"fix: singular/non-PD matrix after adding regularization
"
llnl_hiop;2046c2d7c12ac433acdb3f8f28337e82b66be1a3;Cameron Rutherford <robert.rutherford@pnnl.gov>;1677823352;Upgrade Ubuntu again...
llnl_hiop;204c652de7ae7d6e4c56332c51e343c9cf61c5ba;Cosmin G. Petra <petra1@llnl.gov>;1677630743;"added OMP and HIP impl files
"
llnl_hiop;205ef6c2e64db7f4fe74107599efb1e24b33b641;Slaven Peles <slaven.peles@pnnl.gov>;1608942649;"Rename testMatrix -> testMatrixDense.
"
llnl_hiop;20630dbde9058b7a0db33f2fa8557aeed3380c74;Nai-Yuan Chiang <chiang7@llnl.gov>;1759459942;"Merge ba1e9e067e2633bb74118d60e76d2669b3241312 into bf05489a1a297fe36a616d8276ca8298ec40537b
"
llnl_hiop;20726f6e82ee8ce9297f6f1d00ba2f90bec495aa;Cosmin G. Petra <petra1@llnl.gov>;1645036957;"moved hiop_examples.pdf in the src root directory
"
llnl_hiop;2087e3e0d6e3253471293c38498e64221352cb3e;Cosmin G. Petra <petra1@llnl.gov>;1493939458;"edited the readme with more build instructions
"
llnl_hiop;20d90e0cb25e98147369d8b42ef2993eb581b741;Chiang <chiang7@sephiroth.llnl.gov>;1623740204;"RAJA copyRowsFrom

loop through nnz instead of rows in some RAJA code
"
llnl_hiop;20ea2dfc6bbfba73ff21c1abfdd5fa646a924210;Asher Mancinelli <asher.mancinelli@pnnl.gov>;1589210478;"more transparently caching variables
"
llnl_hiop;20f3cf8751e05c3d45d5f5d49c7194738f0bbc95;Cosmin G. Petra <petra1@llnl.gov>;1639506074;"added Hessian function to interface and example

hack for testing purposes
"
llnl_hiop;2100cf13a0bdde10b30af0233109129e1aca56e7;nychiang <sorakid507@gmail.com>;1614038282;"change raja implementation
"
llnl_hiop;21026e53da16362ae3834d6905c393bfba148ae2;Asher Mancinelli <asher.mancinelli@pnnl.gov>;1583197123;"adding MPI support and some small test cases
"
llnl_hiop;2119cdf26118bbe70c9b5018e5c8ab3d84c802a5;ryan.danehy@pnnl.gov <dane678@we45149.pnl.gov>;1691537868;"Attempt 4 at Getting pipeline status to show up
"
llnl_hiop;2128cd6652979756f87445dbd69224fec4531b46;Cosmin G. Petra <petra1@llnl.gov>;1586997861;"consolidated error handling around failures in the user function evaluations
"
llnl_hiop;21425a0124319cfe5812f4b68de33a108ae36ce5;Cosmin G. Petra <petra1@llnl.gov>;1648743955;"cleaning up
"
llnl_hiop;2149ba87afe469a686b094bafaff641708f13a71;Chiang <chiang7@sephiroth.llnl.gov>;1620765570;"draft
"
llnl_hiop;215779b257d1e5aa7b2e83ab1433f14b32fa955f;kswirydo <kasia.swirydowicz@gmail.com>;1648148546;"MAJOR cleanup
"
llnl_hiop;2164bb6cfb20b21aed03599fd7b9d3dbc1e532fa;Nai-Yuan Chiang <chiang7@llnl.gov>;1666895206;"Add support of Raja with OpenMP into Quartz CI (#566)

* add ci for raja::openmp on quartz"
llnl_hiop;2171e044b39b92090f4636c79ad9b371624a5916;Peles, Slaven <slaven.peles@pnnl.gov>;1583287671;"Merge branch 'dev/mpi-tests-only' into 'dev/unit_tests'

Enable MPI tests for vectors

See merge request exasgd/solvers/hiop!3"
llnl_hiop;2181fa001f30c736be82f7035e8c2da1c658feda;Asher Mancinelli <asher.mancinelli@pnnl.gov>;1605729482;"Adding preliminary CMake fixes
"
llnl_hiop;218a98a26c548515407bab1e801aa5d569a9d4b7;Asher Mancinelli <asher.mancinelli@pnnl.gov>;1589518890;"repatching after cleaning history
"
llnl_hiop;21ac6f229da2c7790e9ec6fea3f5f92d552222bd;Asher Mancinelli <asher.mancinelli@pnnl.gov>;1607714826;"Add doxygen template (#142)

* added doxygen template

* added note about docs to usermanual"
llnl_hiop;21af7eb0d6427be73546cf303abc84e834a5a55d;Cosmin G Petra <petra1@llnl.gov>;1648750552;"Release0.6  (#442)

* updated user manual

added Frank as ""author"" to the  user manual

* up'ed VERSION

* updated CHANGELOG.md
"
llnl_hiop;21b568ad8a0857cbf2d3b1e03757ba7688de0f46;Cosmin G. Petra <petra1@llnl.gov>;1573676069;"fixed an undeclared variable compilation issue in non-MPI builds
"
llnl_hiop;21c5fab00c832720c25885f6e61c23122bfdf1c1;Tucker Hartland <tucker.hartland@gmail.com>;1761750745;"minor refactoring
"
llnl_hiop;21de73e981179f6ddea4f160448d9580ac38b70d;Asher Mancinelli <ashermancinelli@gmail.com>;1624322752;"Update module use command on marianas
"
llnl_hiop;21eb1837823ad49183af7f34358f4f21f4fd4405;Nai-Yuan Chiang <chiang7@llnl.gov>;1620852054;"development of feasibility restoration (#216)

* add feasibility restoration problem

* add unit test

Co-authored-by: Nai-Yuan Chiang <chiang7@login1.ascent.olcf.ornl.gov>
Co-authored-by: Chiang <chiang7@sephiroth.llnl.gov>"
llnl_hiop;21f96e8d1af53f7c04a19f30b530e9113be0b73f;Tucker Hartland <tucker.hartland@gmail.com>;1762294451;"flag to switch between EI and LCB acquisitions in BnBBoDriver
"
llnl_hiop;220055dafa2ee15cc328a0857029eba1e949ce3a;Chiang <chiang7@sephiroth.llnl.gov>;1643406506;"clean code
"
llnl_hiop;220e32c0f318665d6d394ca3cd0735b9d26a65eb;Cosmin G Petra <petra1@llnl.gov>;1611188220;"Magma device inertia (#156)

* inertial correction via Magma's dsidi

* inertia computation on the device (nopiv class)

* updated the KKT linsys to work with new classes

* fixed bug on allocation of device matrices

* fixed incorrect device lda

* updated magma 2.5.4 CI configuration

Co-authored-by: Asher Mancinelli <asher.mancinelli@pnnl.gov>"
llnl_hiop;2217062dfc9b5c3d81685e0bc859b91cf0052695;nychiang <sorakid507@gmail.com>;1602097580;"add unit test; add opt obj for selfcheck
"
llnl_hiop;2252b90bc40f86b8d842da6fec30105feddbf647;Cosmin G Petra <petra1@llnl.gov>;1602205910;"[dev-gpu] Robustness and performance profiling (#87)

Addresses a couple of small issues found on Summit

- changed stable-to-fast switching logic between linear solvers [addresses #71 #82 ]

- added the 'hpc_multisolves' driver to stress test single GPU with multiple MPI processes

- updated ex5 to address increasing rate of false negative tests caused by the too severe ill-posedness and ill-conditioning of the stress instances of ex5"
llnl_hiop;2254da40c28b7e3d0f4f06ebc80c5bef1fb24fbb;Cosmin G. Petra <petra1@llnl.gov>;1662141111;"added Transfer Implementation for Umpire memory backend
"
llnl_hiop;2264a1cf57f3d1b68036d15322e8cf1563012fca;kswirydo <kasia.swirydowicz@gmail.com>;1654921305;"working iterative refinement
"
llnl_hiop;22831a46b67b6442f08aa681b63919baeb889058;Cosmin G. Petra <petra1@llnl.gov>;1522791477;"sync
"
llnl_hiop;2287f77d58a96df9c8074b0a422ac89b78edec4d;Cosmin G. Petra <petra1@llnl.gov>;1494519334;"Added support for 'acceptable tolerances'
"
llnl_hiop;228a75d79c0603e2be75f1d8c1ce3e474bf2c3cd;Cosmin G. Petra <petra1@llnl.gov>;1663603375;"close to final design of exec spaces
"
llnl_hiop;2290b3c5187a2aed3799ea467a04cd8314fb4b5b;Cosmin G Petra <petra1@llnl.gov>;1522249532;"Vulcan
"
llnl_hiop;2292a3a68eba2f7cdc59385b45e5c30ec288586c;Cosmin G Petra <petra1@llnl.gov>;1626466843;"reopening of PR# 273 - issues in MDS FR problem (#283)

* use options from the base problem; fix mpi issue"
llnl_hiop;22ad66217e79c3d4086cc2c79e0cf908e722c681;Cosmin G. Petra <petra1@llnl.gov>;1648508018;"cleaned up code in determineAndCreateLinsys
"
llnl_hiop;22becbf816b4bdc9b4e24277bfbcba325b947e0a;Asher Mancinelli <asher.mancinelli@pnnl.gov>;1592089256;"removing nested namespace declarations
"
llnl_hiop;22df7aec867f223f4ef5d04ba751d8ece91837e6;Frank Wang <wang125@llnl.gov>;1625175323;"update printout contingency number
"
llnl_hiop;22e3c601810036a0c18a4da96d6ab5e89720d1b4;Fritz Goebel <fritz.goebel@kit.edu>;1679002419;"first working implementation without CUSOLVERGPU
"
llnl_hiop;22ea11f65bc279dff3cc0991bb96d69d80bc807a;Juraj Kardos <juraj.kardos@usi.ch>;1565039679;"caching the IPOPT solution from finalize_solution, returned if asked in get_ipoptSolution
"
llnl_hiop;22efbe85872a96143986c8b8eda6a517a7b28c3e;Cosmin G Petra <petra1@llnl.gov>;1727464904;"Checkpointing (quasi-Newton solver) (#693)

* added notes and some drafty interface

* added draft of the api for checkpointing

* fixed compilation issues

* integrated AXOM

code compiles; does nothing

* added user options for checkpointing

* more work on load checkpoint EOD

* semi-operation checkpointing

checkpoint interface complete
additional states need to be saved

* removed save checkpoint callback from the interface

* fixed typos in comments

* moved sidre-related code from Algorithm class to a ""utils"" helper

* switched to refs; some testing of options-based checkpointing

* added sidre copy to/from dense matrices

* instrumentation for saving quasi-Newton internals to sidre

* updated iteration counter to keep track of total number over restarts

* updated doc; replace all #

* added example on how to use checkpoint API

* clean up

* added metadata

* testing and clean up

* update user manual with checkpointing

* updated pdf user manual

* fix ci errors (compilation)

* fix adtl compilation issues

* fixed compil error

* addresed reviews"
llnl_hiop;22f4a4e34bdf5bed3e8985168edc7f3e920f4554;Asher Mancinelli <asher.mancinelli@pnnl.gov>;1583269076;"test for componentDiv_p_selectPattern
"
llnl_hiop;22f878b947e16b5606e1d3b4bfeb8b9065a4268e;Asher Mancinelli <asher.mancinelli@pnnl.gov>;1604946210;"applying source diff for raja copyRowsFrom kernel
"
llnl_hiop;22fdb62924095417f7a989cd53031758c0f538a4;Rutherford, Cameron <robert.rutherford@pnnl.gov>;1678138669;"Use nonhpc runner for pipeline stage, 2h for cleanup.
"
llnl_hiop;2325d0d6ccadf0c70c260562ac52f3d85c967ffd;Cosmin G Petra <petra1@llnl.gov>;1728495144;"renamed HessianLowRank class and files
"
llnl_hiop;23336498b1555617c3e676cc188dadd56a18d29a;Fritz Goebel <fritz.goebel@kit.edu>;1698701828;"Add Ginkgo as option for hybrid and GPU compute mode
"
llnl_hiop;23482c1cef07591aa1f2d0d32ad017bf7c77d9f7;George Chumbipuma <gc51@rice.edu>;1753909883;"Refactor MPI buffer allocation in HessianDiagPlusRowRank: switch to raw double arrays for MPI and fix deletion with delete[]
"
llnl_hiop;23544ec47d0742d9b7ce9ea611378f70c900b9a9;Juraj Kardos <juraj.kardos@usi.ch>;1564088683;"adding timers and other runStats
"
llnl_hiop;23564ddf17cfffbbf90443212a5f916226d10650;Juraj Kardos <juraj.kardos@usi.ch>;1565134838;"adding +B operation from the previous commit
"
llnl_hiop;2364a0a220a0a9e7a83a7599236afb33266e7758;Cosmin G. Petra <petra1@llnl.gov>;1632330131;"code style
"
llnl_hiop;2378fde5cc371047227c396ddaaf58b6453f928c;Nai-Yuan Chiang <chiang7@llnl.gov>;1701356542;"add cflag Wall and Werror in debug mode; change vsprintf to vsnprintf (#673)

"
llnl_hiop;238d7f74f4c27ea5b66428d32c31d7336c0c2586;Cosmin G. Petra <petra1@llnl.gov>;1673478976;"added Hip and OMP
"
llnl_hiop;2391a332efb2451b7a8ee262a4207e85e5e13d8c;nychiang <sorakid507@gmail.com>;1648012567;"update strumpack interface due to the recent changes
"
llnl_hiop;23a6d191b562564add64e3e6e4bc2f66169b7c97;Tucker Hartland <tucker.hartland@gmail.com>;1751489126;"bug fix for CI
"
llnl_hiop;23b5ff5f754dea080311379787d134ed20bb4163;Cosmin Petra <petra1@llnl.gov>;1583172465;"implemented solve for MA86Z
"
llnl_hiop;23be5121663f55bf918c7b0f197ca56d66eb2c06;Slaven Peles <peless@ornl.gov>;1684366073;"Add separate class to store and manage CSR matrix.
"
llnl_hiop;23c49e92a7d39882a5d304c3680e0a8024b52b60;Nai-Yuan Chiang <chiang7@llnl.gov>;1666372449;"create branch; disable openmp when raja is not used (#562)

"
llnl_hiop;23df8be414842348a872807a95ab9ae37c1f4273;Frank Wang <wang125@llnl.gov>;1613635865;"updating CMakeList to include hiopInterface in the lib
"
llnl_hiop;23f224fcfac1c227bd8a229895ffe3b0e618e3aa;Cosmin G. Petra <petra1@llnl.gov>;1537307131;"improved warning messages for when the duals get very large
"
llnl_hiop;23fb256bd63c6993162efd584bc13bb0a1798292;Cosmin G. Petra <petra1@llnl.gov>;1589914291;"Inertia computation for the MDS KKT linear system

based on Haynsworth inertia additivity formula and inspecting the sparse diagonal (1,1) block
"
llnl_hiop;2400342e76cf81bc9d7765e1f1cd6193b2ca2c51;nychiang <sorakid507@gmail.com>;1706732416;"update CMakeList
"
llnl_hiop;24045f139e9c6ecba26904e6e2882ce9e99d2542;Nai-Yuan Chiang <chiang7@llnl.gov>;1628521620;"add user options for max/min constraint violation (#291)

Add user options to control the max/min constraint violation used in the filter line-search algorithm (`theta_max_fact` and `theta_min_fact`)"
llnl_hiop;240de2de9ff1724b6f712473490465e7c8daacd5;Cosmin G. Petra <petra1@llnl.gov>;1607047984;"updated doc for `copyRowsFrom`
"
llnl_hiop;24218f818ea04a0e5f34e5ff2cc43cec7de8731d;Nicholson Koukpaizan <koukpaizannk@ornl.gov>;1604609799;"Edits to use the HIP backend
"
llnl_hiop;2426abbd11fba7263d3e0b466ac323145221ebb0;Cosmin Petra <petra1@llnl.gov>;1595998309;"final updates

robustified error control

updated info/warn/err outputing
"
llnl_hiop;2472b602513d94140d1665cf25751125e1ff9f23;Tucker Hartland <tucker.hartland@gmail.com>;1761242653;"updating notebook
"
llnl_hiop;249eb0266fcca2abb07e16b86c6d992c3a2b0717;Chiang <chiang7@sephiroth.llnl.gov>;1632351702;"add return value
"
llnl_hiop;24a060a379a3073fe66e6dc93c70497a261d9f5d;Nai-Yuan Chiang <chiang7@llnl.gov>;1694602147;"Merge 0646a8f6bd13c0e884fdc51cddd98131e1e380a3 into 10b7d3ee0a15cb4949ccee8c905d447b9528794f
"
llnl_hiop;24e3c4be8458d3b0bc132a8f87c472474c7ef3fd;Fritz Goebel <fritz.goebel@kit.edu>;1649255224;"Reintroduce fake inertia for sym sparse ginkgo solver
"
llnl_hiop;24e91730e8508c9e6ba2e78f8a27f00f7b8eac72;Chiang <chiang7@sephiroth.llnl.gov>;1641343607;"bicgstab implementation and unit test
"
llnl_hiop;24ecf8220956c51b12ac7cc10062cba313781658;nychiang <sorakid507@gmail.com>;1660872086;"re-engineer the code:build_kkt_matrix
"
llnl_hiop;24f30036aa97b9a286bd59ff71daeb51948a4804;Asher Mancinelli <asher.mancinelli@pnnl.gov>;1620238576;"More clearly order the add_subdirectory calls in src
"
llnl_hiop;252ea6348cbf92c4bf675ce1ea4f3f378fd3d11b;Cosmin G Petra <petra1@llnl.gov>;1629231215;Update ascentVariables.sh
llnl_hiop;2576bf0870d14703c926c968402c8bf202a9d3f9;Chiang <chiang7@sephiroth.llnl.gov>;1646789886;"change some parameter values
"
llnl_hiop;257883b2cb1fdea277e7a32b6023f808bd668745;nychiang <sorakid507@gmail.com>;1611270769;"fix sparse interface and some other things
"
llnl_hiop;2579df843091177a8e1af9d3ca5db01aeea10d88;kswirydo <kasia.swirydowicz@gmail.com>;1631669632;"Merge branch 'cameron/cusolver-rebase-dev' of https://github.com/LLNL/hiop into cameron/cusolver-rebase-dev
"
llnl_hiop;2583ff929e5b6ab92613db4d17706b73f7df546c;nychiang <sorakid507@gmail.com>;1612562169;"max gradient scaling for obj
"
llnl_hiop;2586d2dfea52cbcd0283eb9d2d769398f678b40e;Slaven Peles <peless@ornl.gov>;1684541209;"Remove unnecessary memory allocation in cusolver-lu solve function.
"
llnl_hiop;2588d96e14d43bd898281b754c1f48b1ccecfd43;Tucker Hartland <tucker.hartland@gmail.com>;1756339610;"updating the manual
"
llnl_hiop;258974ac76e6a847647d42417d6c623bd9bfe433;Asher Mancinelli <asher.mancinelli@pnnl.gov>;1620239929;"Move drivers to end of src/cmake file
"
llnl_hiop;25b4f13ca07e97f996e266fb582cc843ef834045;Cosmin G Petra <petra1@llnl.gov>;1633022595;"final touches for 0.5.0 release (#330)

* updated doc

* added reference to asynchr paper of Frank et al

* updated version info"
llnl_hiop;25cba4d117d553de68e49c17671f4ad8879198c5;Cosmin G. Petra <petra1@llnl.gov>;1643221212;"implementation of conversion from triplet and triplet transpose
"
llnl_hiop;25e247406ad8cfd21c0cd60a51d478bf298ce6d1;Cosmin G. Petra <petra1@llnl.gov>;1618793954;"strengthen conditionals for ranks with zero variables
"
llnl_hiop;25e51a2b96dd94f1917da8bb3e031bdb8b7fc6b5;Slaven Peles <slaven.peles@pnnl.gov>;1630463602;"Disable temporarily shared HiOp build in CI pipeline.
"
llnl_hiop;25e5bea7344ff05b4d36a08b567f32fa4ace02c3;Cosmin Petra <petra1@llnl.gov>;1606510398;"adjusted pointer arithmetic to single pointer
"
llnl_hiop;25e720e27445c0864f690735abf0033975fb7c2c;Chiang <chiang7@sephiroth.llnl.gov>;1621378582;"fix Raja function
"
llnl_hiop;25efdb55f7621482117d39a6e87c3539ba6ed01b;nychiang <sorakid507@gmail.com>;1745603440;"add utils folder
"
llnl_hiop;25f3ad73638d3e5d42ad53079284f63591683572;Cosmin G. Petra <petra1@llnl.gov>;1586977955;"implemented copyRowsFrom for SparseTriplet matrices
"
llnl_hiop;2600761a51307a814e246ce90f9a07d071627572;Cosmin G Petra <petra1@llnl.gov>;1634157563;Update linear algebra readme
llnl_hiop;261ccf9d89e8b6571eb5262e1d085d4150ebce14;Cosmin G Petra <petra1@llnl.gov>;1726248655;"clean up
"
llnl_hiop;26234c617d6281fd62180f2768cd224370dcecb2;nychiang <sorakid507@gmail.com>;1756932645;"create branch
"
llnl_hiop;262481da6a876baac219e8f88a3e8bc673531806;nychiang <sorakid507@gmail.com>;1656115304;"use correct method to do unit test
"
llnl_hiop;262d0be8393f259b9da7719c5110f6219799f273;Asher Mancinelli <ashermancinelli@gmail.com>;1645652164;"Add missing modules for ascent CI
"
llnl_hiop;2630acd8424f3be4962c5fd7148bfb19359e2c36;Cosmin G. Petra <petra1@llnl.gov>;1673540936;"vectorpar with exec spaces
"
llnl_hiop;264b824bdfe1318eecfc55a92acccb7f686a82ba;nychiang <sorakid507@gmail.com>;1605669710;"minor fix for integer type and names of functions
"
llnl_hiop;268281aab09604ac4daf185d2cdfc9fbb72c67f0;Nai-Yuan Chiang <chiang7@login1.ascent.olcf.ornl.gov>;1623300199;"test 1
"
llnl_hiop;268b1e6afdf8eb262c8ee98738731f5636b4f3ae;nychiang <sorakid507@gmail.com>;1605159216;"fix bugs in system xycyd, add make test, find STRUMPACK module
"
llnl_hiop;26b1d60c643a3c38d0545b1a11a1f4c88682be9c;Slaven Peles <slaven.peles@pnnl.gov>;1607648693;"Add 'gpu' option to 'compute_mode'.
"
llnl_hiop;26bf95fc380dfee6d251d6c870cf1b4c76841828;Asher Mancinelli <asher.mancinelli@pnnl.gov>;1591489491;"build script to run all builds recommended in the readme (#33)

* adding build script to run all builds reccomended in the readme

* adding machine-specific builds

* correctly pulling num cmake args

* no modules loaded in default build

* adding build directory name

Contributed by @ashermancinelli "
llnl_hiop;26bfc250e977d967eadd50c3f8570a1b0b8196f1;nychiang <sorakid507@gmail.com>;1692990021;"fix PNNL CI v1
"
llnl_hiop;26c860f16f6afa55fdc347741443e8fb2ebbab59;Chiang <chiang7@sephiroth.llnl.gov>;1621388306;"minor fix due to rebasing
"
llnl_hiop;26cae99378353127f90dc9212f8073e095a373d4;Chiang <chiang7@sephiroth.llnl.gov>;1631639456;"rebase and use index_type
"
llnl_hiop;26d0d51d002953a348c0c6e61dde24999e6770bb;Cosmin G. Petra <petra1@llnl.gov>;1573086296;"updated get MDS sizes method
"
llnl_hiop;26e9e1fb804e45b357a6a40d657f8fc7cb367fd9;Cosmin G. Petra <petra1@llnl.gov>;1655762848;"added scale rows for cuda csr matrix
"
llnl_hiop;26ea7327a13386b695c669b930fd6e70f8d95555;Slaven Peles <slaven.peles@pnnl.gov>;1587590645;"Merge branch 'master' of ssh://gitlab.pnnl.gov:2222/exasgd/solvers/hiop
"
llnl_hiop;26f4533d9a6d53c8db3b129e1be57a7208a07df5;nychiang <sorakid507@gmail.com>;1601508936;"remove hard-coded path from CMake file
"
llnl_hiop;27148f86bd199579359c012e82b189c557a7e19d;Cosmin G Petra <petra1@llnl.gov>;1612799445;"fixed a misplaced option reset instruction (#184)

"
llnl_hiop;27207521ba500be932f2c588b925a472ff21d1be;Chiang <chiang7@sephiroth.llnl.gov>;1630113242;"re-engineer the code
"
llnl_hiop;27214b0a69d4337959b0ff2a9d6a0c6942ed7e84;Nai-Yuan Chiang <chiang7@login1.ascent.olcf.ornl.gov>;1619818464;"use spack env from exago
"
llnl_hiop;273473dba8b7e1d13490a37d990a19eae70fa3fc;nychiang <sorakid507@gmail.com>;1602895202;"re-route classes to chece if a factorization is acceptable
"
llnl_hiop;273534e5a7ae4f772189bf09d78947554c5cb6f7;Cosmin Petra <petra1@llnl.gov>;1595914049;"Merge branch 'gpu-devperf' of github.com:LLNL/hiop into gpu-devperf

Conflicts:
	src/Utils/hiopRunStats.hpp
"
llnl_hiop;274c779b334992711caabca1ed276644c385e61d;Frank Wang <wang125@llnl.gov>;1637606078;"resolving conflict
"
llnl_hiop;275d2fe16bf14aa104060e9750e36269aad4954a;Cosmin Petra <petra1@llnl.gov>;1574375973;"modified add(Sub)Diag to work += alpha * vector
"
llnl_hiop;2760105932b0fb51e0d4acf92a715c74e08df69d;Slaven Peles <slaven.peles@pnnl.gov>;1624908855;"Use preprocessor directives to decide when to define variables used in assert macros only.
"
llnl_hiop;276ab5e2b14a6e3e7378ee8067f29381f100dbee;pelesh <peless@ornl.gov>;1652366902;"Update CI scripts to run Ginkgo tests (#467)

* Add ci scripts to latest develop branch

* Disable failing Ginkgo test temporarily.

Co-authored-by: Asher Mancinelli <ashermancinelli@gmail.com>"
llnl_hiop;27813d8673197742ef38f64046aac26f08feb7ee;Frank Wang <wang125@llnl.gov>;1642721035;"small change
"
llnl_hiop;2792180bce2ce83d1f8d3b7333310db5e7dfa307;Cameron Rutherford <robert.rutherford@pnnl.gov>;1726670461;Force openblas on all builds
llnl_hiop;27afe7449197dd2c3fe27bf902d904b543ff3da3;nychiang <sorakid507@gmail.com>;1651296021;"rebase to the latest develop and fix conflicts
"
llnl_hiop;27b0f5592561f317afed049198af53c87a7edc5b;Cosmin G Petra <petra1@llnl.gov>;1613624392;"Merge 532b81a39a818da2ce7518082264a97aa92825be into 9eb026768bc5e0a2c1293d0487cc39913001ae19
"
llnl_hiop;27d15f2b6e7c13a9dcae285c4fd874b19e9ea432;Cosmin G Petra <petra1@llnl.gov>;1727274240;"addresed reviews
"
llnl_hiop;27dc8d28382bd02febfa932bbcff802ad20deba3;nychiang <sorakid507@gmail.com>;1613795691;"relax bound before solving the problem
"
llnl_hiop;27e5ae1d1e8f08e9acaab6ff3f56e53453958836;nychiang <sorakid507@gmail.com>;1613811421;"adjust slacks, add new functions to vectro kernel
"
llnl_hiop;27ea6416e39297825421956a4f1743e9c7e7bfd5;Tucker Hartland <tucker.hartland@gmail.com>;1746734937;"adding usage information
"
llnl_hiop;27ee59fc37a97b0ebe654396c85a41a42858868d;Tom Epperly <epperly2@llnl.gov>;1714755099;"* Patch two leaked pointers that are the root cause of multiple other leaks.
"
llnl_hiop;27f24cea1f53f4770f9adbbb2064326df79d90ff;Cosmin G Petra <petra1@llnl.gov>;1698337815;"removed deprecated ALG2 for CSR2CSCEx2 API (#671)

"
llnl_hiop;280a7a106eac3ff60d35d97070d32867de14568c;Nai-Yuan Chiang <chiang7@llnl.gov>;1655763115;"Update llnl workspace (#499)

* update llnl workspace

"
llnl_hiop;281952341bc8b6d2a81977bb8bfcbd1c064957b2;Ian Smith <ian.smith@pnnl.gov>;1606173338;"Adjusting path for remote mirror
"
llnl_hiop;281adb5fb335642446e0804a2669b97d8ef62998;Cosmin G Petra <petra1@llnl.gov>;1618354120;"Merge pull request #212 from LLNL/develop

Release v0.4.1"
llnl_hiop;281f3c2fb5c8b9bbafdc14b2a71e90baad0bafb0;nychiang <sorakid507@gmail.com>;1613768135;"use default parameters in ex6
"
llnl_hiop;28243bbfbdf1d34246be1e78c1357bbf95e7663f;Asher Mancinelli <asher.mancinelli@pnnl.gov>;1609282718;"Fixing syntax in yml
"
llnl_hiop;28279b3e91999d71860abdac2f2e0acff98c04d7;Asher Mancinelli <asher.mancinelli@pnnl.gov>;1607539063;"Expanded valgrind tests
"
llnl_hiop;28322933f3716605967a40cde027f5758c5e3dae;Asher Mancinelli <ashermancinelli@gmail.com>;1623352113;"Addressing comments from PR review
"
llnl_hiop;2836952eed928a0132189f961ba46f8592b407ee;Cosmin G. Petra <petra1@llnl.gov>;1619744664;"added duo as a value for KKTLinsys option
"
llnl_hiop;28440fa3e9dfb60db39333b02e8c0dd4f482ead9;Slaven Peles <peless@ornl.gov>;1691798511;"Remove commented out code.
"
llnl_hiop;2883f82ef9ae6e9bb27b95c5577120248afd13d0;Katarzyna Swirydowicz <kswirydo@login1.ascent.olcf.ornl.gov>;1680129685;"adding option for setting IR convergence condition
"
llnl_hiop;28893d61172cd0397ae1af4a17a499ba419f9ddb;nychiang <sorakid507@gmail.com>;1732239663;"test 2
"
llnl_hiop;2892ada72a8685b97a6cd983a67b7e2282f34bea;Cosmin G. Petra <petra1@llnl.gov>;1647990360;"added hpp files for seq class
"
llnl_hiop;28a1e2cbb68c82dc5f584483a4a56d18d3cf106f;nychiang <sorakid507@gmail.com>;1738885931;"fix
"
llnl_hiop;28b684950460636cb7f3617eed302ecde71f95f4;nychiang <sorakid507@gmail.com>;1626387798;"fix memory leak
"
llnl_hiop;28c45671f8c5753e0d1e9a34fc5dffcfb58a61d2;Cosmin G Petra <petra1@llnl.gov>;1727050329;"fixed compil error
"
llnl_hiop;28c686cdf0f9b0a8658859cfc3f72daab9a69ae7;Cosmin G. Petra <petra1@llnl.gov>;1573058244;"updated code comments
"
llnl_hiop;28d1789425d6ee0381b8b86f79ba0e60b8f35e1d;Cosmin Petra <petra1@llnl.gov>;1667593636;"added HIP implementation vector file
"
llnl_hiop;2919a87c98ab73219a8ec7b43808ff50b6467f47;Tom Epperly <epperly2@llnl.gov>;1696255716;"Make compile -Wall/-Werror proof (#653)

* Try resolving issues discovered with -Wall -Werror

* Remove unused private data members, resolve overridden virtual functions

* try to fix the CI tests on github (#654)

* try to fix the CI tests on github

* try to fix the CI tests on github

* add deepcheck

* pass quartz CI

* build on lassen

* remove some unused var

* fix PNNL CI v1

* try to fix ginkgo issue

* create branch, switch to cpp14 (#661)

* rebase and fix issues introduced by rebase

---------

Co-authored-by: Nai-Yuan Chiang <chiang7@llnl.gov>
Co-authored-by: nychiang <sorakid507@gmail.com>"
llnl_hiop;2925862933cdf3b27eb527b5475f92317dccfb7f;Cosmin Petra <petra1@llnl.gov>;1582655561;"removed aux file
"
llnl_hiop;293175d5e9a3ed42fc1d3b836f94000b9909e7b0;Cosmin G Petra <petra1@llnl.gov>;1640715770;"NLP class for relaxing eqs to two-sided ineqs (#379)

- added option for relax factor
- updated Ex7 to perform a second solve with the new NLP formulation"
llnl_hiop;29378f8304f1556dcfdf99a4cd0b850e83d6ff7b;nychiang <sorakid507@gmail.com>;1661374970;"fix
"
llnl_hiop;29458116e4815cbc5839971cf4cc5e466c4c77cc;Nai-Yuan Chiang <chiang7@llnl.gov>;1642818362;"Update hiopLinSolverIndefSparseMA57.cpp

follow style guidelines"
llnl_hiop;298e88ff81885680a34f88ad0f479f1ab9e769f9;Cosmin G. Petra <petra1@llnl.gov>;1525796006;"updated the implementation paper
"
llnl_hiop;29ae1038a1051fdb8320f321a35c5368ecce9cec;nychiang <sorakid507@gmail.com>;1655312639;"test
"
llnl_hiop;29b0f6887ca9b9af9057c248f0f8c0fe7f8cbcb8;Nicholson Koukpaizan <koukpaizannk@ornl.gov>;1679673836;"Fix mis-placed RANGE_POP statements
"
llnl_hiop;29c6909fb2a54848b86aeb88d32f34d33e3243f7;Cosmin G. Petra <petra1@llnl.gov>;1628220160;"updated ascent cuda and magma modules
"
llnl_hiop;29ecec354826d58a576bd3d9978cf483c2b31438;Chiang <chiang7@sephiroth.llnl.gov>;1621462921;"add unit tests
"
llnl_hiop;29ff46c5b27b4f6a6594e39c13090e38da0fc5db;nychiang <sorakid507@gmail.com>;1603165050;"fix conflics due to git rebase
"
llnl_hiop;2a025d1cb2c1cdb474a96e1b7ad0b1e17d2ef2d1;wong125 <wong125@llnl.gov>;1520543604;"Added name mangling fix for xl compiler which isn't always detected correctly.

It seems the name mangling cmake variables aren't used in earlier versions of cmake, and so I've added a cmake check because I know it works at least at version 3.7.2 and above.
"
llnl_hiop;2a03c63e35cd8ea68abcf2e7393bae26c85ba782;Nai-Yuan Chiang <chiang7@llnl.gov>;1632415145;"fix zero-length dense matrix (#326)

"
llnl_hiop;2a28ad8411ed1cfbf0f6d6e75ef6ac1a2ed74308;Cosmin G. Petra <petra1@llnl.gov>;1672088710;"Merge branch 'develop' into matrix_dense_raja_backend
"
llnl_hiop;2a39393bf42735156e67e32cfb69b7575adb9c3e;kswirydo <kasia.swirydowicz@gmail.com>;1654921305;"working iterative refinement
"
llnl_hiop;2a4c1f8ffebe2ab3e0887829c8ba5dde20a8e2ae;Nai-Yuan Chiang <chiang7@llnl.gov>;1617058735;"add second order correction to line search (#203)

* implemented second-order corrections for line-search

* refactored linesearch code to avoid duplications

* filter condition checked after Armijo

"
llnl_hiop;2a6ce0e435ce50d4360ca2b0778ad49c15feba96;Frank Wang <wang125@llnl.gov>;1641762632;"delete log_ in HessianApprox
"
llnl_hiop;2a7469d66ca40487bbd390d1006d714fb039c378;Chiang <chiang7@sephiroth.llnl.gov>;1641345828;"address reviewers' comments
"
llnl_hiop;2a7cbb903c68bfe596d87913584edd5a9f67d8cf;Cosmin G. Petra <petra1@llnl.gov>;1475021084;"finished the hiOP->Ipopt TNLP adapter
"
llnl_hiop;2a8d7119f93f571143b124d119fc75befd340fca;Cosmin G. Petra <petra1@llnl.gov>;1677631142;"Merge branch 'develop' into membackend-rajasparse-dev
"
llnl_hiop;2aa5b7a11e9ad4576a6ec11d5603f1ffe8083ef2;Cosmin G. Petra <petra1@llnl.gov>;1648745671;"updated user manual

added Frank as ""author"" to the  user manual
"
llnl_hiop;2ab50f5e9ecf13d9795df4c5b8748e955a34d046;Cosmin G. Petra <petra1@llnl.gov>;1482442147;"reimplemented the symMatTimesInverseMatTrans with a data layout that matches LAPACK
"
llnl_hiop;2aeeb652c9b8b4b92d88988a364d276ee5d46616;fritzgoebel <fritz.goebel@kit.edu>;1654209340;"Add status to determine of factorization was successful or not (#472)

* Add status to determine of factorization was successful or not

* Update Ascent CI script with a more recent version of Ginkgo

* Update Newell and Marianas env scripts.

* Update Newell Variables

* Fix spack module path for marianas.

Co-authored-by: Nicholson Koukpaizan <koukpaizannk@ornl.gov>
Co-authored-by: rcrutherford <robert.rutherford@pnnl.gov>"
llnl_hiop;2af638c0b0ba547558d2bacc0541f8851f820732;Nai-Yuan Chiang <chiang7@llnl.gov>;1643469281;"Adjust var/con bounds after adjusting small slacks (#397)

* adjust bounds after adjust small slacks

Co-authored-by: Chiang <chiang7@sephiroth.llnl.gov>"
llnl_hiop;2afba521066e5b5bd19c2dbcc0220edff947a8b6;nychiang <sorakid507@gmail.com>;1606859242;"fix bug due to rebase; set RAJA Umpire to OFF by defaule; Address issue #136
"
llnl_hiop;2b08f830be5597625a3cfd469bebb018e34f49b5;Cosmin G Petra <petra1@llnl.gov>;1756920852;"Update IPM NLP solvers to be aware of weighted spaces (#710)

* interface draft

* wrapper for WeiInProd wrapper in NlpFormulation

* draft of InnerProd class

* cleaning up

* temp code + notes

* added additional functionality for residual norm (weighted)

* IPM alg nlp errors

* clean up, fixed warnings

* addressed MPI issues

* exposing mass matrix in the example

* added volume and lumped matrix

* adding weights through the code (linear system and resids)

* weighted log barrier reduce/sum

* log bar weighting functionality in Iterate

* fixing ci runtime errors

* cuda and raja impl; also added tests

* fixed bug in test and syntax for thrust::transform

* fixed typo in Raja Vec Impl

* fixing logBarWeighted in RAJA vector

* stregthen test for logBarrierWeighted

* HIP implementation logBarrierWeight

* draft of weighted B0 in the LowRank quasi Newton solves

* fixed bug in new B0 code

* duals lsq computation

* draft of Hessian approx - code works mesh independently

* added test for Ex1 with L2

* M lumped applies in residuals

* SOC

* fixed hardcoded SOC cond bypasses

* rename to VectorSpace

* finished renaming to VectorSpace

* cleaning up VectorSpace

* added api for lumped weight; some methods renaming

* distinguish between lump and full weight cases

* fixed return type

* misc devs

* added dual regularization for quasi-Newton

* fixed a bug - Nmat was not copied correctly

* output clean up; ramped up tol for singularity in KktLowRankLinsys

* large bound duals warning is displayed only once

* updated user manual: derivative check and elastic-relaxfixed-perturbbnds

* updated user manual pdf

* addressing review comments

* finished reviewer comments"
llnl_hiop;2b0e45d7ada1e291505d0d3fc5508817b0ad4574;Asher Mancinelli <asher.mancinelli@pnnl.gov>;1583262166;"- helper method to get internal data
- removed manual memory allocation
"
llnl_hiop;2b2e8bec9ca1b5a986440e98f5bc7559fa2869e8;Cosmin Petra <petra1@llnl.gov>;1596040829;"Implementation moved out of linear solver (abstract) class header

Addresses issue #58
"
llnl_hiop;2b3d219134cfae501a9f05bb334aec9aed847a1c;Cosmin G Petra <petra1@llnl.gov>;1657038486;"MA57 linear solver class with CSR input (#509)

* MA57 linear solver class with CSR input

* condensed KKT: unified use of and switching between cpu and gpu linear solvers

* check for upper triangular
"
llnl_hiop;2b598cdfabc8a59dff0cc252ee7c4c2be1679888;Chiang <chiang7@sephiroth.llnl.gov>;1621547961;"test RAJA
"
llnl_hiop;2b667080df0f1e7eaebb98566cb165ac51ffc9c6;Cosmin Petra <petra1@llnl.gov>;1590713264;"working, robust version of GPUFACT+CPUTRSOLVE
"
llnl_hiop;2b6726e9fec474fa341b165990e18183a23c8309;Fritz Goebel <fritz.goebel@kit.edu>;1649349815;"Add tests for using Ginkgo solver
"
llnl_hiop;2b93b7cb0b379a333b93a44bddfbbdae239a3fe0;rcrutherford <robert.rutherford@pnnl.gov>;1608601571;"Removed unecessary casting in matrix test matrixTransAddToSymDenseMatrixUpperTriangle
"
llnl_hiop;2b9cb287f04d4a3c5975c13fb8f452095a40b243;Asher Mancinelli <ashermancinelli@gmail.com>;1634767715;"Update modules for marianas
"
llnl_hiop;2bc049fac63a9669fec52e819a16afc9c81cd9c5;Cosmin G Petra <petra1@llnl.gov>;1616011488;fixed typos
llnl_hiop;2bea15001c2df3c01eddfb18d67c67675ba021cc;Cosmin Petra <petra1@llnl.gov>;1602205725;"updated the build system for multisolves and ex5 (GPU ON)

also updated ex5 options and behavior
"
llnl_hiop;2bf4fa3c132a8aac4a16ac633e5f3ee459eba7c0;nychiang <sorakid507@gmail.com>;1613091271;"add grad scaling for Jac
"
llnl_hiop;2bfb395b502b5141b2570badde80acc14aafa0fa;Nai-Yuan Chiang <chiang7@llnl.gov>;1640715544;"Re-engineer the code to do FR inside FR, and add a unit test. (#372)

* fix force_update

* add test for feasibility restoration

* option for the name of options file for feasibility restoration

Co-authored-by: Chiang <chiang7@sephiroth.llnl.gov>"
llnl_hiop;2bfb49aa3f176c31821ed306e93a8f9643078c2f;rcrutherford <robert.rutherford@pnnl.gov>;1659669549;"Fix bugs in newell variables.

Fixup.
"
llnl_hiop;2bfbb693828fe44099dd59c2ff770e4b839e197e;Frank Wang <wang125@llnl.gov>;1612979987;"update CMakeLists to include nlpSparse_ex9
"
llnl_hiop;2c22688f826d320f76f049c81f7be7a5a5373dac;Nai-Yuan Chiang <chiang7@llnl.gov>;1640724321;"Soft Feasibility Restoration (#383)

* soft FR

* fix bugs

* rebase to develop, clean code

Co-authored-by: Chiang <chiang7@sephiroth.llnl.gov>"
llnl_hiop;2c239fe72a7bbc397d0e5f8baeae021ef0c92abf;Cosmin Petra <petra1@llnl.gov>;1596221714;"outer-loop error control switches between linear solvers

 - optimization outer loop error control related to KKT linear solve
 - automatically detecting numerical issues with the fast solvers and switching to stable solvers
 - Z linear solvers updated to support error control
"
llnl_hiop;2c47c0614f20ef342b5cff01640553a2fde15910;Cosmin G. Petra <petra1@llnl.gov>;1623131294;"C interface uses index and size int types
"
llnl_hiop;2c584c02e34939df806175b6443aa75a07fbd4ee;Cameron Rutherford <robert.rutherford@pnnl.gov>;1667928846;Change GitHub workflow to run only on push
llnl_hiop;2c750c102296e47f99e6bd972777c1e1c11c19dd;Cosmin G. Petra <petra1@llnl.gov>;1675353106;"instrumented RAJA sparse triplet class with templates
"
llnl_hiop;2c8843005d64b7035c9b9fe6cda7cd6d2f0b1c15;Cosmin G. Petra <petra1@llnl.gov>;1513775986;"added documentation directory and associated files
"
llnl_hiop;2c91d21f3261e63f6ab3c79532de5bce466da86a;Cosmin G Petra <petra1@llnl.gov>;1606775942;"final touches

 - replacing M_host with data_host

 - removed double pointers from RajaDense implementation
"
llnl_hiop;2c93868aebce948c668ed2c5552120f106473082;Cosmin G. Petra <petra1@llnl.gov>;1663619078;"RAJA Exec Policies in separate impl .hpp files
"
llnl_hiop;2cb8401ddb2449aa5e8f894d382b116e459ae5b7;Katarzyna Swirydowicz <swir617@newell01.pnl.gov>;1622848106;"Add interface to cuSolver/KLU linear solver
"
llnl_hiop;2cceac31e29bf9a9bb15b105841713bc2c6f0d84;Cosmin G. Petra <petra1@llnl.gov>;1656698024;"fixed a couple of issues and merged 'develop'
"
llnl_hiop;2cd334a66277a5c1d61b1c4d74cb6d98614628d9;Cosmin G. Petra <petra1@llnl.gov>;1572889351;"user manual updated with the options for fixed variables treatment
"
llnl_hiop;2cd6d0c09f7a8d2cac8a3d3d443ad88b1db06dbf;Cosmin G Petra <petra1@llnl.gov>;1598490407;"Merge a7b086b0295da251700baed6902ffab33f5e048f into 7d701c5dc9f6b70dd4819e247589e35f969ebd94
"
llnl_hiop;2cd94e3b3de75268a62fc4c32fca8ce23e391254;Nai-Yuan Chiang <chiang7@llnl.gov>;1645241680;"Inertia free fix for condensed system (#412)

* fix inertia-free for condensed sys

* fix: singular/non-PD matrix after adding regularization

Co-authored-by: Chiang <chiang7@sephiroth.llnl.gov>"
llnl_hiop;2ce5487e968c66f8b073b0f505374c28e28eef60;Cosmin G. Petra <petra1@llnl.gov>;1609027679;"added notes on LSQ for MDS NLPs
"
llnl_hiop;2ce6e2c4f5333c1433798cbf00b42a8639675892;kswirydo <kasia.swirydowicz@gmail.com>;1655310476;"output display in fgmres; sparse ex 1 setup
"
llnl_hiop;2ced087752b5761792619b3d606dc0c6504921fe;Cosmin G. Petra <petra1@llnl.gov>;1592513655;"dev of primal-dual restart

series of updates of the internals, around starting point procedure, to update
and compute dual variables when user specifies them via 'get_starting_point'
"
llnl_hiop;2cfa5fcad305d163b558d4556b77a532315bec0d;Cameron Rutherford <robert.rutherford@pnnl.gov>;1726759236;Update spack_build.yml
llnl_hiop;2d57ccab3b63dd88e84412ebc1da6ede3ef24ae1;Chiang <chiang7@sephiroth.llnl.gov>;1640824890;"clean the code
"
llnl_hiop;2d642ab2040df09055250b1a29fd169ae0068aae;Chiang <chiang7@sephiroth.llnl.gov>;1620437425;"fix #227
"
llnl_hiop;2d6fc777180433bb428914126cb3a6fa95b8ddbc;Cosmin G. Petra <petra1@llnl.gov>;1641314127;"removed call to deprecated device array permutation
"
llnl_hiop;2d73d1f3a9cd9ad04044539797a5c3c1ccad4263;Nai-Yuan Chiang <sorakid507@gmail.com>;1670168503;"editorial fix
"
llnl_hiop;2d817f45feeed684a93893925cab5674df3e677d;Asher Mancinelli <asher.mancinelli@pnnl.gov>;1639850461;"Add HIP+Clang build to CI (#378)

* Add incline build/test to CI

* Debug PNNL pipeline

* Request exclusive access to nodes

* Disable tests on incline due to slurm bug"
llnl_hiop;2d943c28a4b04117289b14dd6bd7f2b9bea636ac;Cosmin G. Petra <petra1@llnl.gov>;1603210001;"fix type mismatch

left from a merge
"
llnl_hiop;2d97510058c9214fe4b9d7acb7e9facb5dae921f;Cosmin G Petra <petra1@llnl.gov>;1627671542;"Options & logger for PriDec solver (#279)


* added support for options file in PriDec

* default filenames for option files

* added specialized option classes for NLP and PriDec

* passed pridec_master options file to hiop master NLP solver

* updated logger and added options for print options

* enabled print_options for pridec solver

* updated doc
"
llnl_hiop;2db0cb37afd7055a2c691704ec8ab7a0a7949834;nychiang <sorakid507@gmail.com>;1654896454;"fix bug due to rebase
"
llnl_hiop;2dbb7d0694d94ec068e4d473037fa5ccdb67df04;pelesh <peless@ornl.gov>;1657749328;Fix missing brace in CUSOLVER class implementation.
llnl_hiop;2dbbbd8f729003b7f669527f55806be0d874253d;Cosmin G Petra <petra1@llnl.gov>;1616780860;Update README_summit.md
llnl_hiop;2dc53273413b21e225fe189e902dcb1d2a0c8da9;rcrutherford <robert.rutherford@pnnl.gov>;1620969736;"Re-configure finding Magma, hotfix export-config.

modified:   CMakeLists.txt
            Separate FindHiOpMagma into own lib
            Link RAJA and umpire to hiop_tpl

modified:   cmake/FindHiopCudaLibraries.cmake
            Remove inclusion of Magma module here

modified:   cmake/HiOpConfig.cmake.in
            Corrected to use ""@"" instead of ${}
"
llnl_hiop;2de4e428cb6ad981e057a40da2b463bf9ddb7c7e;nychiang <sorakid507@gmail.com>;1604613315;"add STRUMPACK for sparse indefinite sys. fix CMAKE files
"
llnl_hiop;2de9d0c1ad9dbe5b8a9019897e9bdb19111dfad4;Asher Mancinelli <asher.mancinelli@pnnl.gov>;1607385254;"Bumped cmake min version to 3.15
"
llnl_hiop;2df26144b0740a28d0a960405d9a3bed49ba0396;nychiang <sorakid507@gmail.com>;1605048315;"change function names
"
llnl_hiop;2e0a44130decda121cc950d48e984c53ad92266b;Asher Mancinelli <asher.mancinelli@pnnl.gov>;1623950271;"Add missing pridecomp header in src/Opt (#261)

"
llnl_hiop;2e62c252d3ed05fa0e864e524bbb0258a69005c7;nychiang <sorakid507@gmail.com>;1688107058;"update
"
llnl_hiop;2e69315334fb8cbcfd755b04ca5e059c7e8c45c2;thartland <tucker.hartland@gmail.com>;1738815168;"updating CMake file, including an option to use srun in order to run tests on machines that use the slurm scheduler and wherein mpirun is not available
"
llnl_hiop;2e73a2d887d11ca4b700cc0d290f8f787720e278;Frank Wang <wang125@llnl.gov>;1615238428;"adding a second stopping criterion
"
llnl_hiop;2e7ccc5770b67d2d36695817c0a0f6a0a0e6b5da;Chiang <chiang7@sephiroth.llnl.gov>;1642225579;"create branch
"
llnl_hiop;2e91ece9b35fcc38f50c2ece1ef678f8f47625b8;Cosmin Petra <petra1@llnl.gov>;1574375048;"fixed a bug in timesVec in MDS matrix
"
llnl_hiop;2e927e49ec41eded4797ab51e88d24cfd127adb3;Asher Mancinelli <asher.mancinelli@pnnl.gov>;1607977129;"Merge pull request #146 from LLNL/full-build-matrix-dev

Full build matrix CI capability"
llnl_hiop;2e93e47812754bec2d7184c738193de5e32139e7;Slaven Peles <peless@ornl.gov>;1683651611;"Add IR setup method.
"
llnl_hiop;2ea4d74a70061bb50668f9a1d01d7b256d5303a9;chiang7 <chiang7@llnl.gov>;1636491374;"fix bugs
"
llnl_hiop;2ea51fb0666ecc206ceb4951f7cc3a2e04813154;Fritz Goebel <fritz.goebel@kit.edu>;1649349815;"Add tests for using Ginkgo solver
"
llnl_hiop;2ec4858019170d36d327413dfe22a14674af43e6;Cameron Rutherford <robert.rutherford@pnnl.gov>;1683303600;Allow Incline Build to fail
llnl_hiop;2ef1cc53f8ee3e10c0d7627cb71dfba15020ae55;Joey Pate <117757899+pate7@users.noreply.github.com>;1681240889;"Fix Assignment Typo in hiopMatrixSparseCsrCuda.cpp (#612)

This PR patches a type on line 157 of hiopMatrixSparseCsrCuda.cpp. The typo was an extra equals sign in a variable assignment which caused the assignment to act as a comparison instead.

Issue: #611"
llnl_hiop;2f012fa01af7265031da390387aa9688dfd660c2;nychiang <sorakid507@gmail.com>;1731453655;"test 1
"
llnl_hiop;2f1893d2af37e5c343e29157772d93e501fa1793;Asher Mancinelli <ashermancinelli@gmail.com>;1623944531;"Install pridecomp header
"
llnl_hiop;2f1fd8c52995abbe53acb015e9f93afb96b2f416;Nai-Yuan Chiang <chiang7@lassen708.coral.llnl.gov>;1600887375;"add support to sparse linear algebra. Code can be compiled. Without test for functionalities
"
llnl_hiop;2f500ddbe41478ee8a1c7c9604bdf4fd73443924;Cosmin G Petra <petra1@llnl.gov>;1605424951;"documentation for NLP sparse (#101)

* updated user manual for NLP sparse

* clean up documentation

* renamed a couple of methods too look more uniform with the rest

"
llnl_hiop;2f66f1a263e28f71d68e63642b365660c033b48a;nychiang <sorakid507@gmail.com>;1664329666;"editorial fix
"
llnl_hiop;2f91df09abe822cc033235ee8a33e62938830baa;Asher Mancinelli <ashermancinelli@gmail.com>;1623513518;"Remove const from copy functions, style guide
"
llnl_hiop;2fb7dc2773c48e92a109984fde7c3b7c29d84fc4;Slaven Peles <slaven.peles@pnnl.gov>;1583030112;"Added placeholder for matrix tests.
"
llnl_hiop;2fd2d28fcb473c29aa88848ec57296a698bf9d61;pelesh <slaven.peles@pnnl.gov>;1613175411;"Expand descriptions of style guidelines. (#185)

* Expand descriptions of style guidelines.

* changed guide on aligning else statements

* Updated style guidelines

- Make the rest of the guidelines consistent with Cosmin's `else` positioning update.
- Moved naming conventions ahead of the declarations guidelines.

Co-authored-by: Cosmin G. Petra <petra1@llnl.gov>"
llnl_hiop;2fd5ceee5fe300f6fc3502518abfa24f3a137309;Cosmin G. Petra <petra1@llnl.gov>;1580754051;"cosmetic - identation and typos
"
llnl_hiop;2fdde9e53f9194d2d7a99a72becc0a526231af41;Cosmin G Petra <petra1@llnl.gov>;1619554803;"CI scripts clean up (#222)

removed HIOP_USE_UMPIRE and replaced ENABLE_TESTING with HIOP_WITH_MAKETEST and HIOP_WITH_VALGRIND_TESTS"
llnl_hiop;2ff7abf46ca1e7ca9409c24b7cbd2a7a7e556398;Asher Mancinelli <ashermancinelli@gmail.com>;1624313209;"Update ascent variables
"
llnl_hiop;301bd03282f0528db85bb3d74f46c44cd44c66bb;Cosmin Petra <petra1@llnl.gov>;1596471372;"safe mode and error handling

both outer and inner loops
"
llnl_hiop;304434b834e27d458713675628d46dad26728864;Chiang <chiang7@sephiroth.llnl.gov>;1646290204;"remove temporary files
"
llnl_hiop;304c68d43f469b424f6265a0240a7ba9c210b391;nychiang <sorakid507@gmail.com>;1692823267;"add deepcheck
"
llnl_hiop;3062b68acebe59d17921703815374702ded6954a;Cosmin G. Petra <petra1@llnl.gov>;1618792889;"fixed a bug related to unmatching MPI calls
"
llnl_hiop;306aaa66e50c18100239a32503e0c6f444c3d705;Cosmin G. Petra <petra1@llnl.gov>;1587014491;"fixed a bug in the constraints evaluation
"
llnl_hiop;307d9ad9f054de704a81e1c8838e61a1d3433abe;Jingyi Wang <wang125@lassen708.coral.llnl.gov>;1607064258;"removed merge conflicts
"
llnl_hiop;308b5178a9ffc3cc87b831853dbb1c482941f6f2;Cosmin G. Petra <petra1@llnl.gov>;1573676045;"added documentation
"
llnl_hiop;309c102f4bc8a43f5f83fc55be588cd606a828a1;Jingyi Wang <wang125@llnl.gov>;1647882695;"quick update on techrep_main
"
llnl_hiop;30afcf9ac02de62c6507fbc8ead81b45743d33c8;nychiang <sorakid507@gmail.com>;1614973227;"fix hess evaluation
"
llnl_hiop;30c8e733732040c75df069379e311405078daa17;Slaven Peles <slaven.peles@pnnl.gov>;1612999241;"Address issues in copy to/from methods in RAJA vector.
"
llnl_hiop;30d1415eab7830b50e2db20783a78cca4e6e0968;Cosmin G. Petra <petra1@llnl.gov>;1587082888;"fixed a bug in transMatTimes

occuring in the parallel case
"
llnl_hiop;30d37b0c8ea4aa6cf71cb77f59100960cca18d0a;Cosmin G. Petra <petra1@llnl.gov>;1652395529;"changed signature to add_matrix_numeric

updated seq impl and calling code
"
llnl_hiop;30d37f918fd59adcb0933dd7e23818db7cbb47ba;Asher Mancinelli <asher.mancinelli@pnnl.gov>;1605666796;"Continuous Integration Fixes (#105)

Fixing cp flags causing errors on ORNL CI"
llnl_hiop;30f6f4fb39666fa52de92eba8fcb9be4fdf23501;rcrutherford <robert.rutherford@pnnl.gov>;1675988119;"Refactor LLNL scripts and move files to .gitlab.
"
llnl_hiop;310aa65ffb1769804f5b39659c158458add91a3f;Chiang <chiang7@sephiroth.llnl.gov>;1621373503;"fix issue 233
"
llnl_hiop;3116bcc0f833de7e465ffe6b57ebb549c29f695c;Frank Wang <wang125@llnl.gov>;1615221115;"some changes for hiopAlgPrimalDecomp
"
llnl_hiop;311b11fa0202b221c7ea944510f073af854ee884;Cosmin G. Petra <petra1@llnl.gov>;1677768634;"fixed omp compilation error
"
llnl_hiop;31218e4b925e36b2334ee324dbce66a805e7faf2;Cameron Rutherford <robert.rutherford@pnnl.gov>;1717713766;Update spack_build.yml to remove E4S cache and use newer OS
llnl_hiop;3145c25161e84dbed8bbad29de016a01b6d5fb14;Slaven Peles <peless@ornl.gov>;1692055889;"Test both, KLU+GLU and KLU+Rf+FGMRES, strategies in ReSolve
"
llnl_hiop;316a0ef21ae97afa02807ae45a192d0187d5b776;nychiang <sorakid507@gmail.com>;1660771960;"address C's comments and remove function print()
"
llnl_hiop;316f5e2d6e7253331455a6ee7831f3a40ad03c3d;Chiang <chiang7@sephiroth.llnl.gov>;1620242084;"add MDS_3 test
"
llnl_hiop;316ff75bd2887cae60acd0473ed6fa97e4343f36;Nai-Yuan Chiang <chiang7@llnl.gov>;1666047029;"create branch; fix mds raja example for raja+omp (#558)

"
llnl_hiop;3172f62594d2a1fad3befd2d01964629b1948b7e;Cosmin G Petra <petra1@llnl.gov>;1666372070;"proposed build fixes for when sources are not part of a git repo (#561)

"
llnl_hiop;317b1300a84dd9454d8cdf4c832fdd6f0e0c1cbe;Tucker Hartland <tucker.hartland@gmail.com>;1756395939;"further updates, parallel run info
"
llnl_hiop;31b960e850e01cf3b310403470774faec6610ea5;nychiang <sorakid507@gmail.com>;1601146367;"Add example for sparse case; Fix bugs and white space issue.
"
llnl_hiop;31dad4a6c14d69f948d87815851f76c980f61d10;Chiang <chiang7@sephiroth.llnl.gov>;1631661756;"minor fix
"
llnl_hiop;31f9553c36584a0b3374cb3f185bd6a8392b27f3;Cosmin G. Petra <petra1@llnl.gov>;1641317634;"check cuSPARSE version to determine which gather function to call

cusparseDgthr for cuSPARSE <11.7.0 and cusparseGather for cuSPARSE >= 11.7.0
"
llnl_hiop;320a4fcb11fbced24f905f64383dc4fa21bc708a;Cosmin G Petra <petra1@llnl.gov>;1605424274;Update README.md
llnl_hiop;321d5d3d2e398f7a1ffde3237e0d12281d378905;Cosmin G Petra <petra1@llnl.gov>;1638480915;Update hiop-policy-compatibility.md
llnl_hiop;322c1805a5736934d6dcf3ac5e428439f009fa5a;Juraj Kardos <juraj.kardos@usi.ch>;1564511690;"adding print method for the sparse matrix
"
llnl_hiop;3243531de0e871bd755bb4905c95341f38b94b1c;Cosmin G. Petra <petra1@llnl.gov>;1587058694;"left a TODO note in DenseConstraints interface

TODO: illustrative example/driver for the use of one-call constraints evaluations for this interface
"
llnl_hiop;3244e40ed8cb60a29f35c418659b70260c2d7a2f;Tucker Hartland <tucker.hartland@gmail.com>;1744307231;"adding the child class evaluator and using it for batched objective evaluations in the BO loop
"
llnl_hiop;3295382c9d873ad8db0f19d781f3223657ec1c91;Cosmin G Petra <petra1@llnl.gov>;1742590480;"added test for Ex1 with L2
"
llnl_hiop;32b43a49cb154d2706cabdec5814178632068f71;Cosmin G. Petra <petra1@llnl.gov>;1491402997;"fixed a compilation error occuring for -wpedantic
"
llnl_hiop;32b65541757c95e2358e24ecd956eb4008b59a05;Cosmin G. Petra <petra1@llnl.gov>;1645225584;"fixed missing or incorrect timer start or stop calls
"
llnl_hiop;32c15f28354f7279dc19c3a451bab7b2e1149229;Cosmin G. Petra <petra1@llnl.gov>;1590034153;"fixed bug in M1DinvM2trans for sparse matrices
"
llnl_hiop;32c816482070ca5334f664a696a23078481686c7;nychiang <sorakid507@gmail.com>;1693610240;"try to fix ginkgo issue
"
llnl_hiop;32d0a786704a205d304549ce86ff04e755b7f5c8;nychiang <sorakid507@gmail.com>;1604718373;"fix bugs for full sparse KKT system
"
llnl_hiop;32d9520b84439afb80a5c7cdbb216d9c4debbe9b;Juraj Kardos <juraj.kardos@usi.ch>;1564183252;"improved starting point, ala Matpower
"
llnl_hiop;32d9fb73a53eb7ddfde716a0631e414fba975544;nychiang <sorakid507@gmail.com>;1616656264;"use new function in quasi-newton method
"
llnl_hiop;32e1a31daaa0d0e5e7f9d43794390ad878ff5146;Nai-Yuan Chiang <chiang7@llnl.gov>;1641315480;"fix create_raw_array in ex4 (#386)

* fix create_raw_array in ex4"
llnl_hiop;32e830bf840ea4699f61865665dca390c0dba1b4;Nai-Yuan Chiang <chiang7@llnl.gov>;1655399752;"Add CI tests for C/Fortran interface (#490)

* add CI tests for C/Fortran"
llnl_hiop;32f29eca31df9e278b81da133e47a63142950e94;Tucker Hartland <tucker.hartland@gmail.com>;1752248482;"fixing a typo + being more verbose in describing an objective evaluator and a optimization (multi-point local search) evaluator
"
llnl_hiop;3302b0541fd88c21d31e0a69937f0622f821dea2;Slaven Peles <peless@ornl.gov>;1685678789;"Replace cusolver-lu -> resolve in CMake code and in HiOp output messages.
"
llnl_hiop;3314799f9368f5dcaa536cb2bd10e7b06f685c38;Cosmin G. Petra <petra1@llnl.gov>;1509745768;"inf-dim impl works for the test problem
"
llnl_hiop;331e33a680600edbb57f51cd039b9802aefb1e99;Tucker Hartland <tucker.hartland@gmail.com>;1761687853;"updates regarding lower bound of variance
"
llnl_hiop;333c498b1993d95930b348b60a55c1a6eb2a622c;Chiang <chiang7@sephiroth.llnl.gov>;1620164399;"remove MDS_ex6; support empty sparse rows in MDS_ex4
"
llnl_hiop;3367f615245768569ef23336c44d7793987e33e8;Jorge Alejandro Chumbipuma <chumbipuma1@lassen709.coral.llnl.gov>;1752766962;"Fix build: add stubs for one-call eval_cons and eval_Jac_cons; fix option setter API to SetStringValue
"
llnl_hiop;3381c75a302f6055cc2e9d9444c3e3f9f098477b;Cosmin G. Petra <petra1@llnl.gov>;1589244658;"added support for IC perturb in errorCompressedLinsys (resid calculation)
"
llnl_hiop;3390b833f98f68d619a997a670cd8a4f13aab12f;Cosmin G. Petra <petra1@llnl.gov>;1640374289;"working version of cuSolver chol

similar and better times as cpu linear solver, same level of accuracy
"
llnl_hiop;33a0b25b781ec2ad21dc6c1643d78118aaa0775b;Tucker Hartland <tucker.hartland@gmail.com>;1756862784;"typo fix and having the constraint evaluator just return true if there are no constraints as for the CI script
"
llnl_hiop;33a29c523602014e6b2a2264a99e0e88e3d63d37;Cosmin G Petra <petra1@llnl.gov>;1619473748;"fixed issue in matrix class 

for when there are zero local vars per the mpi rank (fixes and closes #221)"
llnl_hiop;33a99ff65e17f6e5e551fc6e2acbe25ee5d0dc67;nychiang <sorakid507@gmail.com>;1603231425;"Merge branch 'develop' of https://github.com/LLNL/hiop into develop
"
llnl_hiop;33ba857de68c1e2ea4d21379ae9754af9a5d5312;Asher Mancinelli <asher.mancinelli@pnnl.gov>;1605304188;"Fixing cp flags causing errors on ORNL CI
"
llnl_hiop;33db20cf36b11234351c074f63159757a362a17d;Cosmin G Petra <petra1@llnl.gov>;1522357079;"cmake for vulcan
"
llnl_hiop;33e1fc50d68f1a0e96f6a06650d236a3f803ced3;Cosmin G. Petra <petra1@llnl.gov>;1586800703;"fixed corner cases

trouble in pointer arithmetic on empty vecs
"
llnl_hiop;33ec440e8fc881f50bd4b9c7b869d2bbd0aa20ae;Chiang <chiang7@sephiroth.llnl.gov>;1632866017;"minor editorial changes
"
llnl_hiop;342eb99ec16d45f57a492be1bf1e39cce73995a5;Cosmin G Petra <petra1@llnl.gov>;1647634090;"CSR interface draft + CPU implementation (#407)

* draft of functionality needed from CSR matrix class

* updated times methods, added add methods

* implemented matrix mult

* implementation of conversion from triplet and triplet transpose

* CSR Matrix CPU kernels implemented

* implementation based on the new CSR matrix class (CPU)

* update of the CSR host matrix class

* removed some output

* added KKT safe mode on/off switching in AlgFilterIPM

* fixed leftover break

* renabled while loop for mu reduction

* Inertia free fix for condensed system (#412)

* fix inertia-free for condensed sys

* fix: singular/non-PD matrix after adding regularization

* updated  KKT timing to better record and display  Krylov-related solves

* updated timers (#431)

* updated KKT timing to better record and display  Krylov-related solves

* fixed missing or incorrect timer start or stop calls"
llnl_hiop;343f6745993d5f77e0dc842f4333e94adf5b5108;Asher Mancinelli <ashermancinelli@gmail.com>;1646169535;"Fix calls to abs and fabs
"
llnl_hiop;3460a6c45f516ede61a1b0b40d40ab05662ebaa4;nychiang <sorakid507@gmail.com>;1659993404;"fix conflicts
"
llnl_hiop;346f19ea7c08a2b7d72813ff18a0cffe90ccee49;Asher Mancinelli <asher.mancinelli@pnnl.gov>;1616164095;"Switch slurm partitions for marianas to dl_shared
"
llnl_hiop;34a6a98778af968d8225272e6438c56650f7cc3c;Cosmin G. Petra <petra1@llnl.gov>;1652207626;"updated logic in condensed linear algebra and the driver example
"
llnl_hiop;34b10149fb1542bc627487542128b8672ad1a4fa;Tucker Hartland <tucker.hartland@gmail.com>;1761244557;"adding more comments as I work on understanding bnb algorithm
"
llnl_hiop;34b32d06f2ca7ffa12257ec77a4b5b3dd699ab8e;rcrutherford <robert.rutherford@pnnl.gov>;1659727920;"Disable ginkgo+cuda test on Marianas.
"
llnl_hiop;34bbc8265a31e966cb295346c6ef475e33870bf0;Cosmin G. Petra <petra1@llnl.gov>;1591653292;"primal-dual get_starting_point method

 in the C++ interface
"
llnl_hiop;34bbfa2baf93017e8499b8d9391cb0f465608bea;Tucker Hartland <tucker.hartland@gmail.com>;1752025907;"multistart local search now can be done in parallel. this required removing various lambda functions as they are incompatible with the pickling that is done in the backend of the evaluation_manager
"
llnl_hiop;34c57d10bd11f2964108be85c854c27663a05184;Slaven Peles <peless@ornl.gov>;1684121648;"Separate cuSolverLU solver control logic from implementation details.
"
llnl_hiop;34d897e8e6ad0b8a4ecda9c99bf392f9f0b51f73;Nicholson Koukpaizan <koukpaizannk@ornl.gov>;1663870317;"Removed several extra CMake arguments in the Summit script
"
llnl_hiop;34f6716daa054fb67cc7f8036a859cf59c2d8a78;Cosmin G Petra <petra1@llnl.gov>;1753911726;"fixed warning re: variable length arrays in C++
"
llnl_hiop;35026dbd2ba5664593f9dbee118493976135586c;Peles, Slaven <slaven.peles@pnnl.gov>;1596063657;"Implemented RAJA-based dense matrix class.
"
llnl_hiop;352c6ec4e48140d2035c5901c0ef93e1fc564692;nychiang <sorakid507@gmail.com>;1683141825;"fix after rebase
"
llnl_hiop;353268c27052b65deab71d585a38b5b08495e5a8;nychiang <sorakid507@gmail.com>;1678149739;"try to fix marianas raja issue
"
llnl_hiop;353e9ac083cb399cc552425a6aa5ef842bb45820;Cosmin G. Petra <petra1@llnl.gov>;1512098068;"Bugs found on quartz
"
llnl_hiop;354b82be87d067595160a605b768553391a55d96;Cosmin G Petra <petra1@llnl.gov>;1724879308;"integrated AXOM

code compiles; does nothing
"
llnl_hiop;3564bf43def7a28ac31483820c03fec55e8b5a20;Chiang <chiang7@sephiroth.llnl.gov>;1623267740;"use new index types from PR242
"
llnl_hiop;35652fa88f1f845ebec02715a07e4f35dad3ae4b;Joseph Macam <joseph.macam@pnnl.gov>;1664911127;"removes cloning in pnnl_cleanup and test_on_lassen/quartz/compute_node
"
llnl_hiop;35729469c87a92468c93ffd28546a4ae50cc516e;nychiang <sorakid507@gmail.com>;1654034749;"add ex1 fortran version
"
llnl_hiop;3579828946d7239e2087338dcf095066fa02a0f0;Cosmin G Petra <petra1@llnl.gov>;1725466788;"removed save checkpoint callback from the interface
"
llnl_hiop;357ac1f200af43ff1fb49c074cf68abdca093594;nychiang <sorakid507@gmail.com>;1756934288;"use SLSQP in example
"
llnl_hiop;35cc8198e8b92b5d29ccefa01b2d1dacd9954295;Cosmin G. Petra <petra1@llnl.gov>;1480549652;"support for linear damping terms
"
llnl_hiop;35d5468716250bed4131569fc843ef6125692a07;nychiang <sorakid507@gmail.com>;1756500077;"fix
"
llnl_hiop;35e96943815041a31396f5542c8ccad33ef5b774;Cosmin G. Petra <petra1@llnl.gov>;1573489826;"refactorized code: moved generic IPM code from QN to a base class

- full Newton IPM will reuse base class
"
llnl_hiop;360676692045169b6b5eb1c3bc2e7058aad226ec;nychiang <sorakid507@gmail.com>;1605066047;"fix index when print out dense matrix
"
llnl_hiop;362933b1346d3cbcd6f6b155bba4932e50963526;Cosmin G. Petra <petra1@llnl.gov>;1605424702;"Merge branch 'nlpsparse-doc' of github.com:LLNL/hiop into nlpsparse-doc
"
llnl_hiop;3640ce642345206013d8c3b3501bc56b54a120f9;Cosmin G Petra <petra1@llnl.gov>;1744733597;"preps for minor release 1.1.1
"
llnl_hiop;364708f0326aeea2d62449f16f0d389866e22f73;Cosmin G. Petra <petra1@llnl.gov>;1589590548;"cosmetics
"
llnl_hiop;365c63be889b3cbef43a75c5acdc7dcab7da8bd4;Sayef Azad Sakin <ssakin@moonshot.cels.anl.gov>;1656095087;"fix gingko integration
"
llnl_hiop;3674eca578d433fdb3913626b5425c77fac8489c;Asher Mancinelli <asher.mancinelli@pnnl.gov>;1624392585;Merge branch 'develop' into update-ci-dependencies-fix
llnl_hiop;36ab06dfc86a664fe2b26ab5765a5f5884a401cd;nychiang <sorakid507@gmail.com>;1742918145;"fix bug, turn on CI
"
llnl_hiop;36cbaa15bd51b4ef96846fa0907e4a1b2b8479f7;Cosmin Petra <petra1@llnl.gov>;1578072208;"misc
"
llnl_hiop;36d981471a7a47a68ef0a5298eb224c9fead859f;Nai-Yuan Chiang <chiang7@llnl.gov>;1739219966;"use C++17 (#703)

* create branch

* fix"
llnl_hiop;36e6c87eeece753a58eea52393154130ee07fc9e;Slaven Peles <slaven.peles@pnnl.gov>;1585874687;"Merge branch 'dev/NewtonMDS' of github.com:LLNL/hiop into dev/NewtonMDS
"
llnl_hiop;372075fa5f88ce5e90e75c4ffbf26a7c1e3fcaf3;Asher Mancinelli <asher.mancinelli@pnnl.gov>;1618253542;"Use spack for dependencies
"
llnl_hiop;374b09de1b6d135a77a5d90e67bcf9fd7a12bd71;Cosmin G. Petra <petra1@llnl.gov>;1626212622;"passed pridec_master options file to hiop master NLP solver
"
llnl_hiop;37566ff891cf980ad518c4612e568ec8a0ccbad4;Cosmin Petra <petra1@llnl.gov>;1576540732;"clean up and cosmetic
"
llnl_hiop;37918220460fcfb7045309b93ebda3b8c4e5f49c;Cosmin G. Petra <petra1@llnl.gov>;1632938038;"added reference to asynchr paper of Frank et al
"
llnl_hiop;3797822b0e8d845e7f304994e40b94e592dedc5d;Slaven Peles <peless@ornl.gov>;1648571210;"Removing fake inertia for cuSolver from duals updater.
"
llnl_hiop;37a8de07066e50c18492dbe624125caa6b729860;Tucker Hartland <tucker.hartland@gmail.com>;1744816632;"removing a print statement
"
llnl_hiop;37ae351561b0e5608559f768d2758a9a6a26c231;Cosmin G. Petra <petra1@llnl.gov>;1486061440;"code refactorization for the 'DualsUpdate'
  - code working now with the Newton Linear dual update
  - next: implementation of the LSQ duals update
"
llnl_hiop;37b420da54bb8b8433a72538bf8db692c9f987bd;Cosmin G. Petra <petra1@llnl.gov>;1643844931;"removed some output
"
llnl_hiop;37cf76888d1059d653a8692cfc42fde84427ce14;Cosmin G Petra <petra1@llnl.gov>;1747938807;"fixed compilation error for non-mpi
"
llnl_hiop;37e3b1e4990ad658d01af0692bf47a18e67153df;Rutherford, Cameron <robert.rutherford@pnnl.gov>;1678142214;"Try long curl command based on GitHub docs.
"
llnl_hiop;37ea1152e2bad45e22ea5a27b9aa19158e247112;Cosmin G Petra <petra1@llnl.gov>;1623247379;"replaced `long long` with generic `hiop::int_type` (#242)

* replaced 'long long' with generic hiop::index_type and hiop::size_type 

* C interface uses index and size int types

* moved hiop types to a header shared by both C and C++

* MPI Datatype was set to generic HiOp index and size integer types

* formatting with C++ stream to take advantage of overloading
"
llnl_hiop;37f72b2d8a0c31a627f0001c3756b67c52515a4c;Chiang <chiang7@sephiroth.llnl.gov>;1630091305;"new branch for inertia-free approach
"
llnl_hiop;37fcd0cabca4ea05caa9484c52e6c157a18ebb8c;nychiang <sorakid507@gmail.com>;1602032109;"add example 7
"
llnl_hiop;38529b280d06c35b7b8fd6f6022d0cc32e7d9a7b;Cosmin G. Petra <petra1@llnl.gov>;1565966524;"explicitly requiring C++11

guess some older version of g++ defaults to a previous standard
"
llnl_hiop;3854e36a85f12cfe05e7ddac6ebf4ea1b9b88912;Cosmin Petra <petra1@llnl.gov>;1577127152;"addSubDiagonal-related update
"
llnl_hiop;385fb2d3d8e377b8e4e3bc6a2bd2f90aa8089e4d;Jingyi Wang <wang125@lassen709.coral.llnl.gov>;1606858641;"update ex8 class
"
llnl_hiop;38762aff192a91a8ce6c0271471cdbfd303d0593;nychiang <sorakid507@gmail.com>;1744265755;"move constraints into Problem class
"
llnl_hiop;387ec0792254f035fa02a8a93e52e3a70eb6ed43;Cosmin G. Petra <petra1@llnl.gov>;1625512148;"misc small fixes
"
llnl_hiop;38961c85e3571f22dab2948ffb30026037051461;Cosmin G Petra <petra1@llnl.gov>;1626467400;"Linear Algebra factory supports multiple memory spaces (#274)

* memory space is a parameter for create_vector, create_vector_int, create_matrix_dense, create_matrix_sparse, and create_sym_sparse (the method were renamed)

* added hiop::toupper and fixed a conflict with the stl::toupper

* PriDec solver was updated as well"
llnl_hiop;38c4da01c4ccea5f193dcc7ce3203b2482283725;Cosmin Petra <petra1@llnl.gov>;1574268254;"addUpperTriangleToSymDenseMatrixUpperTriangle in matrix classes

and some bug fixing
"
llnl_hiop;38c7f3a588f302475b5fda3a904d12cbccb7f0f7;Cosmin G. Petra <petra1@llnl.gov>;1606367799;"Merge branch 'develop' into interfaces-dev

* fixed compilation errors
* cpu code working
"
llnl_hiop;38f35c267c242c15cbccf9ed6fe28601c832c10f;kswirydo <kasia.swirydowicz@gmail.com>;1631673768;"cleanup - warnings
"
llnl_hiop;3944fd04f9d5f620596589c08c656a455022d973;Cosmin G. Petra <petra1@llnl.gov>;1482973620;"reformated a warning message...
"
llnl_hiop;395bdd0263fb58bd7e90806e3b72d709b761301a;Cosmin G. Petra <petra1@llnl.gov>;1638480743;"added CHANGELOG file
"
llnl_hiop;39651fe3f1e7eb25fcd9900dcd7946870f7c9ad9;Asher Mancinelli <ashermancinelli@gmail.com>;1638472551;"Create local pointer to fix lambda capture
"
llnl_hiop;398f2605d4ab69d03accc7ec1c17934c975c99df;Slaven Peles <peless@ornl.gov>;1684177896;"Fixed bug in unfriended IR class (I think).
"
llnl_hiop;399afae3db9b9858f16df66b84d2c32f90186021;Cosmin G. Petra <petra1@llnl.gov>;1482960767;"added methods for computing the gradient of the log barrier
"
llnl_hiop;39d60bf493de042c4ff5fd31510e974593a980fe;Asher Mancinelli <asher.mancinelli@pnnl.gov>;1583299902;"test infnorm
"
llnl_hiop;39defbf6689c005d3e41a2387d0f277ec4fb1449;Nai-Yuan Chiang <chiang7@llnl.gov>;1608579558;"fix issue #163 (#164)

"
llnl_hiop;39ffcc5c4e56650a3c5f1843ba18e06ec2cb9b1b;Cosmin G. Petra <petra1@llnl.gov>;1648568085;"instrumented sparse LSQ updater with return codes.
"
llnl_hiop;3a0a26cb181df85f663ec50d4243cd7e9de1b214;shakedregev <35384901+shakedregev@users.noreply.github.com>;1571695793;"Merge baeec961e54be637c0033d51270e7530dd01571a into c52a6f6b9baaaa2d7f233a749aa98f901349723f
"
llnl_hiop;3a4af1cffab9d027db2c166271855361a0dbb4c6;Asher Mancinelli <ashermancinelli@gmail.com>;1630023376;"Add job step to watch pnnl ci results
"
llnl_hiop;3a4ee914bf651ec1451aaa748c7523c94ee8d95d;nychiang <sorakid507@gmail.com>;1678729973;"clean the code
"
llnl_hiop;3a656de82e51babcee9f13abfa8416d8edddcfad;Cosmin G Petra <petra1@llnl.gov>;1752679483;"fixed a bug - Nmat was not copied correctly
"
llnl_hiop;3a750b24a6f8a05b4038adc45b901fb10c71e6da;Fritz Goebel <fritz.goebel@kit.edu>;1649255224;"Reintroduce fake inertia for sym sparse ginkgo solver
"
llnl_hiop;3a95f498d935de60abb276108c31aed27a238fe4;Cosmin G. Petra <petra1@llnl.gov>;1573849498;"fixed a couple of issues in computing Jac and Hess

- work in progress
"
llnl_hiop;3a9b019bbe0c6cf91d7a8be6776458121080820a;nychiang <sorakid507@gmail.com>;1752597004;"update credential
"
llnl_hiop;3aaf5b73526182e288812119c9bd4786ca389760;Nai-Yuan Chiang <chiang7@llnl.gov>;1637370746;"Merge 46876ca3f7fcfdc8c80742e36e246deb697f1ea6 into 911c2a84689fe086e5c5b3dc64498f6943d5cf0a
"
llnl_hiop;3ac7fdc76ed72c40b8532609862806241c7ea95f;Cosmin G. Petra <petra1@llnl.gov>;1590540530;"axdzpy_w_pattern added to base/interface vector

fixes Issue#23 Issue #23
"
llnl_hiop;3ae4757a33c9b8ad445fc022f112b0ee9987af69;nychiang <sorakid507@gmail.com>;1634144866;"compute scaling factor from user specified initial point
"
llnl_hiop;3aff2913ee7b20c99de82444c34071277abccff7;Tucker Hartland <tucker.hartland@gmail.com>;1746655744;"MPIEvaluator inclusion
"
llnl_hiop;3b056aee4aab8d7db051d10bdb4da77b4ff81f5e;Chiang <chiang7@sephiroth.llnl.gov>;1623217219;"fix cmake file
"
llnl_hiop;3b08f4400626c2e06d9295e622e0e53d78aeb2e0;Frank Wang <wang125@llnl.gov>;1614468457;"Fixing a bug
"
llnl_hiop;3b1aac6f028ffb3f6d3a30b4a340e5207330c278;nychiang <sorakid507@gmail.com>;1603165050;"fix conflics due to git rebase
"
llnl_hiop;3b235a04a62ef2c4f036b1c58d902a2d24788973;Cosmin G Petra <petra1@llnl.gov>;1652211771;"User options for condensed linear algebra (#464)

* update notes on the use of ""linear_solver_sparse"" option

* add cusolver-chol to consistence checking logic

* updated logic in condensed linear algebra and the driver example"
llnl_hiop;3b27e70a025f748453af877062d8d95b50087512;Cosmin G. Petra <petra1@llnl.gov>;1563573473;"some results
"
llnl_hiop;3b2ab5d53a39f9a6d2a6a8abf4074a877a84b5ee;nychiang <sorakid507@gmail.com>;1743010006;"save y_opt from 1000 runs
"
llnl_hiop;3b31fd0dca7ec14a8c42e4efd4a3df508e703e1e;Asher Mancinelli <asher.mancinelli@pnnl.gov>;1589393709;"added style guide for RAJA; clarified branch naming conventions
"
llnl_hiop;3b42f8df5f06de139baa5ad174ab5b8874b7c5c4;nychiang <sorakid507@gmail.com>;1677549650;"update cmake file
"
llnl_hiop;3b56b841a1a5babeaaeea0ebb3859d9e9cb85e13;Philip C. Roth <rothpc@ornl.gov>;1680891761;"Make NB communication debug asserts optional.
"
llnl_hiop;3b5ea2b4a3b4084d2ec4664412700248c842c7a6;Cosmin G. Petra <petra1@llnl.gov>;1666113667;"fixed flawed logic related to HIOP_SPARSE
"
llnl_hiop;3b65d5c1139832b7a02f31b58b381a655ee3b959;Asher Mancinelli <ashermancinelli@gmail.com>;1613713395;"Merge ee4397e8ed85d62534df2f59aee93f6158130d0b into 9eb026768bc5e0a2c1293d0487cc39913001ae19
"
llnl_hiop;3b8a61bc41c80074a1aa8b1b35ac9bb331893d3b;Slaven Peles <slaven.peles@pnnl.gov>;1612994135;"Fix incorrect memory space setting in RAJA dense matrix.
"
llnl_hiop;3b93a12ff48504b1092431b69c2f8f58149dd2f5;Asher Mancinelli <asher.mancinelli@pnnl.gov>;1607710089;"destructor to fix memory leak in intvec
"
llnl_hiop;3b9bb6d136c102836d2bc87831ac1a4193cff0da;Chiang <chiang7@sephiroth.llnl.gov>;1630117827;"add some functions to vectorInt and its corresponding unit test
"
llnl_hiop;3b9dba5d132b6e4d3e9bd34daad2809f8aeccd13;Cosmin Petra <petra1@llnl.gov>;1582556865;"cosmetics - printing
"
llnl_hiop;3ba75409d9aee97a3527597dfbeaf7bc733d596f;Cosmin G. Petra <petra1@llnl.gov>;1605111292;"build system updates

- builds without STRUMPACK (SparseKKT class was updated)
- add ""dl"" when coinhsl is linked with
- left some further todo items
"
llnl_hiop;3bb4082c288d381db8d06d0bee5ae789041cd109;nychiang <sorakid507@gmail.com>;1611983908;"current implementation
"
llnl_hiop;3bcd263216695105a7bab3cb41c075cd5d0bb315;Rutherford, Cameron <robert.rutherford@pnnl.gov>;1725397824;"Fix spacke => spack typo.
"
llnl_hiop;3bd39afc268d6cf917894941a46b0f1d015dd783;Nai-Yuan Chiang <chiang7@llnl.gov>;1694055617;"try to fix the CI tests on github (#654)

* try to fix the CI tests on github

* try to fix the CI tests on github

* add deepcheck

* pass quartz CI

* build on lassen

* remove some unused var

* fix PNNL CI v1

* try to fix ginkgo issue
"
llnl_hiop;3beb68bf59d54b91ea7db751f3a2302790936d66;Nai-Yuan Chiang <chiang7@llnl.gov>;1634919737;"update matlab matrix reader for the input files without rhs and sol (#346)

Co-authored-by: Chiang <chiang7@sephiroth.llnl.gov>"
llnl_hiop;3c00274e2ed4e3863a088b69cc04144670891f2b;Ian Smith <ian.smith@pnnl.gov>;1606176041;"switching to spyoungtech/mirror-action to facilitate https instead of ssh based mirroring
"
llnl_hiop;3c01eff710afbf273c7e829ecae9802fb80f32ee;Cosmin G Petra <petra1@llnl.gov>;1747266413;"fixed bugs cuda and hip
"
llnl_hiop;3c0be70f7d90cd0cdf3c0fb215d5c08130ba4654;Cosmin G. Petra <petra1@llnl.gov>;1586803702;"adtl corner case in MDS driver

no inequalities
"
llnl_hiop;3c30ac64edc8649b698dbf19e76de8b8d30b6ee3;Slaven Peles <peless@ornl.gov>;1684177896;"Fixed bug in unfriended IR class (I think).
"
llnl_hiop;3c38a355d970ee5ae2ff914cf3d4aba8c56e31dd;Cosmin G Petra <petra1@llnl.gov>;1605424951;"documentation for NLP sparse (#101)

* updated user manual for NLP sparse

* clean up documentation

* renamed a couple of methods too look more uniform with the rest

"
llnl_hiop;3c3c53fdaab797227d97428b657809c9aaa4648d;Cosmin G. Petra <petra1@llnl.gov>;1641241076;"only cuda dependencies for Chol GPU solver

also added options for choosing the ordering
"
llnl_hiop;3c411dff0b5193067cffc1736ba2e4aa989f7e1a;Cameron Rutherford <cameron.rutherford@me.com>;1607380734;"Updating MPI configurations for testing (#135)

* Updated testing commands and build script

* Added checking for use of MPI when setting testing commands.

* Made MPI options specifyable through CMake and added configurations to build script.

Co-authored-by: rcrutherford <robert.rutherford@pnnl.gov>"
llnl_hiop;3c4763fadc469611681ce286020891c7e0344fb6;Asher Mancinelli <asher.mancinelli@pnnl.gov>;1609276790;"fixing ci label always blocking
"
llnl_hiop;3c74238c978c35c94dd916cbf55571a7bfd4744c;Asher Mancinelli <asher.mancinelli@pnnl.gov>;1624296521;"Fix buildsystem and RAJA policies regarding HIP (#246)

* Fix buildsystem and RAJA policies regarding HIP

* Clarify language in cmake error [skip ci]

* Fix magma cmake option

* Update exported cmake targets for hip
"
llnl_hiop;3c7dd09d2425bad699df95ca1a92c8f9b66df8c1;rcrutherford <robert.rutherford@pnnl.gov>;1621462296;"Fix export configuration for build w/o GPU.
"
llnl_hiop;3c843b73e48ff531aa73c0ea360700db4628cc68;Nai-Yuan Chiang <chiang7@login1.ascent.olcf.ornl.gov>;1670688474;"fix
"
llnl_hiop;3c939c7803b20b30b348c04c10b5ab233164aae2;Asher Mancinelli <ashermancinelli@gmail.com>;1634770093;"Fix issue with invalid device function
"
llnl_hiop;3cab2ed028efd41c3e870cf1f753326a972d2c69;Rutherford, Cameron <robert.rutherford@pnnl.gov>;1676936643;"Remove waiting for pipeline status.
"
llnl_hiop;3caefd0111318c897a4269ec0948b32420fdbd84;Cosmin G. Petra <petra1@llnl.gov>;1586556589;"Merge branch 'dev/kronNeMDS' of github.com:LLNL/hiop into dev/kronNeMDS
"
llnl_hiop;3cb57c8f72f13f2990860f257b8a58f59585ef22;nychiang <sorakid507@gmail.com>;1650067380;"add options to control outer IR
"
llnl_hiop;3cf71af058f2df007dbaf25cf5b1fb845e5ad479;Cosmin G. Petra <petra1@llnl.gov>;1727468968;"changelog and bumper version
"
llnl_hiop;3d04c1448067281db01737e877b742c4dd875380;Rutherford, Cameron <robert.rutherford@pnnl.gov>;1676938692;"Add TODO for getting pipeline status functioning.
"
llnl_hiop;3d1f7c2b68d5664aa5319e387974719eb937a4d3;Tom Epperly <tepperly@gmail.com>;1669054923;"Calculate the inverse objective scale correctly. (#570)

* Calculate the inverse objective scale correctly.

* Update hiopNlpFormulation.cpp

Co-authored-by: Nai-Yuan Chiang <chiang7@llnl.gov>"
llnl_hiop;3d20719347845518dabd57e6dd75e37c1b07c4e3;nychiang <sorakid507@gmail.com>;1655445975;"fix raja implementation
"
llnl_hiop;3d529537f8e8f16e706d0e723ece083cb91b3399;Nai-Yuan Chiang <chiang7@llnl.gov>;1647551563;"Fix FR by using Example 10 (#421)

* create ex10 and fix FR

* fix FR and add comments

* add CI test

Co-authored-by: Chiang <chiang7@sephiroth.llnl.gov>"
llnl_hiop;3d5b9a64d4afe5c05f393caeade4a8ee67ddd5ee;Nai-Yuan Chiang <chiang7@llnl.gov>;1695782607;"create branch, switch to cpp14 (#661)

"
llnl_hiop;3d60c2861dd50c6301b11cc34374545f821d9c70;nataliarodriguez-uc <natalia_rodriguezuc@berkeley.edu>;1754288310;"updated bnb from max to min
"
llnl_hiop;3d65817e475689feb6dac8fb43f88ed3cf9a459a;pelesh <peless@ornl.gov>;1648598280;"Update cuSOLVER interface to remove calls to deprecated functions. (#427)

* Removing obsolete 'fake inertia' calls from cuSOLVER interface.

Co-authored-by: kswirydo <kasia.swirydowicz@gmail.com>"
llnl_hiop;3d691b9bd714a55f281e2c2ab34e15cac7af79c5;Cosmin G. Petra <petra1@llnl.gov>;1588827144;"updated PDPerturb calculator

added addtl members and propoagated downstream
"
llnl_hiop;3d7158f8e2190a22c8a6a5319e00b6cb5de07de1;Chiang <chiang7@sephiroth.llnl.gov>;1624509829;"add unit test
"
llnl_hiop;3d83caf11f16ca34b159a4684d5533de785e86c4;Chiang <chiang7@sephiroth.llnl.gov>;1646951155;"add CI test
"
llnl_hiop;3d87284243661e130918171401e01baf20e8a557;nychiang <sorakid507@gmail.com>;1655252975;"remove temp files
"
llnl_hiop;3db80d3c83246d5318ee647331fe3246c4b1f8be;Cosmin G. Petra <petra1@llnl.gov>;1584714595;"fixed forgotten returns in non-void methods
"
llnl_hiop;3dcfe5ba01aeec1a958c4817766ed45c9e3682ee;Chiang <chiang7@llnl.gov>;1648090170;"address Asher's comment
"
llnl_hiop;3dd117864be61059a6671c61c7cf3c2b7498e5f6;Chiang <chiang7@sephiroth.llnl.gov>;1627623637;"no scaling in FR
"
llnl_hiop;3dd20500a27b83feade445f15ee39e7b55e0f03c;Slaven Peles <peless@ornl.gov>;1646853801;"Addressed Cosmin's comments.
"
llnl_hiop;3dd463bf3077e61a362c20b04c68620a7670ca03;Cosmin G. Petra <petra1@llnl.gov>;1491432258;"Least-square update and initialization of the duals

Code working correctly.

Other changes include adding an option member in the algorithm class, getters for individual members in hiopIterate.
"
llnl_hiop;3de504c7a1efd17a166157c023830cae8d35393c;Cosmin G. Petra <petra1@llnl.gov>;1642793774;"fixed bug
"
llnl_hiop;3de7941d7d86ee6094a80228cea07454e2b418c5;Nai-Yuan Chiang <chiang7@llnl.gov>;1660193328;"Cmake fortran example fix (#525)

* update cmake "
llnl_hiop;3df707b07a46843c8258f9ee1329549794149ce5;Cosmin G Petra <petra1@llnl.gov>;1644274009;"relaxed tol and variables/cons (#408)

"
llnl_hiop;3df8279ca479a7e9bd7e10928a29d2a67bf6b782;Cosmin G. Petra <petra1@llnl.gov>;1664562737;"updated CHANGELOG - CUDA CSR
"
llnl_hiop;3e0a1205e932fea1f15943f5c79859eba8f1d4ca;Cosmin G. Petra <petra1@llnl.gov>;1674685007;"fixed a bug in the templated transfer implementation
"
llnl_hiop;3e0d7112106b4058f4d37ab889b89773be7d706e;Cosmin G. Petra <petra1@llnl.gov>;1648493573;"fixed logic for returning under safe mode
"
llnl_hiop;3e15529be0b07272a067006b941daad6ffdca8dd;Asher Mancinelli <ashermancinelli@gmail.com>;1652286536;"Add recursive git submodules to ci
"
llnl_hiop;3e1a8b3f20047a50c3d01e5a08efcca1553d1983;nychiang <sorakid507@gmail.com>;1745548081;"add support to solver trust-const; add support to vectorized constraints
"
llnl_hiop;3e23dd40a797b3ad64b5f8ea8538b536cd3117df;Cosmin G Petra <petra1@llnl.gov>;1640715770;"NLP class for relaxing eqs to two-sided ineqs (#379)

- added option for relax factor
- updated Ex7 to perform a second solve with the new NLP formulation"
llnl_hiop;3e2d3921645634d895db99982e53861b1e43e793;Cosmin G. Petra <petra1@llnl.gov>;1482454655;"this the version of the low-rank Hessian class that works (directions seems to be computed correctly now)
  - fixed the sign in the compact representation: DhInv - DhInv*....
  - got rid off the permutation of the symmetric indefinite matrix V since it was producing highly unsymmetric matrices. Lapack dsytrf takes care of numerical stability
"
llnl_hiop;3e314f32db02ae559ea8db0615495561311068f3;Cosmin G. Petra <petra1@llnl.gov>;1673481810;"fixed header name
"
llnl_hiop;3e36fcc7eaf63ab1307c58f0beb79dce7ac4c928;Cosmin G. Petra <petra1@llnl.gov>;1593473447;"added times for Hessian evaluations
"
llnl_hiop;3e394227c250d47ef557d7d0c086036c6d038bca;Slaven Peles <slaven.peles@pnnl.gov>;1586195861;"Remove quotes from definition of HiOp math libs (fixes linking problem?)
"
llnl_hiop;3e766ba13ea3625f552cc4ed3ae6560279aa1ebf;Cosmin G. Petra <petra1@llnl.gov>;1563317571;"added readme
"
llnl_hiop;3ecad1d6e70cb45556442f3429a5d05b4a37a3cd;Cosmin G. Petra <petra1@llnl.gov>;1644278090;"Merge branch 'csr-interface-dev' into linsolv-safemode-dev
"
llnl_hiop;3efe051e68f5f342371dddfe1c39ad902782bbb1;Cosmin Petra <petra1@llnl.gov>;1586238554;Update plan.md
llnl_hiop;3f00225e47c1ecbeeb41f2341158e7ad2103a007;Cosmin G. Petra <petra1@llnl.gov>;1618855733;"Merge branch 'develop' into linsolv-modes-dev
"
llnl_hiop;3f0daa0b01f746b6f60dcfaf55108b048962cbb6;nychiang <sorakid507@gmail.com>;1678529143;"correct RAJA implementation
"
llnl_hiop;3f269560f76d5a89bcbd1d3c4f9f0e5acaa6fd64;Cosmin G. Petra <petra1@llnl.gov>;1617903170;"Merge branch 'nychiang-offdiag-mat-fix' into develop
"
llnl_hiop;3f2f9d0e716ad5bfdaa7aecf6b6ae9836583e436;Cosmin G. Petra <petra1@llnl.gov>;1645036896;"rewording
"
llnl_hiop;3f40d99197e19f848e77d7e5a6fc72d0cc81757c;nychiang <sorakid507@gmail.com>;1653375090;"first working version
"
llnl_hiop;3f73478ff7ba373210735268b1598ded13ee0901;Chiang <chiang7@sephiroth.llnl.gov>;1624401853;"add RAJA copySubMatrixFromTrans and unit test
"
llnl_hiop;3f9261581ae9d401e851636af45d5b53483ce8b1;Tucker Hartland <tucker.hartland@gmail.com>;1760719837;"cleaning up the debugging notebook. success with many features. now need to ensure smt/what we do for computing varance is the same in order to get consistent upper bounds of the variance. for now the scaling looks significantly off
"
llnl_hiop;3f9f227e5e926ff1d7082a1e573753404630e36c;Cosmin G. Petra <petra1@llnl.gov>;1671496662;"added temporary header file
"
llnl_hiop;3fb339172ee21dc237948c4968238022dcb95449;nychiang <sorakid507@gmail.com>;1601675104;"correct IpoptAdapter for sparse matrix. Add unit test
"
llnl_hiop;3fcb788d223eec24c0241680070c4a9a5ec71ef3;Nai-Yuan Chiang <chiang7@llnl.gov>;1619743205;"fix scaling (#223)

for when the Jacobian has empty rows"
llnl_hiop;3fda3d145cdb571170bae653205a6e93dc0ba396;Slaven Peles <peless@ornl.gov>;1687908076;"Correct options names, fix IR convergence test and warning messages.
"
llnl_hiop;3ff219e527643306082f3f3a9b81c1442e7ef1d9;Cosmin G. Petra <petra1@llnl.gov>;1648493657;"fixed assert logic
"
llnl_hiop;40151030958df6082eec10442ac5aac051b447c1;rcrutherford <robert.rutherford@pnnl.gov>;1608331001;"Adding myself as an author in modified files.
"
llnl_hiop;402205ed344a188cd3c96b7d8df92ff0d79e705b;nychiang <sorakid507@gmail.com>;1689207789;"quasi-newton FR without MPI
"
llnl_hiop;402b1d1a7d9bd14ac7a45931fa75c79988626756;Chiang <chiang7@llnl.gov>;1648003759;"address Cosmin's comments
"
llnl_hiop;403ef2708fa929ecd751531338a0fcecdc1aefbf;Chiang <chiang7@sephiroth.llnl.gov>;1641521209;"dual update for unconstrained problem
"
llnl_hiop;40410654f0639e18491c3dcfe15aef20ac56ad1b;Cosmin G Petra <petra1@llnl.gov>;1648747139;Update CHANGELOG.md
llnl_hiop;4056de05cb62d3479288abc2beda108197af7e2f;Cosmin G. Petra <petra1@llnl.gov>;1615846559;"all user options are in
"
llnl_hiop;405aeea0e98b89d9a63ce6fcd45fe2042995fcd5;jwang125 <wangjingyi09@gmail.com>;1638462266;"update pridec options (#368)

* update pridec options
* update the manual to include existing options

Co-authored-by: Frank Wang <wang125@llnl.gov>"
llnl_hiop;4060b720c8a4e85e9b4f2fad8711f16d927bee6c;rcrutherford <robert.rutherford@pnnl.gov>;1608613022;"Enforcing specific vector type in implementation specific vector tests.
"
llnl_hiop;40817117963c034972ddfb81661ac461c430209b;Cosmin G. Petra <petra1@llnl.gov>;1584658142;"build / cosmetic issues found on MacOS
"
llnl_hiop;4083120e2cfa3b6d236e480c2887cf08148413a0;Chiang <chiang7@llnl.gov>;1648077933;"final touch
"
llnl_hiop;408ac2d09fa683737131a23617b26744c36a9757;Peles, Slaven <slaven.peles@pnnl.gov>;1594831557;"Add linear algebra factory class
"
llnl_hiop;40a0714d2bbeecfcacdf89d41113ad708e9fac27;kswirydo <kasia.swirydowicz@gmail.com>;1631669586;"cleanup
"
llnl_hiop;40cfe915e3632f7a0423f67d8acc9b375bf0237d;Frank Wang <wang125@llnl.gov>;1624562068;"fixing mem_space for exago
"
llnl_hiop;410c6f54b7a91d8f31928fe36cb05f8c871a0152;nychiang <sorakid507@gmail.com>;1666307596;"create branch; disable openmp when raja is not used
"
llnl_hiop;41203b1ec4e70022df332fcc979151e02a17d22e;Cosmin G. Petra <petra1@llnl.gov>;1582558794;"fixed an invalid implicit numeral conversion
"
llnl_hiop;412941f4b6d72eca263a6f75ad3a5df03f8eb06a;Tucker Hartland <tucker.hartland@gmail.com>;1759254522;"updates, towards not using copied hiopbbpy functions in the working notebook.
"
llnl_hiop;4137580ad4ea23ac1dea177c3c5de926285b83e4;Cosmin G. Petra <petra1@llnl.gov>;1717514494;"fixed typo
"
llnl_hiop;41397bb3dbecdd3ec9f757a74fa8374a8b3cc654;Juraj Kardos <juraj.kardos@usi.ch>;1565970540;"do not scale inf_du
"
llnl_hiop;413992172ee0923a195d57cd4dcf545641871cee;nychiang <sorakid507@gmail.com>;1614038282;"change raja implementation
"
llnl_hiop;4149316d9e7a800955f8cc4476cdb75ac0d466d5;Cosmin G. Petra <petra1@llnl.gov>;1580754575;"added test driver for complex linalg and updated the build system
"
llnl_hiop;415423caed85509a67c1d2551f09cd32f43f8cb0;Cosmin G. Petra <petra1@llnl.gov>;1636577843;"guarded MPI specific code
"
llnl_hiop;415437753e46ddda6a41b1769ba13e685cc2461a;nychiang <sorakid507@gmail.com>;1603231316;"add dynamic cast
"
llnl_hiop;417fd8b9a8c5ddb544012a5389a6edc4d78b276c;Nicholson Koukpaizan <koukpaizannk@ornl.gov>;1679511005;"Merge 'ir-testing-dev' into 'nvtx-annotations'
"
llnl_hiop;41ef3d37ccb137b38fb6e7ccd9448c8ee4620cbb;Nai-Yuan Chiang <chiang7@llnl.gov>;1706846894;"Update modules for CI tests on LLNL LC (#679)

* update llnl ci modules

* fix"
llnl_hiop;41f41d4c93be6797253c1842d696947ace2d3da1;nychiang <sorakid507@gmail.com>;1669018455;"code style
"
llnl_hiop;420267a7bc53fbc6e86797064ce4f7a2972c4c35;nychiang <sorakid507@gmail.com>;1755040140;"fix
"
llnl_hiop;4203d6d6446aa2726ba07b62b62f4e6d08216401;Asher Mancinelli <ashermancinelli@gmail.com>;1620852274;"Update raja intvector with bugfix

- Buff documentation
- Refine memory space logic
- Fix valgrind cmake bug
"
llnl_hiop;4233c6a96f4188b79d075aef48b5781ef6829a4a;Cosmin G. Petra <petra1@llnl.gov>;1480729427;"support for the optimization line-search (dual corrections)
"
llnl_hiop;423e67c255c139fd9c3af2171d7915616d1c98f2;Cameron Rutherford <cameron.rutherford@me.com>;1609170430;"Dense Matrix Unit Test Refactoring (#170)

Dense matrix unit test refactoring

* Enforcing specific matrix/vector types in implementation-specific unit tests
* Refactoring of testMatrix.cpp to use template testing function to quickly test different memory spaces
* Small changes to documentation and removal of commented out test


Co-authored-by: rcrutherford <robert.rutherford@pnnl.gov>
Co-authored-by: Slaven Peles <slaven.peles@pnnl.gov>"
llnl_hiop;425616a9ddcace843318f2bafc1a8a005cbd2d30;Nai-Yuan Chiang <chiang7@login1.ascent.olcf.ornl.gov>;1653344501;"avoid copying zero-length vector in umpire
"
llnl_hiop;427551974a3bd8acd358a51b1ef9ff71c0a1b818;Chiang <chiang7@sephiroth.llnl.gov>;1629493291;"merge with develop
"
llnl_hiop;427f7cfac76da24550d4775005ab36a6978a5fa0;Cosmin G. Petra <petra1@llnl.gov>;1607405079;"added Ex9

 - driver
 - master problem skeleton
 - user problems skeletons: basecase and recourse
"
llnl_hiop;429d102e670ca282e3a051c11a993a2967460ad7;Jingyi Wang <wang125@login3.summit.olcf.ornl.gov>;1614879725;"small change
"
llnl_hiop;42a68befbbce9f4344be4bf218be9e580f5cad59;Michel Schanen <mschanen@anl.gov>;1589409118;"trying to fix merge
"
llnl_hiop;42c74d86ce28a2b3d6ddbd2d5205177569e51baa;Cosmin G Petra <petra1@llnl.gov>;1606343011;"Merge pull request #120 from LLNL/sparse-develop

Support for sparse NLPs"
llnl_hiop;42cc963bbb7abd3d9ea52de5568f82f63d060432;Cosmin Petra <petra1@llnl.gov>;1577148062;"added startingAtCopyToStartingAt in hiopVector
"
llnl_hiop;42df46ecfe0dca7b150e865aab2d22639d459b6a;ryandanehy <110119005+ryandanehy@users.noreply.github.com>;1666385982;Update .gitlab-ci.yml
llnl_hiop;42e8ad3fbdb72fdbdf30afd1ec67651e9c85f6f3;nychiang <sorakid507@gmail.com>;1619065452;"add feasibility restoration problem
"
llnl_hiop;4306636bac31e8318b651d12048c9585f7392163;Cameron Rutherford <robert.rutherford@pnnl.gov>;1726756339;Update spack_build.yml with checkout in right place
llnl_hiop;430d3d78dc2bc96db8c6450ab70008677c165f35;Chiang <chiang7@sephiroth.llnl.gov>;1626901969;"add comment
"
llnl_hiop;431593189975b4ee2ef21637a1c6d4566f99a040;Cameron Rutherford <cameron.rutherford@me.com>;1730939390;Update spack_build.yml to specify cmake requirements for all packages, and re-enable build cache
llnl_hiop;4337eaaea98d5801bbfb7a57cde3f0a7693e5111;Cosmin G. Petra <petra1@llnl.gov>;1586991910;"changed  copyRowsFrom to receive long long indexes and sizes
"
llnl_hiop;436243a5adb3aba9e0ad544bc3718ac90422f2c5;kswirydo <kasia.swirydowicz@gmail.com>;1655310476;"output display in fgmres; sparse ex 1 setup
"
llnl_hiop;436a98b4a599adac2f2b64a382fe5e779b78a17c;Cosmin Petra <petra1@llnl.gov>;1600896432;"Added hpc_multisolves and defaulted Ex4 and Ex5 to default to MPI_COMM_SELF
"
llnl_hiop;4374b583e78e151d80df1944eff76530d0ca3a54;Chumbipuma <chumbipuma1@croagunk.the-lab.llnl.gov>;1750461218;"Fix source filename in RAJA DenseConsEx2 driver CMake entry
"
llnl_hiop;43b298ee390667e16fffd083be9f2a2b5d11a849;Nai-Yuan Chiang <chiang7@llnl.gov>;1655744201;"Fix three corner cases (#494)

* adjust small slacks when computing the slacks

* fix

* correct sparse ex3

* address C's comments

* fix raja implementation"
llnl_hiop;43c872d99fd1d1fd56065043faa355b14a7abd3f;nychiang <sorakid507@gmail.com>;1695955497;"rebase and fix issues introduced by rebase
"
llnl_hiop;43d515c3edc6bacdad00fa3b2151e271dd690852;Nai-Yuan Chiang <chiang7@llnl.gov>;1645037094;"Add a document to describe example 6 and example 7 (#404)

add sparse examples

Co-authored-by: Chiang <chiang7@sephiroth.llnl.gov>
"
llnl_hiop;43ebfe9b56ba72b4d560d26bcfcb2897d467f092;Cosmin Petra <petra1@llnl.gov>;1606510398;"adjusted pointer arithmetic to single pointer
"
llnl_hiop;441f6768aa9f5e56c9988d821c4195104e177c80;Frank Wang <wang125@llnl.gov>;1613635091;"fixing bugs from previous update
"
llnl_hiop;4424bf49481e5625d4ac241903da817e9e349e48;Chiang <chiang7@sephiroth.llnl.gov>;1624485723;"minor editorial change
"
llnl_hiop;44287d71d72ef89d74324105b6ff9f6476c8d907;Cosmin Petra <petra1@llnl.gov>;1582891231;"removed complex linear algebra test driver from the build when kron reduction is not required
"
llnl_hiop;4447bc1db7b2b5b24fb4c84b7ff0033421f368df;Cosmin G. Petra <petra1@llnl.gov>;1536185822;"fixed a bug - crash for secant_memory_len=0
"
llnl_hiop;447d8b52a94409afdfad7a4f84936ec10b73bb4c;nychiang <sorakid507@gmail.com>;1724945888;"fix bash script to find correct MY_CLUSTER
"
llnl_hiop;4485c8d1fc9b64858bbd96e11bb104effcf501aa;Cosmin G Petra <petra1@llnl.gov>;1643041671;"maintainance of linear solvers code (#390)

* changed name from IndefSparse to SymSparse
* changed the sys matrix member to pointer (from reference) and to the more general class hiopMatrixSparse to accomodate future use of CSR sparse matrices types

Co-authored-by: Nai-Yuan Chiang <chiang7@llnl.gov>"
llnl_hiop;44c31a063f7cf974d199dc01a7aca1b59998dc1a;Cosmin G. Petra <petra1@llnl.gov>;1670115017;"fixed broken `elif`
"
llnl_hiop;44e5e453a1b2b1b64916e37286e65dbeee53420c;nychiang <sorakid507@gmail.com>;1651042436;"determine if inertia-free alg is supported
"
llnl_hiop;44ef1a0ec842d272c53db2b6b8a925bc7af67db4;Asher Mancinelli <asher.mancinelli@pnnl.gov>;1605300808;"fixing cp arguments causing permissions errors
"
llnl_hiop;4509898d0f8f7db797370984ca6fb5a2f80e5d3d;Ian Smith <gitbytes@gmail.com>;1606255090;"Adjusting path for remote mirror (#122)

Adjusting path for remote mirror

* switching to spyoungtech/mirror-action to facilitate https instead of ssh based mirroring

* parameterizing more env vars"
llnl_hiop;45123179535830435e47aab9ed08954ac08d9232;rcrutherford <robert.rutherford@pnnl.gov>;1609217726;"Fixed exception handling in implementation specific vector tests.
"
llnl_hiop;4515e9abc898041c0052914ceb99589c548f2503;Juraj Kardos <juraj.kardos@usi.ch>;1565051697;"first part of the AL Hessian, missing J'*J term
"
llnl_hiop;452821eca7531ca2359f48bebbc22143e5a96273;Cosmin G Petra <petra1@llnl.gov>;1595550298;"updated startingAtCopyFromStartingAt (#60)

* updated documentation and implementation of vector's startingAtCopyFromStartingAt

* Fix bug in refactored startingAtCopyFromStartingAt function.

* Improved unit test for startingAtCopyFromStartingAt method.

Co-authored-by: Slaven Peles <slaven.peles@pnnl.gov>"
llnl_hiop;4550892dbd34731c6da072d6001d68162f07460d;Cosmin G. Petra <petra1@llnl.gov>;1491873857;"Extended precision LAPACK calls

Added support for more accurate LAPACK Cholesky solve (dposvx - iter. refin, forw. and back. error estimates)
"
llnl_hiop;45547340a5f25e9513ededf9719bfa2e9c8a73e2;Cosmin G. Petra <petra1@llnl.gov>;1642092203;"modified the tolerances as required by ill-conditioned matrices
"
llnl_hiop;455ca59ea89a7bfc7bf54805fef8f01af0810e04;Cosmin G. Petra <petra1@llnl.gov>;1603227099;"misc fixes caused by a merge

 * `evalNlp_noHess` came in from master branch with `hiopVectorPar` harcoded (causing a dyn_cast exception)
 * contributers listed twice
"
llnl_hiop;45601c5e4fba00216289f974bda28239ac63e62a;Chiang <chiang7@sephiroth.llnl.gov>;1621039618;"fix bugs
"
llnl_hiop;4563affd926ba9b07c3438fb25c6a6f52202cdfb;nychiang <sorakid507@gmail.com>;1610475980;"first commit to MDS
"
llnl_hiop;456b3048024547092442d559329e54145f439537;Slaven Peles <peless@ornl.gov>;1684267878;"[skip ci] Fix formating
"
llnl_hiop;4578716246e899ea96a0432ce7ca5d9d6b584414;Asher Mancinelli <ashermancinelli@gmail.com>;1624471813;"Make parent directory in CI
"
llnl_hiop;45909b3c1dc4ae669b4833327e10d0e1f161315e;nychiang <sorakid507@gmail.com>;1675474309;"address comments
"
llnl_hiop;45935b6b35478202de217a859d05fb80b5643387;Cosmin G. Petra <petra1@llnl.gov>;1510364315;"working H*B \delta x + H*J \delta \lambda implementation
"
llnl_hiop;459a45d7cead1e543dffed949a1f03cb42b8fafa;nychiang <sorakid507@gmail.com>;1655329891;"mpi/gpu ci test on lassen
"
llnl_hiop;459e4907a03dec44ff1d73c075e486a0617b6b52;Cosmin G. Petra <petra1@llnl.gov>;1643744187;"implementation based on the new CSR matrix class (CPU)
"
llnl_hiop;45a452a38e3daee156f4399cad529a7ece5faefc;Rutherford, Cameron <robert.rutherford@pnnl.gov>;1726249893;"Change how spack is configured.
"
llnl_hiop;45bee92a2705792e15cc1bdcb2895b95edeced30;Robert Cameron Rutherford <robert.rutherford@pnnl.gov>;1628389634;"Fixes for cuda library names + shared/static linking.
"
llnl_hiop;45c900aca3dd287132c5b6aaf5838ee4cde07432;Jaelyn Litzinger <jaelyn.litzinger@pnnl.gov>;1661294795;"don't allow Newell pipeline to fail
"
llnl_hiop;45dcf20c3b806e5b9fb2ba5eac5529c0ebd7beaa;Jake K Ryan <ryan506@marianas.pnl.gov>;1595635560;"Minimized logBarrier numerical error with Kahan summation
"
llnl_hiop;45ea8779ad978b671bed0c55d1ff7c8e811a630d;nataliarodriguez-uc <natalia_rodriguezuc@berkeley.edu>;1758835905;"check
"
llnl_hiop;4608c9cb4199f593f4d0a688c0884c8266278010;Cosmin G Petra <petra1@llnl.gov>;1747937918;"fixed inaacuracy in option description
"
llnl_hiop;46367b7affecce03260617cbd516b39773027c1e;Asher Mancinelli <asher.mancinelli@pnnl.gov>;1636135015;"trying to fix segfault
"
llnl_hiop;463791de6287a3c53d1ad97f96be837d6dc1a838;rcrutherford <robert.rutherford@pnnl.gov>;1643994949;"Install options and warnings target.
"
llnl_hiop;463a089a5c6901abb01226f13be7c738b1e70cf1;Cosmin G. Petra <petra1@llnl.gov>;1662572248;"moved ExecSpaceInfo to ExecSpace.hpp
"
llnl_hiop;464c0592f10b0a2854e8a146b2fcecfb955a69b6;Cosmin G. Petra <petra1@llnl.gov>;1532980682;"replaced WITH_MPI with HIOP_USE_MPI and DEEP_CHECKING with HIOP_DEEPCHECKS to avoid naming clashes when the hiop static library used in other libraries
"
llnl_hiop;4650626f2fca9a1d330599a93b3510ddad6be97b;rcrutherford <robert.rutherford@pnnl.gov>;1608163060;"Implemented verify answer in matrixTests.hpp for dynamic expected answers.
"
llnl_hiop;46563363fb5afc361477e28c04dae84ecde0c9a0;Rutherford, Cameron <robert.rutherford@pnnl.gov>;1678143895;"Convert stray = to :
"
llnl_hiop;4660fc637a75df8ee0dcbf2a18d39783abc7c676;Asher Mancinelli <asher.mancinelli@pnnl.gov>;1605805855;"Removing legacy build script. see #117
"
llnl_hiop;4668b73b8ea3016d9b2b72a45303c9f908db2794;Cosmin G. Petra <petra1@llnl.gov>;1475021031;"modified interface to provide user with a method for specifying a (primal) starting point
"
llnl_hiop;467c9505db4e6fd48ba73649d017d9deff2a5b1a;Frank Wang <wang125@llnl.gov>;1622480253;"adding two new copyfrom functions, added MPI_COMM_WORLD, update MPI buffer
"
llnl_hiop;46876ca3f7fcfdc8c80742e36e246deb697f1ea6;Chiang <chiang7@sephiroth.llnl.gov>;1635198313;"minor fix
"
llnl_hiop;469015dc0767037b902311cc166776fe2813376a;Cosmin G. Petra <petra1@llnl.gov>;1640284717;"finished cuSolver class
"
llnl_hiop;469243a72db2f725899dc96b5fdcf7b5408304c1;nychiang <sorakid507@gmail.com>;1603165050;"fix conflics due to git rebase
"
llnl_hiop;4692c339e9ed33445835b186a9e110c7b7707e0f;ryan.danehy@pnnl.gov <dane678@we45149.pnl.gov>;1691538020;"Attempt 5 at Getting pipeline status to show up
"
llnl_hiop;469da546707146f15576b405297408f70da926c8;nychiang <sorakid507@gmail.com>;1666830002;"fix
"
llnl_hiop;46c055f000923f321a8bdf90e8bc826dd53523f2;Cosmin G Petra <petra1@llnl.gov>;1741293939;"added additional functionality for residual norm (weighted)
"
llnl_hiop;46c51239983bccb3ee76af3841e024f2a9a22746;rcrutherford <robert.rutherford@pnnl.gov>;1621288645;"Use CMake 3.19.6 on Newell
"
llnl_hiop;46cb229439014bbee719e06cf5be6835dcd77bd1;nychiang <sorakid507@gmail.com>;1654811603;"ci test
"
llnl_hiop;46d0b10c8598f279067afb4b0b29b5e8588a5495;Cosmin G. Petra <petra1@llnl.gov>;1640818439;"hybrid mode working

still AMD done with eigen
"
llnl_hiop;46f693861c2a38dc966ea1956e50a1507969847e;nychiang <sorakid507@gmail.com>;1650068226;"fix
"
llnl_hiop;4710031650990668748f33e02f190cfa28451e41;kswirydo <kasia.swirydowicz@gmail.com>;1654661217;"cusolver, inner iterative refinement, class skeletons, options
"
llnl_hiop;471bd7d5cf82bcd26f604333f755a88cf4314008;Chiang <chiang7@sephiroth.llnl.gov>;1631639456;"rebase and use index_type
"
llnl_hiop;471d67244f7992889c8f0f60285654cbf80a9795;Chiang <chiang7@sephiroth.llnl.gov>;1626119732;"release memory after using Pardiso

use one thread by default if OMP_NUM_THREADS is not set
"
llnl_hiop;472892c77998d1a339affc8aeb04108faebf60d2;Nai-Yuan Chiang <chiang7@llnl.gov>;1643816602;"Elastic mode (#403)

 *added elastic mode into HiOp, i.e., it tightens the variable/constraint bounds over the IPM iterations.

* correct description for the default parameter setting

Co-authored-by: Chiang <chiang7@sephiroth.llnl.gov>"
llnl_hiop;4742820be15d6caf3181cb967b6cb01c4a8d4443;Chiang <chiang7@sephiroth.llnl.gov>;1632260681;"minor editorial changes
"
llnl_hiop;4744180e903f3535b50ed800eb251fa2c6ea7bab;Cosmin G. Petra <petra1@llnl.gov>;1596559023;"Merge branch 'gpu-devperf' of github.com:LLNL/hiop into gpu-devperf
"
llnl_hiop;4744bbc27a1b00d87136a0279d8e3d6ade99dad1;nychiang <sorakid507@gmail.com>;1732307313;"apply changes to all the files
"
llnl_hiop;474f05c3c636b6e7dca2e133b6b2c841d423e2f2;Cosmin Petra <petra1@llnl.gov>;1670615369;"implemented memory transfers between Hip and Umpire memory backends
"
llnl_hiop;4770988d3fdd573b7f6e89689f2211dec677877a;Chiang <chiang7@sephiroth.llnl.gov>;1633648921;"fix unintialized variable
"
llnl_hiop;4785994c2e41439f1c5d2424d6bbe2d37e33521f;Cosmin G. Petra <petra1@llnl.gov>;1631248722;"updated user manual, code documentation, and code style
"
llnl_hiop;4794a183852607cabe4a591f390bd3eb290be04e;Cosmin G. Petra <petra1@llnl.gov>;1671409675;"fixed assert
"
llnl_hiop;47b10b52e5a1cfed740d1e24e994d2a4e621f386;Nai-Yuan Chiang <chiang7@login1.ascent.olcf.ornl.gov>;1670168007;"fix all
"
llnl_hiop;47e4e8e06736daf7e6cf1137de6a7b8fa4187bf9;Cosmin G. Petra <petra1@llnl.gov>;1519245005;"modified output a bit
"
llnl_hiop;4805e4a5612438a8062641e5f9be047e1f3de9c6;nychiang <sorakid507@gmail.com>;1689981462;"add mpi unit test for ex4
"
llnl_hiop;481e659f6334fbfa38245593b0cf71f1d92d5792;nychiang <sorakid507@gmail.com>;1667975903;"fix raja implementation for GPU usage
"
llnl_hiop;484a79eb3221166694a7edc6409e388a1fb51ffa;Cosmin Petra <petra1@llnl.gov>;1582557518;"mds example supports variable nd (size of dense blocks)
"
llnl_hiop;484b0b47a1f2317255e91ba443751caa3613b402;Cosmin G. Petra <petra1@llnl.gov>;1586236416;"added doc/readme  on the MDS interface
"
llnl_hiop;4850f413d2c822568094f34e832f08c96c591f6e;Juraj Kardos <juraj.kardos@usi.ch>;1564615026;"trying to tune the hiop options
"
llnl_hiop;485fc600e74a249b78cc83366ba9bb8b5c1ba607;Asher Mancinelli <asher.mancinelli@pnnl.gov>;1636501729;"Method explicitlySymmetrize is working
"
llnl_hiop;4883bf288319c29124c64b7112b5507d2a3118d8;Tom Epperly <epperly2@llnl.gov>;1690383626;"Try resolving issues discovered with -Wall -Werror
"
llnl_hiop;489861965420fbf4dfb04db93b75561cfcc4a9e1;nychiang <sorakid507@gmail.com>;1605065081;"correct index when print out the sparse matrix
"
llnl_hiop;48b39503b1945f355285ab5a623bdd9ea6a440d3;Cosmin G. Petra <petra1@llnl.gov>;1666731659;"cuda execution policies: members for block sizes
"
llnl_hiop;48dc29a99e35e843eba6bfd8430a643171341ab5;Jingyi Wang <wang125@lassen709.coral.llnl.gov>;1608593597;"Updating ex8 link to include nlpPriDec_ex8.cpp
"
llnl_hiop;48e0b149a62a4af8ce512d5b4d90de15113ea0b1;Slaven Peles <peless@ornl.gov>;1684548293;"Separate ReSolve solver from hiopLinSolverSparseCUSOLVER class.
"
llnl_hiop;48e613113ceb0ce61b0674efb9a3f01662019dd9;Cosmin G Petra <petra1@llnl.gov>;1643041671;"maintainance of linear solvers code (#390)

* changed name from IndefSparse to SymSparse
* changed the sys matrix member to pointer (from reference) and to the more general class hiopMatrixSparse to accomodate future use of CSR sparse matrices types

Co-authored-by: Nai-Yuan Chiang <chiang7@llnl.gov>"
llnl_hiop;48e68573f53da3c8ff98e17145f841b091057b5c;nychiang <sorakid507@gmail.com>;1614142136;"fix chain rule for hiopNlpTransformation

add unit tests and tune the parameters for Ex3
"
llnl_hiop;48e7b3c444d7d17290c4f2e069b6b2bd141eec62;Chiang <chiang7@sephiroth.llnl.gov>;1624387229;"minor change to address reviewers' comments
"
llnl_hiop;49094a9cfb4ceb057290f2d1e76b276e6cbaf2a1;nychiang <sorakid507@gmail.com>;1717437606;"add new function for warmstart
"
llnl_hiop;490a5f886af959151532cb1b6539cb228d5d14be;Cosmin G Petra <petra1@llnl.gov>;1655151507;"fixed compilation warning from ibm compilers (#402)

* fixed compilation warning from ibm compilers

* replaced host `abs` with std::abs"
llnl_hiop;49117e7590cf9e16ad9a3a97f5742f9585dd7150;nychiang <sorakid507@gmail.com>;1654579840;"fix bug in deepcheck
"
llnl_hiop;4915e25f1629127eb723f957c7790e17a7427916;Cameron Rutherford <robert.rutherford@pnnl.gov>;1677820331;Use spack develop and spack v0.19.1
llnl_hiop;4937c9f74f98ac24fba8798d38bb60cd27e7222e;nychiang <sorakid507@gmail.com>;1683162310;"fix
"
llnl_hiop;495019c4cda29e5bbb9fb5e9b63aa19ceb247760;Fritz Goebel <fritz.goebel@kit.edu>;1647607942;"Add prototype for ginkgo solver integration
"
llnl_hiop;4953d18fdab87e215429d6df4b277e579591f2a5;Asher Mancinelli <ashermancinelli@gmail.com>;1638401421;"Update xsdk policy compliance document
"
llnl_hiop;4953ddd5e99d6b87fbbe3fbbdb30720f5b5669ef;nychiang <sorakid507@gmail.com>;1648659351;"rename some files/classes
"
llnl_hiop;49703cb37a0111afda50ca13252b46dd46a1bdce;Cosmin G Petra <petra1@llnl.gov>;1666372282;"Misc build system fixes related to HIOP_SPARSE (#560)

* fixed flawed logic related to HIOP_SPARSE

* renabled sparse matrix tests (even when HIOP_SPARSE is off - it is really testing sparse matrices needed by MDS as well)"
llnl_hiop;497a9e78a5a32ba2f5e2544f3dd6ba4315809199;Nai-Yuan Chiang <chiang7@lassen708.coral.llnl.gov>;1600887375;"add support to sparse linear algebra. Code can be compiled. Without test for functionalities
"
llnl_hiop;49995a6b6986b4e06799e268097ec25f7ffc83a4;Cosmin G Petra <petra1@llnl.gov>;1648572064;"Csr interface organization (#436)

* added CSR matrix base class and moved CPU implementation to CSRSeq class

* updated code with the new Seq/Host CSR matrix name

* added skeleton of CUDA class

* clarified the logic for instantiating linear solver in the LSQ-based initialization of the duals
"
llnl_hiop;49b579c838b0b7a6f71971d6a03b0860aac0aaae;Cosmin G. Petra <petra1@llnl.gov>;1641565326;"fixed initialization in CSR form_from
"
llnl_hiop;49cbc1bc857e6fcb477dca8ef89bd91d85b38d95;Cosmin Petra <petra1@llnl.gov>;1588382679;provided an end-of-month update
llnl_hiop;49db9a3d7be0895ad8e94dcbbb2b5ee62e856269;Cosmin G. Petra <petra1@llnl.gov>;1482538483;"fixed bug in the computation of V in the low-rank internal representation ((1,2) block of V was inserted as (2,1))
"
llnl_hiop;49ec1c8e7a06474195562bd9cb0b132254ee28f3;Slaven Peles <slaven.peles@pnnl.gov>;1583098880;"Add first functioning matrix tests.
"
llnl_hiop;49f130a0c3ea05e14d75a8853995640112337ec6;Slaven Peles <slaven.peles@pnnl.gov>;1624925152;"Fix related warning in RAJA vector when deep checks are enabled.
"
llnl_hiop;49f484406b2702e48dbc4f97899a29dd01376dc8;Cosmin G. Petra <petra1@llnl.gov>;1649267488;"removed IR code from condensed sparse class
"
llnl_hiop;49fdc226b7289fec9ca22bf7d19dd2abce456910;Cosmin G. Petra <petra1@llnl.gov>;1605663761;"interface changed to work with single double pointers
"
llnl_hiop;4a17199114a16ee61739b4939839e3bd3e302dd4;Cosmin Petra <petra1@llnl.gov>;1583364729;Updated plan.md
llnl_hiop;4a205a2dd91cf202c1e507e4d1ddb0e95cda1b48;George Chumbipuma <gc51@rice.edu>;1753980103;"Pass magma_device_queue_ to MAGMA getrs_gpu calls in solve_with_V methods
"
llnl_hiop;4a235980a74684f802977b4c963e9b22e4e43197;Nai-Yuan Chiang <chiang7@llnl.gov>;1667592520;"fix culibos linking issue on LLNL's Lassen (#568)

"
llnl_hiop;4a25213d9dd64d48e6f34cb61e1b027d4e707ff6;Cosmin G. Petra <petra1@llnl.gov>;1672091495;"update of LinAlg Factory for MatrixDenseRaja
"
llnl_hiop;4a27ca3a8a0570a50a3b7c04e8c4886868d6b8d8;Cameron Rutherford <cameron.rutherford@me.com>;1630617483;"Add STRUMPACK to hiop-targets for exporting. (#308)

"
llnl_hiop;4a3ab2f9cbe6bf1aa8eb947b11581a7b02c74e6a;Asher Mancinelli <asher.mancinelli@pnnl.gov>;1589397457;"added examples for variable declarations
"
llnl_hiop;4a6cdafb5ae2152c3033084b011d998695db37c8;Jorge Alejandro Chumbipuma <chumbipuma1@lassen709.coral.llnl.gov>;1752764581;"Fix: Dereference hiopMatrixDense* when calling copyFrom, matching required signature.
"
llnl_hiop;4a790ecb4522b62bf0f032262fd846370ef7bf74;Tucker Hartland <tucker.hartland@gmail.com>;1738868678;"updating CMake file, including an option to use srun in order to run tests on machines that use the slurm scheduler and wherein mpirun is not available (#707)

"
llnl_hiop;4a7bde39a8fd915f490612861aaa5e1fcd7e9893;nychiang <sorakid507@gmail.com>;1613091271;"add grad scaling for Jac
"
llnl_hiop;4a9fbf1fc6eb1b07d2a81f118909d6e3e589bf7b;Cosmin G Petra <petra1@llnl.gov>;1725667399;"moved sidre-related code from Algorithm class to a ""utils"" helper
"
llnl_hiop;4aa745dccc350f7b6a4e83c107a42dcd8fc67565;Slaven Peles <slaven.peles@pnnl.gov>;1581559297;"Add Cosmin's GPU implementation plan to master.
"
llnl_hiop;4aae50db955723eb0c7c575402fec09a54c86764;Cosmin G. Petra <petra1@llnl.gov>;1484702748;"added prototype of the abstract class and its children that will handle multipliers updates.
"
llnl_hiop;4ac19fd66386ce5655a2b6b2633811ccb520d323;Chiang <chiang7@sephiroth.llnl.gov>;1624075078;"add RAJA copySubMatrixFrom and unit test
"
llnl_hiop;4adb714fd3fa4718bbcb13a7e25eb801e0efe553;Cosmin G. Petra <petra1@llnl.gov>;1664206034;"renamed exec space member variable, added explicit template instantiations
"
llnl_hiop;4ae606fc8bdf7bc8dd13835902707c31ec37c045;kswirydo <kasia.swirydowicz@gmail.com>;1655267040;"fixed options for inner IR, fixed bugs
"
llnl_hiop;4aea10c9b376c477464967ad9d3fcc47e8355b7e;Jingyi Wang <wang125@lassen708.coral.llnl.gov>;1610047221;"update010721
"
llnl_hiop;4b16cbdc7fef4c51c43ec65dd674e6167c3f39d2;Cosmin G. Petra <petra1@llnl.gov>;1537882235;"fixed compilation warning with clang
"
llnl_hiop;4b231f71dd7aa7994d841b2fa0b52ea60317f6d0;pelesh <peless@ornl.gov>;1692226254;"GPU (cuda) linear solver interface (#650)

* Removing redundant hiopLinSolverSymSparseReSolveGPU class.

* Refactor ReSolve's triangular solver.

* Remove commented out code.

* Refactor ReSolve triangular solve function to get more readable code.

* Triangular solver takes data directly from GPU when available there.

* Clean up of the solve method in ReSolve interface.

* Add supporting functions to update KKT matrix values directly from GPU.

* Clean up after factorization failure to allow HiOp to set up new matrix objects.

* ReSolve matrix values updated directly on GPU when HiOp runs in gpu mode.

* Code cleanup.

* Test both, KLU+GLU and KLU+Rf+FGMRES, strategies in ReSolve

* Remove redundant include statement from RefactorizationSolver.cpp file."
llnl_hiop;4b24cc8b3645200439054d1086e50c7a83a82afa;nychiang <sorakid507@gmail.com>;1675394199;"pass CI on crusher
"
llnl_hiop;4b373a16ef4983027df947e193b005c478b02ba4;Asher Mancinelli <asher.mancinelli@pnnl.gov>;1616716638;"changed comments to reflect problem statement change
"
llnl_hiop;4b4163983364587159de2a1912f9a9b440051249;Chiang <chiang7@sephiroth.llnl.gov>;1646773552;"always accept IR steps
"
llnl_hiop;4b664c55df0402e0691a507db001de16620e17dc;Cosmin G. Petra <petra1@llnl.gov>;1537374561;"initialized a couple of vectors to zero to avoid unitialized value warnings from valgrind
"
llnl_hiop;4b71545854133d992968b47742eefc4ed3a06b75;Cosmin G Petra <petra1@llnl.gov>;1626388273;"Revert ""RAJA implementation for sparse matrix (#259)""

This reverts commit e0f31a1594bc2e3564c5073d1f674eacf6d2a277.
"
llnl_hiop;4b881ca24baf2278d1db5ce0c7d2fb8dce1a5d78;nychiang <sorakid507@gmail.com>;1604990038;"fix CMake file and bugs in formulating CSR matrix
"
llnl_hiop;4b9e8c6b687fa60efbc4b3cf4b1670cbe78e83a3;Cosmin G. Petra <petra1@llnl.gov>;1619744300;"fixed output message and formatting
"
llnl_hiop;4bb4aac6d380c6b5d6e8a6d742c368c3ce4d37a2;Asher Mancinelli <ashermancinelli@gmail.com>;1650401982;"Add shell commands for ascent ci w ginkgo
"
llnl_hiop;4bdb62d15db1cd41e298bb862f670f650e05d2b6;kswirydo <kasia.swirydowicz@gmail.com>;1654611937;"Merge branch 'develop' of https://github.com/LLNL/hiop into cusolver_ir_dev
"
llnl_hiop;4bdc6dc346906adc8cab12bde51daa33a8ef5dd1;Cosmin G. Petra <petra1@llnl.gov>;1656541563;"MA57 linear solver class with CSR input
"
llnl_hiop;4bebfe5bfd0f595e1810e6f5530444897f6b0d87;Tucker Hartland <tucker.hartland@gmail.com>;1756320094;"Merge remote-tracking branch 'origin/develop' into hiopbbpy-README
"
llnl_hiop;4bf67b4eec3ba481934e38fd3bce3193f2d15230;Asher Mancinelli <asher.mancinelli@pnnl.gov>;1590605077;Merge branch 'master' into pnnl-unit-tests-dev
llnl_hiop;4bf8c8449e5503b98feea4f77d1dd677a4ac537c;Tucker Hartland <tucker.hartland@gmail.com>;1744816319;"BO algorithm more clear when not using batch size > 1, that is no unnecessary virtual_point calls, bug fix for x_opt, removing use of erroneously labeled index batch
"
llnl_hiop;4c0b6162718d1146f80ffe6a6ec7ba33319f4f70;Chiang <chiang7@sephiroth.llnl.gov>;1630715711;"add unit test
"
llnl_hiop;4c2453959e454d4221aadd347fa96a52c0c92ef7;Juraj Kardos <juraj.kardos@usi.ch>;1564100922;"fixing cmake
"
llnl_hiop;4c3351eb10a77e276478b92501b6bf846f2e9572;pelesh <slaven.peles@pnnl.gov>;1613001064;"Fix incorrect memory space setting in RAJA dense matrix. (#190)

"
llnl_hiop;4c4d92844877ea71f5cbabf53164f71d48d98284;Cosmin G Petra <petra1@llnl.gov>;1598369242;"Fix ipoptadapter (#75)

* update to the latest version of MDS interface"
llnl_hiop;4c7d4d82158d0f1a5f25c1e594dd6dad953aa132;Cosmin G. Petra <petra1@llnl.gov>;1622476705;"replaced 'long long' with generic hiop::int_type
"
llnl_hiop;4c96002f841dad0bb57ce6308813b302adf8cd6d;Cosmin G. Petra <petra1@llnl.gov>;1585961221;"when MDS NLP is solved, strategies for duals update are set to linear (Newton update) internally
"
llnl_hiop;4cb00ad76a73ac0ece92a05a4d628a990ee3ab8a;Chiang <chiang7@sephiroth.llnl.gov>;1643243135;"remove useless computation
"
llnl_hiop;4cb5bcf2da9aad9f3873f19e52105c727d169497;Chumbipuma <chumbipuma1@croagunk.the-lab.llnl.gov>;1750460764;"Add build and test rules for NlpDenseConsRajaEx2 driver
"
llnl_hiop;4cbb2430fc1660130bb2e3eae28a3b642df5fe9c;Slaven Peles <peless@ornl.gov>;1691964679;"Add supporting functions to update KKT matrix values directly from GPU.
"
llnl_hiop;4cbddecd23576304542d972d8b35c0b70e7ef98a;Chiang <chiang7@sephiroth.llnl.gov>;1621629493;"draft
"
llnl_hiop;4cca9693d2de839df523361b45fdb8ed1c243b3e;Nai-Yuan Chiang <chiang7@llnl.gov>;1667046722;"Refine the computation in normal equation system (#530)

* create branch

* modify build_matrix

* re-engineer the code:build_kkt_matrix

* re-engineer hiopFactAcceptor and build_kkt_matrix

* do not build the condensed matrix if primal regularization stays the same
"
llnl_hiop;4ccfd4ecb398a89fccecd7263b9374e5e40837ac;Cosmin G Petra <petra1@llnl.gov>;1642787529;"Iterative refinement for condensed linsys  (#395)

* modified the tolerances as required by ill-conditioned matrices

* improved logging and outputing

* added iterative refinement for condensed linsys via Krylov"
llnl_hiop;4cdb78111c2d4396a2eb3249bd1ea2ee34ca5858;nychiang <sorakid507@gmail.com>;1654575225;"fix raja bug
"
llnl_hiop;4d00c953a25c688fdfdc85426898a4b560cbb924;Frank Wang <wang125@llnl.gov>;1615528642;"fixing a bug due to MPI
"
llnl_hiop;4d0d953d8d28f6a9caa2faa50c07368d30f343c5;Cosmin G Petra <petra1@llnl.gov>;1739399042;"Update README.md (#708)

* Update README.md

* Update README.md

* removed outdated GPU instructions"
llnl_hiop;4d207dfc44062ad553cac3aa595f6e140878d531;Cosmin G. Petra <petra1@llnl.gov>;1563317124;"matrices for net01
"
llnl_hiop;4d326b2d7bec06bec2cb45d1a7c9fa604a5c9a89;nychiang <sorakid507@gmail.com>;1654897745;"rename some classes
"
llnl_hiop;4d3ea2bd7720db58bd24ecd62a7e140f2ee448e7;Asher Mancinelli <ashermancinelli@gmail.com>;1624470286;"Remove stray ""set"" line in BUILD.sh
"
llnl_hiop;4d5e84af7d83b40401e385b404c0a859cf188c49;Chiang <chiang7@sephiroth.llnl.gov>;1622157711;"fix memory leak in unit test
"
llnl_hiop;4d5f783e1c6c5d83c13739c1700cfc241b51323b;Chiang <chiang7@sephiroth.llnl.gov>;1620103509;"add unit test
"
llnl_hiop;4d70343b9b96b9b1dc1b4e11a17a477239109169;nychiang <sorakid507@gmail.com>;1602097580;"add unit test; add opt obj for selfcheck
"
llnl_hiop;4d9a0569d63ef93a33960dd3983955d3963f0912;Katarzyna Swirydowicz <swir617@newell01.pnl.gov>;1622848106;"Add interface to cuSolver/KLU linear solver
"
llnl_hiop;4d9abc4f501a659aa691dbf0016b5ef1370a2588;Chiang <chiang7@llnl.gov>;1611964308;"create branch
"
llnl_hiop;4d9f7cdee246b96adbe70466970e4ae5e3f98c98;Ian Smith <ian.smith@pnnl.gov>;1605824998;"cleanup and updating to point to mirror repo instead of main per request
"
llnl_hiop;4db3d78acb1d1cdf6d3116385fbb61df912e75a2;Cosmin G Petra <petra1@llnl.gov>;1637961339;"Merge 923ecf6fd777f0b4d39c972df597dfa41db3307d into 09340ce2d1a9c7e3716c5ffc0305f19ce77b4519
"
llnl_hiop;4db7cebdcf05c7f6a80c5db78a95f6257b0f5c36;Asher Mancinelli <asher.mancinelli@pnnl.gov>;1594069665;"Implement RAJA-based vector class.
"
llnl_hiop;4df3951b293d3d85f460300cc4f5c87d23922624;Chiang <chiang7@sephiroth.llnl.gov>;1620243457;"minor fix
"
llnl_hiop;4df47b2b38eeb936719b33d72cc23e6fca670312;George Chumbipuma <gc51@rice.edu>;1753996315;"Create and destroy local MAGMA queue in solve_with_V (hiopVector) GPU path
"
llnl_hiop;4e159874e129800cc5f38b543348b38a2352a58a;Slaven Peles <slaven.peles@pnnl.gov>;1624581839;"Remove multiple warinings (minor issues).
"
llnl_hiop;4e3faa9963e83cd7f2a388bfcc1e402dc86fc81d;Cosmin G Petra <petra1@llnl.gov>;1625234407;"updated documentation with explanation of the size_type and index_type (#265)

"
llnl_hiop;4e46c6ac9f554fd86b3ef3da1c62e929839f1403;Cosmin G. Petra <petra1@llnl.gov>;1619744581;"added setter methods

for factorization acceptor, pd perturbator, and safe mode
"
llnl_hiop;4e673d5817429cd730096fa231e0195af03e9db1;Cosmin G. Petra <petra1@llnl.gov>;1727048649;"update user manual with checkpointing
"
llnl_hiop;4ea8079891e72c95f987438756f9dd9fd0b24a96;nychiang <sorakid507@gmail.com>;1605593530;"apply new code architecture to the sparse linear algebra; some editorial changes
"
llnl_hiop;4ef04371ae018f576bcdf6799e72ce24fda45ee9;Cosmin G Petra <petra1@llnl.gov>;1641504781;"Condensed linear algebra for device computations (#385)

* added condensed kkt linsys

* implemented KKT condensed class

* added cusolver chol 

* added CSR storage class with XDY mult and basic storage conversions

* added kernels for fast condensed matrix computation

* fix timing and timing reporting for sparse linear solvers

* added support for time_kkt options in the LSQ sparse calculation of multipliers

* check cuSPARSE version to determine which gather function to call

cusparseDgthr for cuSPARSE <11.7.0 and cusparseGather for cuSPARSE >= 11.7.0
"
llnl_hiop;4efcaa059afee4a124c68091b1c4c73ca3935fe3;Asher Mancinelli <asher.mancinelli@pnnl.gov>;1589396809;"fixing formatting issues
"
llnl_hiop;4f06f34db94d80c2cc993a7fa8f45e98e3dd3ec8;nychiang <sorakid507@gmail.com>;1605159216;"fix bugs in system xycyd, add make test, find STRUMPACK module
"
llnl_hiop;4f23d5bb77c2c322374127a91c3bed47ffbc7e31;Cosmin G. Petra <petra1@llnl.gov>;1626646986;"fixed merge issues
"
llnl_hiop;4f48caaba437cbc741f8ceeb6e360e8f8eebed7e;rcrutherford <robert.rutherford@pnnl.gov>;1653087600;"Update Newell and Marianas env scripts.
"
llnl_hiop;4f4d534608a816219c26c21c7495224d45e5887d;Cosmin G. Petra <petra1@llnl.gov>;1573676167;"added mixed dense-sparse Ex4 test problem

- code is incomplete
"
llnl_hiop;4f4d622140001a9a27af6f695ab02aac8fb2f93d;Asher Mancinelli <asher.mancinelli@pnnl.gov>;1636138621;"segfaulthing intermediate commit
"
llnl_hiop;4f556b934ea5e28afbbc9d9ef3da07430c159d44;Asher Mancinelli <asher.mancinelli@pnnl.gov>;1589843397;"correctly pulling num cmake args
"
llnl_hiop;4f9a01e97d53150a0a35da130e09d7bb1976adf5;Cosmin G Petra <cosminpwork@gmail.com>;1513557699;created LICENSE files
llnl_hiop;4f9c72b28d39686db97bab15b0f745c2fcfa6cd6;Frank Wang <wang125@llnl.gov>;1613633038;"fixing some issues with interfaceprimaldecomp
"
llnl_hiop;4f9dc564b1c1e347da562d8ec69f5cf23d9f0b8b;Cosmin G. Petra <petra1@llnl.gov>;1671477478;"propagation of vector cuda in the CUDA-based condensed and normal eqns KKT systems
"
llnl_hiop;4fa8f74e3fe8845fe074d452473f16cf17ea9c13;Cosmin G. Petra <petra1@llnl.gov>;1727995449;"reorganized KKT linear system class for I+LowRank
"
llnl_hiop;4fc03635a492d0e5205ddfb7157c23b0611e473a;nychiang <sorakid507@gmail.com>;1651034902;"remove fake inertia
"
llnl_hiop;4fc1132cb7675b7d558ef0d3b7c2cc21ef1c295a;rcrutherford <robert.rutherford@pnnl.gov>;1621457289;"Explicitly targeting include directories for HiOp target
"
llnl_hiop;4fc60703445dd8219a3dc01a0268f255c7955cd1;Cosmin G. Petra <petra1@llnl.gov>;1482372831;"changes related to the new HessianLowRank implementation (previous commit)
"
llnl_hiop;4fc9f7f8e78f800734561f64e01b9c18dcbc0a8d;Ian Smith <ian.smith@pnnl.gov>;1605824767;"Merge branch 'develop' into push-mirror-sync
"
llnl_hiop;4fd4d05a492c93772c996a7d1b667ee2ccbf1b58;Cosmin Petra <petra1@llnl.gov>;1678548364;"reviewer comments
"
llnl_hiop;4fd622ecb65de12c876571a108d9da302343e10f;Chiang <chiang7@sephiroth.llnl.gov>;1632867760;"fix bug due to rebase
"
llnl_hiop;4fdd7472a6962347e08b4606445c45e6f88fb5d0;Tucker Hartland <tucker.hartland@gmail.com>;1752608891;"using a thread pool executor following up on CI/MPI via mpi4py conversation with Nai-Yuan
"
llnl_hiop;4fe220b66062686d7e3781d7a4cea782d1b93e6d;Asher Mancinelli <asher.mancinelli@pnnl.gov>;1619136359;"Use add component macro for header installation
"
llnl_hiop;4ff6979bb9899a2c38a0949e58348ca8543409c5;Cosmin Petra <petra1@llnl.gov>;1582830233;"fixed an improper linkage logic for complex objects
"
llnl_hiop;501d8f9a994977cb90509579632452f1e574f3fe;Peles, Slaven <slaven.peles@pnnl.gov>;1584578858;"Merge branch 'dev/unit_tests_add_warnings' into 'dev/unit_tests'
"
llnl_hiop;503b08cc539e19ee4c0d5165d94c63f974f6f19c;Cosmin Petra <petra1@llnl.gov>;1583172573;"c++ std utililities
"
llnl_hiop;503cf9b3c342e7fbf01a3f4633c66f694fdcb3b9;Tucker Hartland <tucker.hartland@gmail.com>;1752248482;"fixing a typo + being more verbose in describing an objective evaluator and a optimization (multi-point local search) evaluator
"
llnl_hiop;506f6b6d3e0d73f96120c8f8710365b4543f94b6;kswirydo <kasia.swirydowicz@gmail.com>;1654550024;"Clean up cuSOLVER-LU interface (#488)

* CUSOLVER class cleanup and reorganization

* Use HiOp options to configure cuSOLVER-LU (#485)

* Add cusolver-lu configuration options

* Make `firstCall` a private method.


Co-authored-by: kswirydo <kasia.swirydowicz@gmail.com>

* Switch to develop spack buildcache from E4S.

Co-authored-by: pelesh <peless@ornl.gov>
Co-authored-by: rcrutherford <robert.rutherford@pnnl.gov>"
llnl_hiop;50a045f775f2215672989e37b5c1c697a67d20f2;Rutherford, Cameron <robert.rutherford@pnnl.gov>;1726249697;"Use custom spack for with fix.
"
llnl_hiop;50ad59499fb4164962e9fa2e81e51eef59446620;Cosmin G. Petra <petra1@llnl.gov>;1625352849;"createVector - update of some files
"
llnl_hiop;50af8879827bda1029e801c45b070c5d2fad1919;Chiang <chiang7@sephiroth.llnl.gov>;1641521527;"add unit test into CI
"
llnl_hiop;50b0669bf5690fb0d27f9fd656387a5fdac956a4;Philip C. Roth <rothpc@ornl.gov>;1681147850;"Fix incorrect return type for contingency index value accessor.
"
llnl_hiop;50db791de5f2bae27f8f4ffdbdbb3ddb5dc46e21;Asher Mancinelli <ashermancinelli@gmail.com>;1626403733;"Update umpire version to 5.0.1
"
llnl_hiop;50e138888e47387e48a4acb682378f204237c40b;nychiang <sorakid507@gmail.com>;1744266352;"update CI
"
llnl_hiop;50ef1c85c1099f57f099c8caca324c1eb50c70ad;Cosmin G. Petra <petra1@llnl.gov>;1644265991;"relaxed tol and variables/cons
"
llnl_hiop;510c24129638a013801e8166f490695c7795268a;Cosmin G. Petra <petra1@llnl.gov>;1623132786;"fixed bad merge
"
llnl_hiop;512821945e0436118e457505c4bc7ddedf6f069a;Cosmin G Petra <petra1@llnl.gov>;1752169267;"left notes on how to add a new vector kernel
"
llnl_hiop;5183dbd209dc5526a6a81e794e7871b637a41f04;Asher Mancinelli <ashermancinelli@gmail.com>;1622753980;"Update exported cmake targets for hip
"
llnl_hiop;519527e1694747f104c0bd2921e5418232d38740;Cosmin G Petra <petra1@llnl.gov>;1653344478;"CUDA CSR diagonal kernels (#478)

* added diag update CUDA kernels

* cuda csr kernel for get diagonal

* added form CSR diagonal matrix from vector

"
llnl_hiop;51adc7fe732fb0885bbd576ce3f22015c6c315f3;Cosmin G. Petra <petra1@llnl.gov>;1602622330;"updated contributions to 0.3
"
llnl_hiop;51ba3309e8f8b1e3eb8e5eff5fc8f95d5f8538da;Cosmin G. Petra <petra1@llnl.gov>;1728135857;"Id plus low-rank Hessian
"
llnl_hiop;51e6a8bd850aad188fb130c169d731874171828c;nychiang <sorakid507@gmail.com>;1683054164;"run without mpi
"
llnl_hiop;51fe29bf1360557fd11f74f3b343fac709798314;Nai-Yuan Chiang <chiang7@login1.ascent.olcf.ornl.gov>;1670753616;"fix
"
llnl_hiop;51fe49e0aa2909f7bb8c31892d178fcb77285d60;Slaven Peles <peless@ornl.gov>;1679163714;"Preliminary adaptive IR tolerance for cuSolver-LU.
"
llnl_hiop;5221b9638fb6187cf43eed0d41dd905e079d4b1c;Cosmin Petra <petra1@llnl.gov>;1584053868;"updated build system

there were a couple of missing headers in the distribution
"
llnl_hiop;523668e549e4c9dd4a5a540ee484c38313becf3c;Cosmin Petra <petra1@llnl.gov>;1577127646;"MDS Linsys -> factorization done
"
llnl_hiop;524074739d8e2ce51a38c40237f8c5a110a5ebdc;Cosmin G. Petra <petra1@llnl.gov>;1536957034;"added NlpTransformations infrastructure

 - implemented fixed variables remover and fixed variables updater
 - abstract interface for NLP transformations should allow quick and efficient implementation of problem rescalings (among other nlp transformations)
"
llnl_hiop;52421855dc8b3f5cc24ba3ca788c56c51b9d2131;Nai-Yuan Chiang <chiang7@login1.ascent.olcf.ornl.gov>;1623296415;"temp fix RAJA
"
llnl_hiop;52426f043bd933ad02897b66d5582a0103434456;Cosmin G. Petra <petra1@llnl.gov>;1675202227;"finished removing dev copy methods from NlpFormulation
"
llnl_hiop;526f9b12ea95d7ae28bf290e10dbb75d3c9117f8;rcrutherford <robert.rutherford@pnnl.gov>;1607584026;"Fixed template parameter for vectorTests in testVector.cpp
"
llnl_hiop;5279f78581d1b208db4b4f0f077991ebc8f628a4;Frank Wang <wang125@llnl.gov>;1642295478;"fix small issues
"
llnl_hiop;52969b93c7466240f7eaf7eed298b4da32dec703;Cosmin G. Petra <petra1@llnl.gov>;1482960833;"fixed bug in the computation of the gradient of the log barrier
"
llnl_hiop;5299bf9cf1d85bc0b0536548ca876ed44e322a7e;nychiang <sorakid507@gmail.com>;1682458134;"fix FOOTPRINT_INTERVAL_RESET
"
llnl_hiop;52a8c1faa99b4a10b1a63992b3b92a8f82aa3130;Philip C. Roth <rothpc@ornl.gov>;1680890764;"Ensure NB value sends are completed.
"
llnl_hiop;52a923db042c4a02c1aae8799cee9fa51b68e5fe;Cosmin G Petra <petra1@llnl.gov>;1555364278;"Merge c8a42d8646125370a947dd734a971dd649913b55 into c52a6f6b9baaaa2d7f233a749aa98f901349723f
"
llnl_hiop;52a967fa60e887ec6bcf66d6f0ba60ebb616baab;kswirydo <kasia.swirydowicz@gmail.com>;1657319790;"cuda code formatting
"
llnl_hiop;52b113806d926da89efc2bf8c94fcfe150417dcb;nychiang <sorakid507@gmail.com>;1658903255;"fix csr cuda issue
"
llnl_hiop;52ec9608045d603eacff089676c7228561f107ed;Cosmin G. Petra <petra1@llnl.gov>;1619828176;"documentation and code styling
"
llnl_hiop;52f94b149d9f0869e7386d22f83c41bc1647e1aa;nychiang <sorakid507@gmail.com>;1675888059;"clean comments, draft
"
llnl_hiop;531dc5170fecc9573018e0047ace1e86e72f7d7a;Frank Wang <wang125@llnl.gov>;1620798357;"output real objective
"
llnl_hiop;532b81a39a818da2ce7518082264a97aa92825be;Cosmin G Petra <petra1@llnl.gov>;1613624391;Update readme.md
llnl_hiop;53329a9ce35980352b32f82c6f1629d6d37035e8;nychiang <sorakid507@gmail.com>;1741671607;"remove python temp files
"
llnl_hiop;5345ce48324ddebba8d9c76638612684128164af;Cosmin G. Petra <petra1@llnl.gov>;1649867032;"sparse linear solver class may not own sys matrices
"
llnl_hiop;536c271807e85af387d1b9329d417450f794ed05;Cosmin G. Petra <petra1@llnl.gov>;1538151985;"added getNumIterations() method in the solver class
"
llnl_hiop;538fa53200e4d76487a082b051e620461cafacb0;Nai-Yuan Chiang <chiang7@llnl.gov>;1752266148;"fix ci (#735)

"
llnl_hiop;539489b4b9c741446264f7364579618c8df2350d;Asher Mancinelli <asher.mancinelli@pnnl.gov>;1616722359;"modified example 7 to have many equality constraints
"
llnl_hiop;53acbd5d3a513e954ae013ab3fda0551261ae113;kswirydo <kasia.swirydowicz@gmail.com>;1662134277;"fixing small numerical issues in CUSOLVER iterative refinement (#539)

* fixing small numerical issues

* Move cleanup stage to after all tests have run

Co-authored-by: Katarzyna Swirydowicz <kswirydo@login1.ascent.olcf.ornl.gov>
Co-authored-by: Cameron Rutherford <robert.rutherford@pnnl.gov>"
llnl_hiop;53c27d19eb34c7d96f5127ad518ee81c5f7c5621;nychiang <sorakid507@gmail.com>;1601675104;"correct IpoptAdapter for sparse matrix. Add unit test
"
llnl_hiop;53c2f15fd18c5d8a216971891fc918c608bcdae5;Cosmin G Petra <petra1@llnl.gov>;1745869627;Update setup.py
llnl_hiop;53dcaa288b194c0893888de576c6607d8450fc4d;Cosmin G. Petra <petra1@llnl.gov>;1611686033;"fixed timing of inertia and updated some messages
"
llnl_hiop;53e53147e4c6bcfd313cff6f894aaabe4bc207ae;Nai-Yuan Chiang <chiang7@llnl.gov>;1632326608;"Sparse kernel development for GPU. Part 2 (#321)

* add RAJA copySubMatrixFrom and unit test

* add RAJA copySubMatrixFromTrans and unit test

Co-authored-by: Chiang <chiang7@sephiroth.llnl.gov>"
llnl_hiop;53ed3eb64bbc7cb20c127d9be58c58fb375a8684;Cosmin G. Petra <petra1@llnl.gov>;1481045208;"line search - initial implementation, tested and working
"
llnl_hiop;53f3afe6afcda08bdff2d61bb6c197f45cc1903a;Slaven Peles <peless@ornl.gov>;1692036520;"ReSolve matrix values updated directly on GPU when HiOp runs in gpu mode.
"
llnl_hiop;53f403efaf05c56f09d223369046aa0abdec92c8;Nai-Yuan Chiang <chiang7@login1.ascent.olcf.ornl.gov>;1623300116;"test 1
"
llnl_hiop;542d7f52cd8226cbef706981e0cfe8c3a194d0ce;Cosmin G Petra <petra1@llnl.gov>;1717706582;"fixed typo (#687)

"
llnl_hiop;5434456e8d0b41ce245addfb7a3fdf1451fe6716;Frank Wang <wang125@llnl.gov>;1622566903;"adding comments about nested class
"
llnl_hiop;5456a8333015d23d1cad159f7d89bcaae263a335;Cosmin Petra <petra1@llnl.gov>;1574472185;"working version - LinsysDenseXDYcYd with MDS formulation/inteface and vanilla/convex IPM filter IPM
"
llnl_hiop;54634babf542c2d30117401c9f7bb8ffb3e17da7;Asher Mancinelli <asher.mancinelli@pnnl.gov>;1607126044;"Added build matrix to BUILD.sh
"
llnl_hiop;5468f82d149996579c15aca8873471675f766166;Cosmin G Petra <petra1@llnl.gov>;1614806743;"Update of write_kkt (#195)

* CSR iajaaa output contains NLP sizes

* updated the example matlab code

* final touches

* Update readme.md

* added matlab tril and triu to automatically detect whether the matrix is symmetric and whether it is lower or upper triangle"
llnl_hiop;546a9113344d113a765e0d67e808dbb0ee6eadb4;Nai-Yuan Chiang <chiang7@llnl.gov>;1683245324;"Merge b94b91e3eb17eec0400b799ca11f38384eb6a21b into 3f0daa0b01f746b6f60dcfaf55108b048962cbb6
"
llnl_hiop;54a8bd7366a163d7d5d63694cfce34719995c4e2;Chiang <chiang7@sephiroth.llnl.gov>;1643411643;"address comments
"
llnl_hiop;54ac1b2558547296eceeae422b8393ad8e816e9d;Chiang <chiang7@sephiroth.llnl.gov>;1635198049;"minor fix
"
llnl_hiop;54bca26c953938c4f8f2cf56ae9b778b04817aeb;Asher Mancinelli <asher.mancinelli@pnnl.gov>;1607449893;"lowering ctest verbosity so not to overrun log size limits
"
llnl_hiop;54bcf5160e7c8b38bc2c121d8e330d411f85e8da;Tucker Hartland <tucker.hartland@gmail.com>;1743176993;"moving saved data from the base hiop directory in order to avoid overcrowding, obtaining the path of the python __file__ in order that we can load the saved data according to the python file and not from where the file is run from. This enables us to be able to run (from hiop base dir) python src/Drivers/hiopbbpy/BODriver.py and (from hiop/src/Drivers/hiopbbpy) python BODriver.py. Previously there was an error when I tried running the latter case.
"
llnl_hiop;54cea90fcc551994b7a8fcc186b9b6a9143d7bb8;Cosmin G. Petra <petra1@llnl.gov>;1565975847;"sync with Juraj
"
llnl_hiop;54fba5c1d11fd2f5c56d46bdb039d2583fa6bca3;Cosmin G Petra <petra1@llnl.gov>;1653068217;"updated user warning messages and remove unnecessary comments (#477)

"
llnl_hiop;55170df7abad466b522c9460915f936c796dd549;Juraj Kardos <juraj.kardos@usi.ch>;1565218703;"Assemblying the full hessian, including blocks H_xs and H_ss
"
llnl_hiop;5535235d1acb4d8165ccd7aacdbd30e2df288bb0;Nai-Yuan Chiang <chiang7@lassen708.coral.llnl.gov>;1600887375;"add support to sparse linear algebra. Code can be compiled. Without test for functionalities
"
llnl_hiop;5540c55e6289d625b3b951a3471e86daf1c67471;nychiang <sorakid507@gmail.com>;1610615471;"LSQ dual initialization for MDS
"
llnl_hiop;554ec3aa3e80bb72b4c1d9be2eb5275da3be344d;Cosmin G. Petra <petra1@llnl.gov>;1648245182;"clarified the logic for instantiating linear solver in the LSQ-based initialization of the duals

also allowed by passing the requirement that only CUSOLVER(s) should be used when compute mode is hybrid
"
llnl_hiop;55652fbe923ab9107d002d0d070865bd22375b28;Cosmin G Petra <petra1@llnl.gov>;1651410258;Update CHANGELOG.md
llnl_hiop;5567c0456e632f63dedfacec21c84840a3e5b61a;Asher Mancinelli <asher.mancinelli@pnnl.gov>;1589907408;"Merge branch 'master' of github.com:LLNL/hiop into dual-lib-dev

Conflicts:
	CMakeLists.txt
"
llnl_hiop;55784bd869326ebffcbdf9fbc264e2a7eabc9e14;Cosmin G. Petra <petra1@llnl.gov>;1618793907;"code cosmetics
"
llnl_hiop;557ea2ae58f4384dcaadad73e734a2a6ca6f1ef2;Cosmin G. Petra <petra1@llnl.gov>;1483555271;"fixed a problem in the computations of the internal BFGS representation that occured in parallel runs
"
llnl_hiop;55977a2798cabef325d898d2c2d5510017d81ffd;Cosmin G. Petra <petra1@llnl.gov>;1590034958;"robust LAPACK IC detection and MDS handling of critical cases
"
llnl_hiop;55a4400d19f9e4caddf55b637222db1bda0206d9;Jonathan Wong <jonwong12@users.noreply.github.com>;1537884375;"Merge 2a025d1cb2c1cdb474a96e1b7ad0b1e17d2ef2d1 into 624ff12101f87d1561cd167229baaba1a5eebe20
"
llnl_hiop;55d4382af5608fddb41f2c7efa089c742ae070e3;Nai-Yuan Chiang <chiang7@llnl.gov>;1606888665;"update documentation for sparse linear algebra (#108)

"
llnl_hiop;55d83330df4024dfd40dcd4dfe3a1c25433ccf4d;Cosmin G. Petra <petra1@llnl.gov>;1644346870;"renabled while loop for mu reduction

only 1 mu reduction under elastic mode
"
llnl_hiop;55dbe75f3204ed1924506265305bea5562c7e127;nychiang <sorakid507@gmail.com>;1601146367;"Add example for sparse case; Fix bugs and white space issue.
"
llnl_hiop;55ec276add9575ab26533ac7c3d832dbb143d55a;nychiang <sorakid507@gmail.com>;1658819521;"address C's comment
"
llnl_hiop;561de2cafb8e51936d91fd71f13e1c6e633d5222;Chiang <chiang7@sephiroth.llnl.gov>;1623481601;"test
"
llnl_hiop;5631b6cb6d13008f54605e5d1183e8b3cbb7cd11;Cosmin G Petra <petra1@llnl.gov>;1727049897;"fix ci errors (compilation)
"
llnl_hiop;563cb6882d400e678b032f8e4730867fa886a489;Cosmin G Petra <petra1@llnl.gov>;1744733676;"fixed ver number
"
llnl_hiop;56510d695d99e0746ea0492b8006b39db8e474e5;Cosmin G. Petra <petra1@llnl.gov>;1662064072;"mem backend in RAJA vec
"
llnl_hiop;56659351187ed8c33e297dcdc187eac171bb86aa;Cameron Rutherford <robert.rutherford@pnnl.gov>;1717787512;"Update spack_build.yml to remove E4S cache and use newer OS (#689)

* Update spack_build.yml to remove E4S cache and use newer OS

* Build ^libevent~openssl"
llnl_hiop;5678a8ce74f4d1607f222322151d72cd5fb65be8;rcrutherford <robert.rutherford@pnnl.gov>;1659471541;"Fix hiop CMake for C++14 and rocm exporting.
"
llnl_hiop;5679185874785774f4b1966db3590859fcd06b09;Slaven Peles <slaven.peles@pnnl.gov>;1586899700;"Merge branch 'dev/NewtonMDS' of ssh://gitlab.pnnl.gov:2222/exasgd/solvers/hiop into dev/NewtonMDS
"
llnl_hiop;567a288146cf90a551e7463dac26c160836733d5;Nai-Yuan Chiang <chiang7@llnl.gov>;1636585787;"Merge aef149bd05366e04b0ffd5812eb6dea21c660842 into bb199275c1f0a9b8f002847853752e77a8e0e813
"
llnl_hiop;56824f1a035d27f1688ee043615012e0015304ec;Asher Mancinelli <ashermancinelli@gmail.com>;1639700658;"Debug PNNL pipeline
"
llnl_hiop;5697636cef77e132af91c909092a22717da4e394;George Chumbipuma <gc51@rice.edu>;1753803099;"Fix indentation of MPI includes and defines in NlpDenseConsRajaEx2.hpp
"
llnl_hiop;56ae82cccf183c79389d8335fae7e34bf5664cb3;Nai-Yuan Chiang <chiang7@llnl.gov>;1684882263;"fix memory leaks in inertia-free alg and condensed linsys (#622)

* fix memory leaks in inertia-free alg and condensed linsys

* use inf norm"
llnl_hiop;56afc29459b06947a65cd4bb15c6098456e1912f;Cosmin G Petra <petra1@llnl.gov>;1752685700;"output clean up; ramped up tol for singularity in KktLowRankLinsys
"
llnl_hiop;56b4fecf1e9bdd51cbb37d327f417c9ad93cae29;nychiang <sorakid507@gmail.com>;1604012905;"add support for STRUMPACK
"
llnl_hiop;56b6714c5ab7aec27be94c5d29673a231260d9ed;nychiang <sorakid507@gmail.com>;1654890708;"clean folders after CI
"
llnl_hiop;56b9ca7d0d9020fd6c75d679d64e6a68fb5e4f9a;Cameron Rutherford <cameron.rutherford@me.com>;1621011280;"Remove setting global CUDA language
"
llnl_hiop;56bd6e42b84c729e2564b65932517f8b3486340b;Asher Mancinelli <asher.mancinelli@pnnl.gov>;1624550992;"Update ci dependencies (#263)

* Update to use new CI environment: ascent marianas, newel

* Use function to generate nvblas conf, trigger new CI
"
llnl_hiop;56c2401e6257cb78b472c6d417e1a99e5dca806d;Juraj Kardos <juraj.kardos@usi.ch>;1565642445;"extending iteration output by norm of the multipliers update and inner iterations count
"
llnl_hiop;56d76ef9f2b6ded305d0ff77f68d58dd14b397f5;Asher Mancinelli <asher.mancinelli@pnnl.gov>;1595218363;"Cmake Improvements (#57)

* Removed incorrectly included header

* removing nested namespace declarations

* making build script clearer

* removing changes to build script

* Fixing RPATH for installations.

* Enable building with MPI and CUDA code in the same compilation unit

* removing PNNL-specific CI stuff

* boosting cmake min version to 3.12

Co-authored-by: Peles, Slaven <slaven.peles@pnnl.gov>"
llnl_hiop;5717284a5c3c42d2338b44528e1b2fa80bf0937f;Asher Mancinelli <ashermancinelli@gmail.com>;1634783835;"Fix ascent modules
"
llnl_hiop;57229eb576ec4145ee0a40ceec2a2f6c8c5113b4;Frank Wang <wang125@llnl.gov>;1613108409;"adding missing file from previous push
"
llnl_hiop;573c994ba796a5e24b4514f9cf53463d255eb50c;Cosmin G Petra <petra1@llnl.gov>;1728492600;"fixed compilation errors due to renaming
"
llnl_hiop;57448dd96d6e0a1d7d2fd3cbe2420c7edf8de3d1;Nai-Yuan Chiang <chiang7@llnl.gov>;1619770696;"add mds ex6 with zero sparse row
"
llnl_hiop;5750b664ef115cff1a120be67ddc196d3fa942d4;Asher Mancinelli <asher.mancinelli@pnnl.gov>;1589088443;"fixed segfault issue
"
llnl_hiop;575b5e63854c67d5c174f163d4a89d99636aa77b;Cosmin G. Petra <petra1@llnl.gov>;1483555460;"some temporary insignificant changes
"
llnl_hiop;575c6f8f0481e3351e15a4a52c18750a13a7c96c;Cosmin G. Petra <petra1@llnl.gov>;1585071091;"implemented solve method in UMFPACKZ class
"
llnl_hiop;5786a535eda30b19c5d24417926a8648de0e0c20;Slaven Peles <peless@ornl.gov>;1683660825;"Add error checking for IR setup.
"
llnl_hiop;578d8ebc1188d4a94ddad4405a909614ed29737e;Chiang <chiang7@sephiroth.llnl.gov>;1635198313;"minor fix
"
llnl_hiop;5791c40f6f4f16bda0c7715c96226c441990e55a;Cosmin G Petra <petra1@llnl.gov>;1628632213;Update marianasVariables.sh
llnl_hiop;579941f9836265f245834bfd462b142d6b4e6609;nychiang <sorakid507@gmail.com>;1759444048;"create branch
"
llnl_hiop;5799737bd56c097512ad84feac07d2a757bddd04;Asher Mancinelli <asher.mancinelli@pnnl.gov>;1588114230;"adding configured hiop_defs to install location
"
llnl_hiop;57a30671187b682924c9115fc1c322df512c797a;Cosmin G Petra <petra1@llnl.gov>;1742771918;"M lumped applies in residuals
"
llnl_hiop;57a73e00cee75cedfda5a0a89033d8ef0fb2786b;Tucker Hartland <tucker.hartland@gmail.com>;1751471788;"adding mpi4py in case this is the reason why a hiopbbpy test failed in the previous commit to master
"
llnl_hiop;57aa4901b1f7bc66577603b19bffa0ae12b741df;Cosmin G. Petra <petra1@llnl.gov>;1587084662;"min CUDA 10.1  required by the build system

10.1 or later required by cublasLt
"
llnl_hiop;57bd739c1cc6766e9317f994fec9425f8d83c0db;Cosmin Petra <petra1@llnl.gov>;1606507516;"double pointer to double and new matrix local_data accessors propagates through GPU/RAJA
"
llnl_hiop;57c87432aeb195c9ea9653112b7211583e53a847;nychiang <sorakid507@gmail.com>;1669057554;"use mutable variable
"
llnl_hiop;57c875b7aae237f005d52c0f38a05041c4f53210;Nai-Yuan Chiang <chiang7@llnl.gov>;1661965862;"print hiop options in a concise way  (#536)

* add short version to option::print

* change function name and add comments (#537)

* updated documentation of the callbacks

Co-authored-by: Cosmin G Petra <petra1@llnl.gov>"
llnl_hiop;57d0990f85da6d068b675fc39ff9fd167787bfd7;Peles, Slaven <slaven.peles@pnnl.gov>;1596063657;"Implemented RAJA-based dense matrix class.
"
llnl_hiop;57d592d491c2925a0e440f924490b6ac9066bb81;Cosmin G. Petra <petra1@llnl.gov>;1482188983;"changed outputing
"
llnl_hiop;57d75a84813f94b9aebfb6b7bc49cddae02db63e;nychiang <sorakid507@gmail.com>;1602097665;"add unit test; build sparse solver by default
"
llnl_hiop;57e79a11a04c0c422cbd84c6d4b371a40894e4e3;Cosmin Petra <petra1@llnl.gov>;1609169642;"final touches after merge of develop
"
llnl_hiop;57f4ae43c6e1d1a7f90b2124bfe86af1470b5e4c;Cosmin G. Petra <petra1@llnl.gov>;1628535834;"improved error handling and output
"
llnl_hiop;5835f79268e10d87a83ce04e7226881b01dbf316;nychiang <sorakid507@gmail.com>;1697041018;"delete variables
"
llnl_hiop;583fe40eea868c70215b7bce6447723ce8f1e211;Cosmin G. Petra <petra1@llnl.gov>;1674681844;"added new copy to/from hiopVectorPar
"
llnl_hiop;5870b074fd20a080c454a7ccae383e90282cd1bb;Cosmin G. Petra <petra1@llnl.gov>;1673379315;"consistent file names
"
llnl_hiop;5876557d17be919e2d316921de07c3d44eeda06b;nychiang <sorakid507@gmail.com>;1663823852;"fix heuristic for sparse linear system
"
llnl_hiop;587f26324650fac5803829c01d1edc61be0058a6;Cosmin G. Petra <petra1@llnl.gov>;1589592076;"updated XYcYd residuals computation for IC
"
llnl_hiop;58848f1cd581fa31045b312241464a11e690a5cb;Katarzyna Swirydowicz <kswirydo@login1.ascent.olcf.ornl.gov>;1661989364;"fixing small numerical issues
"
llnl_hiop;5887aace178b43ed24bd9eeb2289bc2c3660feb4;ryan.danehy@pnnl.gov <dane678@we45149.pnl.gov>;1692377769;"fix states variable
"
llnl_hiop;5887c7539f68e6d560b90ecb4c12bdca194def2f;Cosmin G Petra <petra1@llnl.gov>;1741986576;"added volume and lumped matrix
"
llnl_hiop;589b9c76781447108fa55788d5fa1b83ff71a3d1;Nai-Yuan Chiang <chiang7@llnl.gov>;1609868767;"remove flawed assert condition, fixes #171 (#174)

* remove flawed assert condition in inertia correction control logic

* Installing missing headers

Co-authored-by: Asher Mancinelli <asher.mancinelli@pnnl.gov>"
llnl_hiop;589d18eba2f0801d16d4453ebe7a1e9403a64dff;Chiang <chiang7@sephiroth.llnl.gov>;1622157711;"fix memory leak in unit test
"
llnl_hiop;58e28078681dfe23f5d5093676269596c759ef25;Chiang <chiang7@sephiroth.llnl.gov>;1623698957;"test
"
llnl_hiop;58e8d2c9ff0a70bed072b674d23648c8f1089e2e;Frank Wang <wang125@llnl.gov>;1613107775;"fixing issues from merging and enabling MPI off compiling
"
llnl_hiop;58f0125e6ba7bbd0e068ee75026b40c693596cb4;Chiang <chiang7@sephiroth.llnl.gov>;1643252211;"clean the code
"
llnl_hiop;5916e15cb38c0c72a9c8ecaf4675e2a63825aff3;ryandanehy <110119005+ryandanehy@users.noreply.github.com>;1666387333;"Pre stage pipeline fix (#564)

Fixes the occasional problem where the find command ends up deleting the whole parent directory, and cause the pipeline to immediately fail. Adding the mindepth flag prevents that from happening.
"
llnl_hiop;593b085065dcbc3387a3cb7c15dd06cee38967fd;Fritz Goebel <fritz.goebel@kit.edu>;1673620695;"Add choice for triangular solver implementation for Ginkgo, remove iterative refinement inside Ginkgo integration
"
llnl_hiop;59466953fd65b5e233da789eabfcf7d9a5e355c7;Cosmin G. Petra <petra1@llnl.gov>;1670026563;"removed hiopVectorRajaPar
"
llnl_hiop;594b756e7a2965f269be7103e0660d942eac93c5;nychiang <sorakid507@gmail.com>;1744215609;"fix CI

redisgn IpoptProb
"
llnl_hiop;594da2cee73e53a958afe924b030f326ee581c4c;Tom Epperly <epperly2@llnl.gov>;1685480070;"Use integers instead of strings (#627)

"
llnl_hiop;59669043aac56c3594ced6f695bee9b0ef59aded;Cosmin Petra <petra1@llnl.gov>;1574211060;"'update' method specialized to nlpDenseCons-specific objects
"
llnl_hiop;597742f61593edf64c8ed2831d304bc7bf4d08f3;Cosmin Petra <petra1@llnl.gov>;1574376254;"fixed type in filename
"
llnl_hiop;5994d409f251f40c6dbae7ca03482ebd249a2dfe;Cosmin G. Petra <petra1@llnl.gov>;1649867163;"cleaned up code in the Condensed LinSys
"
llnl_hiop;5996035d863bef351d27a82a64822bf0cf95afc7;Cosmin Petra <petra1@llnl.gov>;1582557283;"Merge branch 'dev/NewtonMDS' of github.com:LLNL/hiop into dev/NewtonMDS

Conflicts:
	src/LinAlg/hiopMatrixSparseTriplet.cpp
"
llnl_hiop;59a7c720c567ae774a77f1b32b7ba308cb2d95de;Tucker Hartland <tucker.hartland@gmail.com>;1744314391;"removing the evaluator class for now as it was just reproducing the Evaluator from smt. when the time comes we will implement our own base class if needed
"
llnl_hiop;59b5d363df23780713337eaddd4ddbfa680fcf56;Asher Mancinelli <asher.mancinelli@pnnl.gov>;1635964576;"trying to use options
"
llnl_hiop;59d20f786eeae5394d6adb69af3ad5a83e4b6c26;Cosmin G. Petra <petra1@llnl.gov>;1675353159;"updated tests
"
llnl_hiop;59da7c27d96115e22f7d8d66fc1e6d17db2c647c;Cosmin G. Petra <petra1@llnl.gov>;1534366283;"modified starting_point behavior

  - when false is returned, a all-zero starting point will be used instead of exiting
  - updated the documentation
"
llnl_hiop;59e323b85bd993ddeda09c9baf115735de835b09;Cosmin G Petra <petra1@llnl.gov>;1639784029;"fixed bug related to uninitialized counter
"
llnl_hiop;59eca6912ce3a904a5791588b10878a542fd38a8;kswirydo <kasia.swirydowicz@gmail.com>;1657832271;"fixing my broken commit from 2 commits ago
"
llnl_hiop;5a168dda2d493b0772070f5d615da6bd8237be5a;Cosmin G Petra <petra1@llnl.gov>;1753906190;"addressing maybe_unused
"
llnl_hiop;5a18d2b9dda0ca3382a08f8daecb150a7a844273;Asher Mancinelli <asher.mancinelli@pnnl.gov>;1638479591;"Create local pointer to fix lambda capture (#374)

"
llnl_hiop;5a1a18c628d98bd6e04e950fea6c93c8c7aadb7a;Cosmin G Petra <petra1@llnl.gov>;1574288823;"Merge pull request #11 from LLNL/dev/block_interface

Dev/block interface"
llnl_hiop;5a2103443292e79de016a063f038196cda5ace4d;Cosmin G Petra <petra1@llnl.gov>;1731353268;"Consolidating qn solver (#697)

* reorganized KKT linear system class for I+LowRank

* Id plus low-rank Hessian

* updated member methods names

* fixed compilation errors due to renaming

* renaming and removed unnecessary member variables

* renamed HessianLowRank class and files

* renamed methods, added authors

* fixed incorrect extension in file name comment"
llnl_hiop;5a27890e577e313a9b4f54a191067e4f58233378;Chiang <chiang7@sephiroth.llnl.gov>;1623699226;"test
"
llnl_hiop;5a2a0403c21e37dbd31b0e390b460e36bb78ebee;Cosmin G. Petra <petra1@llnl.gov>;1604466358;"added a descriptions of how the master problem and associated interface is supposed to work
"
llnl_hiop;5a4618172cd7a5a09945a05044ea4a21d5b435bb;George Chumbipuma <gc51@rice.edu>;1753915145;"Use memcpy to transfer MPI-reduced buffers to matrix host memory and update device copies in sym_mat_times_inverse_times_mattrans
"
llnl_hiop;5a588b88d3dde1b7758945e31a03320ba0a28b02;Nai-Yuan Chiang <chiang7@llnl.gov>;1687935786;"remove dynamic_cast (#640)

"
llnl_hiop;5a796335f6bb1f30e72992ba434bd9aaad52979b;Nai-Yuan Chiang <chiang7@llnl.gov>;1649951304;"Upgrade to RAJA v0.14 and use RAJA::inclusive_scan in HiOp (#347)

* use RAJA::scan

* bug fix

* add path to CAMP

* print message in CMakeLists

Co-authored-by: Chiang <chiang7@sephiroth.llnl.gov>"
llnl_hiop;5a7a350084a335c7515eb394b871730af93f8a07;Cosmin G. Petra <petra1@llnl.gov>;1538661233;"safeguarded memcpy from getting null pointers
"
llnl_hiop;5a7afecbe7a7ce3501c9b8ce9aa1f15feac4ed4f;Asher Mancinelli <asher.mancinelli@pnnl.gov>;1590679045;"Style Guidelines [feature] (#28)

* first pass at style guidelines

* added style guide for RAJA; clarified branch naming conventions

* fixing formatting issues

* added examples for variable declarations

* Spaces in between most operators

Co-authored-by: Asher Mancinelli and Slaven Peles"
llnl_hiop;5a7f0825aedc6e207fec5381e528cd37700ae6b3;Chiang <chiang7@sephiroth.llnl.gov>;1643405905;"minor fix
"
llnl_hiop;5a89fcd3835d6588b99cde5d223539e02123f136;George Chumbipuma <gc51@rice.edu>;1753807838;"Refactor matrix row/column operations to CamelCase: setRowToZero, setColToZero, shiftCols; update all headers and implementations; remove legacy snake_case methods.
"
llnl_hiop;5abf796fe2551a660cdb23c41b53f99a75f2c2f7;nychiang <sorakid507@gmail.com>;1654045581;"without example
"
llnl_hiop;5adf9b26186d010c69d5f952ae55cbeeba85cdf3;Nai-Yuan Chiang <chiang7@login1.ascent.olcf.ornl.gov>;1623355830;"test
"
llnl_hiop;5af5f1ca1f02deea6387722193fcad06846e5022;Chiang <chiang7@sephiroth.llnl.gov>;1626839543;"fix inclusive scan
"
llnl_hiop;5af6189928d2bdf731f093179177eaf5f6e542d6;Cosmin G. Petra <petra1@llnl.gov>;1628535804;"clean up
"
llnl_hiop;5b15367098f099cef694aad7c80b488d9688a831;Cosmin G Petra <petra1@llnl.gov>;1660764798;"temporary allow failure on newell

pending final adjustments for newell, better to not report newell failures"
llnl_hiop;5b1976f7146b163d85579e28c1df6288387783b6;Cosmin G. Petra <petra1@llnl.gov>;1627660093;"small edits
"
llnl_hiop;5b28f2ee78c104bc32c0eae9366dbac08999b52a;Slaven Peles <peless@ornl.gov>;1684351585;"Add setup_factorization method.
"
llnl_hiop;5b5ebb94c153ff39e86471961cf490172c061c36;Cameron Rutherford <robert.rutherford@pnnl.gov>;1677822217;Disable E4S buildcache
llnl_hiop;5b75a708a36c59212e959cea62d136a6eb48e82b;Cosmin G Petra <petra1@llnl.gov>;1743626692;"added api for lumped weight; some methods renaming
"
llnl_hiop;5b8a07249df07b0718ffa31cac471970e7a3770c;Asher Mancinelli <asher.mancinelli@pnnl.gov>;1622586981;Merge branch 'develop' into hip-updates-dev
llnl_hiop;5b978011cbb989f356baaae0b7cee2a183e9db61;Tucker Hartland <tucker.hartland@gmail.com>;1744313663;"updates -- better usage of default arguments, removing in BODriverEX where we pass default arguments, we can just omit arguments here
"
llnl_hiop;5b98d38f9ba16119a907d1b3860e05a12dba2b61;Chiang <chiang7@sephiroth.llnl.gov>;1623698680;"test
"
llnl_hiop;5ba564148fd92148b8d26b0fc74251684bb3ffbd;Cosmin G. Petra <petra1@llnl.gov>;1587081761;"consolidated timesMat for the parallel case
"
llnl_hiop;5bb2530bd166b6bcddb7c6ea9cb41e95ab2cb47f;Ian Smith <ian.smith@pnnl.gov>;1606182869;"parameterizing more env vars
"
llnl_hiop;5bb7549f45874f6a3208f47b941c27bd99fd543d;nychiang <sorakid507@gmail.com>;1690357368;"mpi works fine in the test DenseEx4 FR force
"
llnl_hiop;5bbe218bc5efe784fb1c37814ee3741ee1eebbc7;Cameron Rutherford <robert.rutherford@pnnl.gov>;1727045681;"Add working spack build with build cache. (#695)

* Add working spack build with build cache.

* Fix spacke => spack typo.

* Also exclude curl from build.

* Also exclude openssl.

* Use custom spack for with fix.

* Change how spack is configured.

* Fix configuring spack command.

* Fix cache path and TMPDIR.

* Add output of full log on error and add verbosity to HiOp build.

* Force openblas on all builds

* Update spack_build.yml

* Update spack_build.yml with checkout in right place

* Load openmpi, and use git.version spack version

* Update spack_build.yml with correct Spack commit SHA

* Update spack_build.yml with correct spack vesion syntax

* Update spack_build.yml with `--sh` for loading openmpi

* Update spack_build.yml

* Load MPI through printed variables from spack.

* Update .github/workflows/spack_build.yml

* Update spack_build.yml"
llnl_hiop;5bbe346a556af908aff73cf75dfa9e9c4618b3ed;Asher Mancinelli <asher.mancinelli@pnnl.gov>;1606346749;"Setting variables to COINHSL path
"
llnl_hiop;5bc2af68dcff63eecc465719ba9e7cab78b24bab;Cosmin G Petra <petra1@llnl.gov>;1726239680;"updated doc; replace all #
"
llnl_hiop;5bc9ea22abddfea261bc7cfc25fdc8708e5aba6b;Juraj Kardos <juraj.kardos@usi.ch>;1565127841;"adding A'*A sparse triplet operation
"
llnl_hiop;5bf20c4e9bc8d891c673d715d962fa32e3295b12;Cosmin G Petra <petra1@llnl.gov>;1638488260;Update CHANGELOG.md
llnl_hiop;5c19c76c60d68b4bd4172862f7ca826613cf7601;Cosmin G Petra <petra1@llnl.gov>;1731354568;"Qn solver cleanup (#699)

* reorganized KKT linear system class for I+LowRank

* Id plus low-rank Hessian

* updated member methods names

* fixed compilation errors due to renaming

* renaming and removed unnecessary member variables

* renamed HessianLowRank class and files

* renamed methods, added authors

* fixed incorrect extension in file name comment

* Update spack_build.yml to fix cmake pulling llvm (#698)

* Update spack_build.yml to fix cmake pulling llvm

* Update spack_build.yml to specify cmake requirements for all packages, and re-enable build cache

* Move openblas into direct package spec

* Specify openblas in a different way

* Try re-using builds for quicker pipelines

* Add some comments and move libevent version spec

---------

Co-authored-by: Cameron Rutherford <robert.rutherford@pnnl.gov>"
llnl_hiop;5c2479196ffd4e5c25dc971d652dc2c1a318d24d;Cosmin G. Petra <petra1@llnl.gov>;1670079192;"addressing issues with OpenMP builds
"
llnl_hiop;5c2885fb177358a7f1592b04a8707b0965c5116d;Cosmin G. Petra <petra1@llnl.gov>;1589208558;"misc - improved output and fixed bugs

output in hiopResidual was improved
fixed an incorrect assert in the matrix class and an incorrect conditional in hiopLinSysDenseLapack
"
llnl_hiop;5c3683f5a89a337342babd92f21068aec36f45ff;Cosmin G. Petra <petra1@llnl.gov>;1503354089;"smalish updated the set part of the  interface
"
llnl_hiop;5c51cdeebb8cfd40d8d484c1f599e1cef00d162f;Nai-Yuan Chiang <chiang7@login1.ascent.olcf.ornl.gov>;1670670325;"fix
"
llnl_hiop;5c59f6ec6652dd4a7594ad1f3703c66739771e7e;Cosmin G Petra <petra1@llnl.gov>;1759500440;"bumped up PriDec alpha_max
"
llnl_hiop;5c614cb4f02b8f5b4d7aa1744fac44222d94df53;Cosmin G. Petra <petra1@llnl.gov>;1487441489;"fixed compiler warnings related to operator= implementation
"
llnl_hiop;5c85e9f007e5c188389ee5b13112d003884173ad;Cosmin G. Petra <petra1@llnl.gov>;1503706292;"Fixed an appropriate printf format string (used '%g' for string)
"
llnl_hiop;5c936bdf6a912e7dd9c2fe4acd8625bf8cb81695;Cosmin G. Petra <petra1@llnl.gov>;1586906053;"sketched the one-call constraints evaluation methods

function evaluation and Jacobian evaluation
"
llnl_hiop;5cab15e19bb8cafa1c790ce2a719cb7e43c1e034;Asher Mancinelli <asher.mancinelli@pnnl.gov>;1589520953;"adding build script to run all builds reccomended in the readme
"
llnl_hiop;5cab508205ad53a1f48d72a82657b59f29451132;Juraj Kardos <juraj.kardos@usi.ch>;1565137691;"making AugLagrNlpAdapter function behave uniformly, i.e. fixing interface of eval_penalty
"
llnl_hiop;5cb86d291c962ed64c7b428616c1af5f8eeeb8af;Asher Mancinelli <asher.mancinelli@pnnl.gov>;1608321542;"Bump cmake min version to 3.15 for strumpack #143
"
llnl_hiop;5cdef46f5dd432af7fd8fb5416c7d50d0898a9c8;Cosmin G. Petra <petra1@llnl.gov>;1611351334;"coding styleguide enforced

 - tabs removed
 - member variables with trailing ""_""
 - fixed indentation issues (tabs from a long time)
"
llnl_hiop;5ce2875e2e208ad2cce3596d619859f6d940e8ce;pelesh <slaven.peles@pnnl.gov>;1582855295;"Merge pull request #1 from LLNL/dev/NewtonMDS

Dev/newton mds"
llnl_hiop;5ceed8debd7edaf12dd16f914b6c0142a8f6d234;Cameron Rutherford <cameron.rutherford@me.com>;1734385597;"Merge 11b149d2c3099d421e51c2208d697cd46349d3d9 into 8c0e7b973bc91ff3c7363bba965b37c801790fbc
"
llnl_hiop;5ceef2c645c29450f35e8c029dbc897ffe2676af;Asher Mancinelli <ashermancinelli@gmail.com>;1626891419;"Dummy commit to trigger CI
"
llnl_hiop;5cfcdf1f8af12919674337c23fc86160e85509fd;Cosmin G Petra <petra1@llnl.gov>;1524498076;"added isnan, isinf, isfinite in the vector class
"
llnl_hiop;5d20d9a3042ef459b67b641441b1745a096786fc;George Chumbipume <gc51@rice.edu>;1752602546;"Implement shift_elems kernel for hiopVector (Par/Raja), refactor QN updateD for device support
"
llnl_hiop;5d2402b7737998ee76664684296d337f7d2df83f;ryan.danehy@pnnl.gov <dane678@we45149.pnl.gov>;1691535111;"Attempt 2 at Getting pipeline status to show up
"
llnl_hiop;5d482aa0120e0e870f7789a6c797a3a2649a4930;Juraj Kardos <juraj.kardos@usi.ch>;1564011598;"minor fix
"
llnl_hiop;5d4a157b7c036de4680eb0845708c10efa8b6b29;rcrutherford <robert.rutherford@pnnl.gov>;1607563940;"Updated linear algebra factory's memory management, and updated use in vectorTests.
"
llnl_hiop;5d5854da4a6c09de591dcb97b0190bca00a43ae9;Cosmin Petra <petra1@llnl.gov>;1583364729;Updated plan.md
llnl_hiop;5d5f479975fe055727ed0ef87a74f561a50183ca;Rutherford, Cameron <robert.rutherford@pnnl.gov>;1726250170;"Fix configuring spack command.
"
llnl_hiop;5d61e2145ae34dc7063da7483a3c116ec60f025b;Tucker Hartland <tucker.hartland@gmail.com>;1751489690;"reverting change, as I was able to determine CI issue
"
llnl_hiop;5d912753f8ffff9c78659ed24faf2286cd2a9339;nychiang <sorakid507@gmail.com>;1662072622;"create branch; fix the bug that magma returns wrong inertia
"
llnl_hiop;5da1cd7b49de30e58e55883a9eb01372d0b73d72;Cosmin G. Petra <petra1@llnl.gov>;1573256169;"added interface and some implementation for symmetric matrix
"
llnl_hiop;5db622594dad61de531314112e836875e2826d40;Slaven Peles <peless@ornl.gov>;1684273792;"Put IR class in a separate file.
"
llnl_hiop;5dc7bdbc12d911655b37f2ae3d06dcd387602135;Cosmin G Petra <petra1@llnl.gov>;1634844595;"Merge pull request #340 from LLNL/0-5-0-cuda-hotfix

Enable cuda separable compilation"
llnl_hiop;5dfeddd03156a6be881f8905d3503852927e76ba;nychiang <sorakid507@gmail.com>;1634596533;"bug fix
"
llnl_hiop;5e01ae974cfc2ded0b90ed163c077d9108193a9e;Asher Mancinelli <ashermancinelli@gmail.com>;1634242883;"Enable cuda separable compilation
"
llnl_hiop;5e1b1f019cd38b6c370fc170355ce84902fa903a;Asher Mancinelli <asher.mancinelli@pnnl.gov>;1616175908;"Use spack installed openblas
"
llnl_hiop;5e1c1500e943893f3941b54df27b435f56e2af61;Cosmin G. Petra <petra1@llnl.gov>;1662562251;"reorg: new directory and names for execution backends
"
llnl_hiop;5e24518729712fff64039a01592887c7a132a25a;rcrutherford <robert.rutherford@pnnl.gov>;1620858455;"Add basic export configuration. TPL incompatible.

modified:   CMakeLists.txt
            Added basic exporting section
            Attempted to export everything under HiOp::
            Added version configuration as well

new file:   cmake/HiOpConfig.cmake.in
            Added including of exported targets file

modified:   src/CMakeLists.txt
            Added EXPORT hiop-targets to the installed libraries
"
llnl_hiop;5e4e1142e91f9d3ca9e9937da1dfae21c8c42a8a;Nai-Yuan Chiang <chiang7@llnl.gov>;1636761639;"Sparse kernel development for GPU. Part 4 (#333)

* add RAJA setSubmatrixToConstantDiag_w_rowpattern and setSubmatrixToConstantDiag_w_colpattern

* add unit test

* remove RAJA scan; use index_type and size_type

Co-authored-by: Chiang <chiang7@sephiroth.llnl.gov>"
llnl_hiop;5e5133165ff0036e2527703c0db1cd760f4e3767;Tucker Hartland <tucker.hartland@gmail.com>;1752073815;"pulling the main script out of utils/evaluation_manager.py and including it as a CI script. Work needs to be done on MPIEvaluationManagerCI to make it CI ready
"
llnl_hiop;5e5402e01d757d161b93ad2c19deb91dc4917992;Ian Smith <ian.smith@pnnl.gov>;1605743734;"adding Push mirror to develop
"
llnl_hiop;5e6b92008fbc998f200dbfd9ceb341f0494abb47;nychiang <sorakid507@gmail.com>;1613768135;"use default parameters in ex6
"
llnl_hiop;5e7bbc7503e05d8a6b3e09df42bd109124cf7d33;pelesh <peless@ornl.gov>;1646088704;"Add option to redirect ctest output directory. (#413)

"
llnl_hiop;5e8332835373f7e77b8f500178c4b4a57e854a89;Robert Cameron Rutherford <robert.rutherford@pnnl.gov>;1628390013;"Remove uncessesary comment [skip-ci].
"
llnl_hiop;5e99301f0b33899f2c65bb6d9fe8ecd37c84ef35;Chiang <chiang7@sephiroth.llnl.gov>;1620243036;"minor fix
"
llnl_hiop;5ea16eb678d6a824bd56a9753ac3dd1e1d4c9df6;nychiang <sorakid507@gmail.com>;1606769569;"fix typos
"
llnl_hiop;5ec4cc099ddb36c83b8fadba94643a08417a78d8;Cosmin G Petra <petra1@llnl.gov>;1589255837;"Merge pull request #22 from ashermancinelli/PNNL/asher/cmake

Cmake Refactor 

Automatically finds magma, cuda, umfpack, metis. The paths for all these can be overwritten with `-D` to point to custom installations"
llnl_hiop;5ed76c3de35f882672d3a42dce3b537543b1fd19;Cosmin G. Petra <petra1@llnl.gov>;1671492113;"created impl file
"
llnl_hiop;5eec8c8416be447af8ca5aa5562fef31fa48f51f;Cosmin G. Petra <petra1@llnl.gov>;1524526364;"fixed a bug

crash when an unrecognized option name was passed in the .options files. Crashed caused by using an initialized log object
"
llnl_hiop;5f1e6faed47014aebcbbd6a76ddc214bf86ab5a0;Cosmin G. Petra <petra1@llnl.gov>;1596490631;"Z linear solvers updated to support error control
"
llnl_hiop;5f22ffe16169762a7ac348f337409ba7fb8895ae;Rutherford, Cameron <robert.rutherford@pnnl.gov>;1676065761;"test-commit.
"
llnl_hiop;5f35d1e9548b153c33c5f39143cc1cc90b04ea6f;Cosmin G. Petra <petra1@llnl.gov>;1617054494;"Merge branch 'develop' into soc-dev
"
llnl_hiop;5f36e47e87c2015a814698637649b78d07096242;Cosmin Petra <petra1@llnl.gov>;1582557460;"more informative output when magma is used
"
llnl_hiop;5f42ab34b419b7cf64d0fffb29d443b009dbfd75;Cosmin G Petra <petra1@llnl.gov>;1664563554;"Release 0.7.0 (#553)

* up-ed the version number

* release notes in CHANGELOG.md

* user manual pdf
"
llnl_hiop;5f4b0c466e4f3a316636119f9f41f7e8065b2f45;Cosmin G. Petra <petra1@llnl.gov>;1493313728;"'Options' class added and updated the solver.

hiopOptions class allows user to specify solver options through API or via 'hiop.options' file.
"
llnl_hiop;5f4c935c7f66a1a6b98ae4d27677034247686245;Tom Epperly <epperly2@llnl.gov>;1746220440;"Add random thing and make style consistent
"
llnl_hiop;5f4f0bb86418bc8e1f2c1081c7dd610a223976d8;nychiang <sorakid507@gmail.com>;1682999942;"use compound vec in bicg IR
"
llnl_hiop;5f57e799d52f8535e93fe3dbd960f02bacddf515;Slaven Peles <peless@ornl.gov>;1657672681;"Remove nonsymmetric interface to cuSOLVER-LU.
"
llnl_hiop;5f58cc61b566fc2577361d41f9954a26420b0c12;Jingyi Wang <wang125@lassen709.coral.llnl.gov>;1606536802;"update PrimalDecomp with outer iteration of the optimization
"
llnl_hiop;5f60e11b79d532115fb41694378b54c9c707aad9;Cosmin Petra <cosminpwork@gmail.com>;1514076330;"updated user manual and fixed typos in readme
"
llnl_hiop;5f9f44db56e6b2330ca551d4792baa39753c735d;Cosmin G. Petra <petra1@llnl.gov>;1656077837;"Chol condensed linear solver class updated to work with matrices on the device
"
llnl_hiop;5fab76ec377e2d77ae0e52896328f609aab54e2f;Asher Mancinelli <asher.mancinelli@pnnl.gov>;1606856260;"Added initial compatibility document
"
llnl_hiop;5fae170fc08969638def13e96c51b9c94954c940;Peles, Slaven <slaven.peles@pnnl.gov>;1596566503;"Implement RAJA-based sparse matrix classes.
"
llnl_hiop;5faf57187d5921ba6e0cb25e78b45021c0892b56;Tucker Hartland <tucker.hartland@gmail.com>;1755627765;"adding example usage of HiOpBBpy to README
"
llnl_hiop;5fbc875d49f1491bef10fb5dff4245a4f3687c14;Cosmin G. Petra <petra1@llnl.gov>;1623188866;"MPI Datatype was set to generic HiOp index and size integer types
"
llnl_hiop;5fdb4d547560f5bfbc2ccfebc872fd394006792e;nychiang <sorakid507@gmail.com>;1678492977;"host data for NonlinearityType
"
llnl_hiop;5fef6dce380baa6d6ae6b4b5d307608c68cb0222;Slaven Peles <peless@ornl.gov>;1679163714;"Preliminary adaptive IR tolerance for cuSolver-LU.
"
llnl_hiop;601a7226ef841d403ee4d6e6d56c6c7dcee4fd01;Frank Wang <wang125@llnl.gov>;1615363322;"adding initial alpha setting
"
llnl_hiop;601c978f98aa871e5f90c8f50b02ef559b75d90b;nychiang <sorakid507@gmail.com>;1607131986;"update document
"
llnl_hiop;603ee9289ba2a27e4aec4a60e21bd822be7183b3;Asher Mancinelli <asher.mancinelli@pnnl.gov>;1594848158;"incremental changes to conform to the style guide
"
llnl_hiop;6045ca5e91f192280bd37de2a851eebe0302b464;Slaven Peles <peless@ornl.gov>;1684293041;"Add private methods for (re)factorization and triangular solve to cusolver-lu class.
"
llnl_hiop;605e574264b07e69a3574303611015da3fba5e1c;Frank Wang <wang125@llnl.gov>;1621982863;"updating Interface/CMakelist
"
llnl_hiop;606c29b3c28048ec194a2223e900ccb190ae36d6;Cosmin G. Petra <petra1@llnl.gov>;1626292639;"updated doc
"
llnl_hiop;60789a6f469536125f3edf058537c3493bdbbf8b;Asher Mancinelli <ashermancinelli@gmail.com>;1631063330;"Add spack build matrix to CI with gh actions
"
llnl_hiop;607cb0d0121c48d610421fd9d591ab65c4200d16;Slaven Peles <peless@ornl.gov>;1648570896;"Remove fake inertia and fix example 6 accordingly
"
llnl_hiop;6082136a68b79aed3c02dd54b0ee94ec2137479b;Cosmin G. Petra <petra1@llnl.gov>;1587014566;"added Ex4 (MDS Nlp) as two test examples
"
llnl_hiop;608740514975e0cbf131a26e8d40e94b1c292316;Cosmin G. Petra <petra1@llnl.gov>;1527975482;"user set 'verbosity_level' is properly handled. Also, file options overwrite options set up at runtime by user
"
llnl_hiop;608a11836655094ab352e540ff9a979799343e4d;Peles, Slaven <slaven.peles@pnnl.gov>;1583351944;Reverting unapproved merge.
llnl_hiop;60aef47b6e938cffa29e3e63f0e837c452cdb8c6;Slaven Peles <peless@ornl.gov>;1683643683;"Untangle hiopLinSolverSymSparseCUSOLVERLU class.
"
llnl_hiop;60b12d7adf75eae0f0fe48e4ab62f2a22f7a943c;Chiang <chiang7@sephiroth.llnl.gov>;1624046778;"editorial change
"
llnl_hiop;60b2be3bc20b177086284f8e16d318b7b1683a50;rcrutherford <robert.rutherford@pnnl.gov>;1608162699;"implemented verifyAnswer in matrixTests.hpp for constant value.
"
llnl_hiop;60cd88496c5103d9e76d73bc7c142a4317ee6bbf;Cosmin G. Petra <petra1@llnl.gov>;1586977790;"staged matrix headers for copyRowsFrom
"
llnl_hiop;60cf361dafc392bc9f6d4bc5f8abd31b448f9abe;Cosmin G. Petra <petra1@llnl.gov>;1589516867;"updated driver to solve nonconvex problem
"
llnl_hiop;60fe67a7bf51996200397fc2b2f2a4af074abe13;Cosmin G. Petra <petra1@llnl.gov>;1586191473;"fixed a couple of small bugs in IpoptAdapter (MDS)

corner cases
"
llnl_hiop;611df03cb2479213e17ec2fca19d73d89cc8ad09;Jingyi Wang <wang125@llnl.gov>;1648581002;"fixing some issues
"
llnl_hiop;612b28fdff668198e68baf955d226cbe61a31c60;nychiang <sorakid507@gmail.com>;1664328242;"create branch; update options
"
llnl_hiop;61331fed9df344f3aa6028d6eb8164cff80748ce;Nai-Yuan Chiang <chiang7@llnl.gov>;1653065296;"Inertia free strategy selection  (#461)

* determine if inertia-free alg is supported

* correct option settings for MDS

* add inertia-free test for the KKT full system"
llnl_hiop;61337e02dc3d60e36844a7f7c611a9a5d18fcc78;Cosmin G. Petra <petra1@llnl.gov>;1605663761;"interface changed to work with single double pointers
"
llnl_hiop;613582fe3e7fecb9be56ae6c846aaf934ed946ef;Asher Mancinelli <asher.mancinelli@pnnl.gov>;1591311770;"Pulling Slaven's fixes for memory leaks
"
llnl_hiop;613d52c487fed86f26424166c9af9bbf1e9d1e25;Cosmin G. Petra <petra1@llnl.gov>;1573489903;"updated classes to use generic NLP and LA objects
"
llnl_hiop;6157065989137f53eafbeec96ee4bedd3003e00b;Cosmin G Petra <petra1@llnl.gov>;1608750383;"moved last vector kernels from hiopIterate into hiopVector (#167)

* moved vector kernels from hiopIterate to  hiopVector

 - provided default and RAJA vectorized implementations
 - added tests in vector testing module
 - updated documentation
"
llnl_hiop;6161396d9b562c39e7e6fe686ab46a2ec7927482;Cosmin G Petra <petra1@llnl.gov>;1707516432;"v1.0.3 release (#682)

* v1.0.3 update CHANGELOG.md

* bumped version in cmake"
llnl_hiop;616de9c31ab0fe64a26b47ea01feac853ca3c0f9;rcrutherford <robert.rutherford@pnnl.gov>;1620946707;"Correct TPL export configuration.
"
llnl_hiop;617e75eb0adac3f27abfd1b24f6c4ef9fa6dea81;Nicholson Koukpaizan <koukpaizannk@ornl.gov>;1666630418;"Merge branch 'develop' into nvtx-annotations
"
llnl_hiop;619a3e201c7c80a7381227352d4cf398f1aa9826;Cosmin Petra <petra1@llnl.gov>;1583173654;"added addMatrix in MatrixComplexDense for operand MatrixComplexSparse
"
llnl_hiop;619b216ed25cb070c41cabd9824bf13f79a81429;Cosmin G. Petra <petra1@llnl.gov>;1585004307;"added UMFPACK linear solver wrapper (complex double)
"
llnl_hiop;61a64aeceb5ee92037aa405789cc9cf380fc1862;Slaven Peles <peless@ornl.gov>;1683656738;"Correct setting system size for IR.
"
llnl_hiop;61a6e141b098208abe40ecb0a36711dec0b70bd1;Asher Mancinelli <asher.mancinelli@pnnl.gov>;1589211434;"adding copyFrom* methods to pure virtual class
"
llnl_hiop;61ab4e6df6e48e267f5570ca0890ba9001553cd0;Cosmin G. Petra <petra1@llnl.gov>;1585972814;"options inconsistencies in IPM algorithm class handled each time options are (re)loaded
"
llnl_hiop;61c527183a6fa39e7e7603438a3055c12fa970d2;Nai-Yuan Chiang <chiang7@llnl.gov>;1622007530;"FR for MDS
"
llnl_hiop;61c53776544ebac5b7e99d31a6eb0f788b247037;Tucker Hartland <tucker.hartland@gmail.com>;1751998901;"towards using evaluator for multi-start opt
"
llnl_hiop;61e9161829cec8d1d71eda17c8acc9648b78fb1b;Tucker Hartland <tucker.hartland@gmail.com>;1761173259;"updated demo notebook
"
llnl_hiop;61eb8d3dbda24090004602c01fa4a75ff8035ea3;nychiang <sorakid507@gmail.com>;1608230418;"minor editorial changes
"
llnl_hiop;61ed2f4d30d2e90195fe6ff5cc81ae24bb191904;Nai-Yuan Chiang <chiang7@login1.summit.olcf.ornl.gov>;1613188918;"fix raja implementation
"
llnl_hiop;61ffca5b5f8ea6e29906af7e3da9ece97444e999;Cosmin G. Petra <petra1@llnl.gov>;1707158324;"updated user manual
"
llnl_hiop;62271a9679828edd9685f5c3cdcb9cf27e041c63;Slaven Peles <slaven.peles@pnnl.gov>;1594834838;"Adding missing LLNL auspices.
"
llnl_hiop;62451e1ee91b4683075743af128fb7cbf109ddb1;Cosmin G Petra <petra1@llnl.gov>;1596000367;"Kron reduction interface update (#62)

Light update of the interface to support the application (mat-vec) of the mapping from nonauxiliary to auxiliary buses
"
llnl_hiop;624cda00f936df41e75db91358631dc686cd1a26;Fritz Goebel <fritz.goebel@kit.edu>;1659695704;"Fix typo
"
llnl_hiop;624ff12101f87d1561cd167229baaba1a5eebe20;Cosmin G. Petra <petra1@llnl.gov>;1537884325;"fixed clang compilation errors
"
llnl_hiop;6261ccc6df0c2d4ea681898ba408a456a4fe3774;Chiang <chiang7@sephiroth.llnl.gov>;1646946628;"rebase to develop; FR for MDS
"
llnl_hiop;627f4d890fb35bd6620fe50ea2f4b23b45d59715;Cosmin G Petra <petra1@llnl.gov>;1617223583;update contributors list
llnl_hiop;62801ffa0397966a8ecffb6143c861c3f704fa7d;Cosmin G. Petra <petra1@llnl.gov>;1656355062;"working directly on the (device) pointer of the input matrix

(removed) extra copy of the nonzeros
"
llnl_hiop;629a71644238c6b01284ed229ce2f6fb3fb005b6;Nicholson Koukpaizan <koukpaizannk@ornl.gov>;1668794485;"Merge branch 'develop' into nvtx-annotations
"
llnl_hiop;62b33598123d948b8a6106873ffbfbd2b244f673;Chiang <chiang7@sephiroth.llnl.gov>;1624658379;"add RAJA setSubmatrixToConstantDiag_w_rowpattern and setSubmatrixToConstantDiag_w_colpattern
"
llnl_hiop;62c2d437e4cc3ced4a0f7758e4436ed2d4c3ab90;Cosmin G Petra <petra1@llnl.gov>;1759501076;"cosmetics for PriDec alpha max and min
"
llnl_hiop;62d7357586806cc4410fa765ce08f08d502ed08a;Cosmin G. Petra <petra1@llnl.gov>;1657576811;"cleaned up and documented performance timers
"
llnl_hiop;62d874277de7a2a8f1d1fb4a0fa352e0fb04723e;Tucker Hartland <tucker.hartland@gmail.com>;1741880358;"addressing some of Cosmins concerns and cleaning up BODriver
"
llnl_hiop;62dc3f5ab24743865b1056918ed343bbcda1a607;Chiang <chiang7@sephiroth.llnl.gov>;1635196238;"address reviewers' comments
"
llnl_hiop;62eb36f53ffe2fbe9b2fa6a330fcf7b9ff98e34c;Cosmin Petra <petra1@llnl.gov>;1583364378;Updated plan.md
llnl_hiop;62fc14a64c952325adb6eea94303c63c27310bdc;Cosmin G Petra <petra1@llnl.gov>;1657663128;"documented existing convert to CSR method from the Triplet classes (#507)

"
llnl_hiop;6318c2e986ccecc522a758232624fb6bbe5d51a1;Cosmin G. Petra <petra1@llnl.gov>;1586564655;"consolidated asserts inside copyStartingXXX
"
llnl_hiop;63342e4da6824d7319ff6ebe581bebe3c7fe3437;Chiang <chiang7@sephiroth.llnl.gov>;1622157889;"fix RAJA code
"
llnl_hiop;63732e0a3ede0d0e33074516d080d65a3005c426;Cosmin G. Petra <petra1@llnl.gov>;1605317178;"small touches related to STRUMPACK
"
llnl_hiop;637a58ef5523c2193fc94acab1d0512e4ce4421d;Cosmin Petra <petra1@llnl.gov>;1614904216;"updated basecase to support changes in Ex6
"
llnl_hiop;63a9b9ba5ecad428877b0b5bb4ff189d90262596;Nai-Yuan Chiang <chiang7@llnl.gov>;1623351014;"fix #227 (#256)

Co-authored-by: Chiang <chiang7@sephiroth.llnl.gov>"
llnl_hiop;63c28393a6108bd5a951c098e576221587913839;Cosmin G. Petra <petra1@llnl.gov>;1482454588;"fixed a bug in the use of dscal in timesMatTrans
"
llnl_hiop;63c665bcd25392aa22092c89e5fee906b212cebd;Cosmin Petra <petra1@llnl.gov>;1583364765;Update plan.md
llnl_hiop;63d8f88def6c50af5514bbd051b66fa066118861;Cosmin G Petra <petra1@llnl.gov>;1742582440;"draft of Hessian approx - code works mesh independently
"
llnl_hiop;63e5a579a2d9e18d23402e8d03c6c2ae6d116701;Asher Mancinelli <asher.mancinelli@pnnl.gov>;1616174479;"use cmake auto lapack lib finder
"
llnl_hiop;63e5fd2292565f078d1a7ac349de1068e2518ade;Peles, Slaven <slaven.peles@pnnl.gov>;1585970646;"Merge branch 'asher/unit_tests' into 'dev/unit_tests'

Unit test progress

See merge request exasgd/solvers/hiop!9"
llnl_hiop;63ead2f1b025f52fac191562955e48318c92fc87;Cosmin G. Petra <petra1@llnl.gov>;1666729690;"fixed compilation errors (CUDA without RAJA)
"
llnl_hiop;63fc48767d3d0581b24b31f7f238155683bc6836;kswirydo <kasia.swirydowicz@gmail.com>;1657319790;"cuda code formatting
"
llnl_hiop;640174e02281aa9c7b6dcb7ff3cdbefbb82c4053;Cosmin G Petra <petra1@llnl.gov>;1617055778;"Update of summit readme  (#204)

comprehensive update of README_summit.md
"
llnl_hiop;6403beb3d9fe0c7659967c4b387c06440661fa69;Cameron Rutherford <robert.rutherford@pnnl.gov>;1676320842;"Gitlab pipeline refactor (#597)

* Refactor LLNL scripts and move files to .gitlab.

* Refactor ORNL and PNNL CI scripts.

* Remove lines missed in refactoring.

* Remove uneccessary LLNL rule

* Fix git strategy for build stages."
llnl_hiop;64116d0562e19a6cf81b6c96e0bfb5801c4637b8;Cameron Rutherford <robert.rutherford@pnnl.gov>;1677821906;Get rid of debugging
llnl_hiop;641712de477f422aea4544c04e12fe1f8f781dca;Chiang <chiang7@sephiroth.llnl.gov>;1646767930;"generalize IR for compressed system
"
llnl_hiop;641fa109e0621d362a27040ea0590a1b4c98d756;nychiang <sorakid507@gmail.com>;1678342951;"add some functions for follow-up development of process_constraints
"
llnl_hiop;6431c17a5802f31afb18b92c85e22b3643336fbb;Cosmin G. Petra <petra1@llnl.gov>;1656694245;"consistent filenames
"
llnl_hiop;64348715b63021665bd83efb9b92066441d20ebc;Asher Mancinelli <asher.mancinelli@pnnl.gov>;1607447817;"cleaned up build/test logic for matrix
"
llnl_hiop;643dfc02a1804327cf2afa5f5fd652a788920926;Cosmin G. Petra <petra1@llnl.gov>;1656442631;"documented existing convert to CSR method from the Triplet classes
"
llnl_hiop;6441b7ea9e1fb7e9cdf40df5107cc7008cb9348c;Chiang <chiang7@sephiroth.llnl.gov>;1627941471;"fix typo
"
llnl_hiop;6489acccc8e0a9e11c2ad18ff94d3e6250ea4f8e;Cosmin G. Petra <petra1@llnl.gov>;1673381438;"consistent filenames
"
llnl_hiop;648cb0252596f7a2b5560bbcedbbbfe51625ac6e;nychiang <sorakid507@gmail.com>;1649895869;"address tab issue in .cpp files
"
llnl_hiop;64926d868d2add84a0764aaecb8ad50e8190596b;Asher Mancinelli <asher.mancinelli@pnnl.gov>;1619104428;"Fix link libraries in add_component macro
"
llnl_hiop;64a095d1878d581c86f6379f2287523a3d908f75;Tom Epperly <epperly2@llnl.gov>;1668624593;"Calculate the inverse objective scale correctly.
"
llnl_hiop;64b221a0d090cdd9e9639c96f6a274b3705305f6;nychiang <sorakid507@gmail.com>;1651293167;"pass NlpSparseEx3 with DualReg
"
llnl_hiop;64d4a1d693e48cd936358132f34fe15a9eb0b2b1;Cameron Rutherford <robert.rutherford@pnnl.gov>;1726757724;Update spack_build.yml with correct spack vesion syntax
llnl_hiop;64e388aa5735ed8699eb35485b332b1d618cb190;pelesh <slaven.peles@pnnl.gov>;1608695332;"Replacing #elif with #else as it should be. (#168)

"
llnl_hiop;64ef833229d9bc999329d829ee0008ee5760a280;Cosmin G. Petra <petra1@llnl.gov>;1493935664;"Moved Drivers/ to src/
"
llnl_hiop;64f7efb78b561d4aad35f31aa64814d68847fd95;Cosmin G. Petra <petra1@llnl.gov>;1491267166;"namespacing hiop commit
"
llnl_hiop;64fdda5787f36e26400c86b8d01b8ba420dae27e;Cosmin G. Petra <petra1@llnl.gov>;1628617174;"leading dimension set to matrix size for gpu mode
"
llnl_hiop;64fe79f8dca12bab1c32884c24045b24950205c9;nychiang <sorakid507@gmail.com>;1675463562;"use exec_space_ to copy and alloc vectors
"
llnl_hiop;64ff482ecadbaf06ed402ea1288ca989b8375bdb;nychiang <sorakid507@gmail.com>;1608594707;"fix uninitialized value for full kkt system
"
llnl_hiop;6508a72119df11859ec841eb445f219cedb4ec1f;rcrutherford <robert.rutherford@pnnl.gov>;1608332164;"Added some documentation to matrixTests.hpp
"
llnl_hiop;6511f3ab406db0bd9e35d395499845f98af2a97b;Nai-Yuan Chiang <chiang7@login1.ascent.olcf.ornl.gov>;1670094202;"fix all methods except for the two that require inclusive_scan
"
llnl_hiop;651b6ccfeb1eb9a1e972c6156aa33de098d41532;Cosmin G. Petra <petra1@llnl.gov>;1643049752;"updated times methods, added add methods
"
llnl_hiop;655c82064cc0de41107fc5fcd21a9b815a7b90e7;Nai-Yuan Chiang <chiang7@llnl.gov>;1608661713;"Use HiOp option to change the mode of STRUMP, and fix bugs/typos. (#166)

* mode of STRUMPACK (cpu/hybrid) can be changed at runtime

* fixed smaller bugs"
llnl_hiop;658205f4c15893ed42055b2b286b513f090359f2;Nai-Yuan Chiang <chiang7@llnl.gov>;1652464702;"Add support to sparse linear system in the formulation of normal equation (#463)


* pass NlpSparseEx3 with DualReg

* skip function evaluations if LP/QP
"
llnl_hiop;6596081d58771ca1bc59f70d075843e9347f3dd0;Tucker Hartland <tucker.hartland@gmail.com>;1752594473;"making the MPIEvaluator test less time intensive
"
llnl_hiop;65b6df6143f32cb81669591f818594eedc913128;nychiang <sorakid507@gmail.com>;1663825762;"fix heuristic for sparse linear system
"
llnl_hiop;65cfef102992b54915522469aa7e3e12a246f47d;Asher Mancinelli <asher.mancinelli@pnnl.gov>;1593450568;"Merge branch 'master' of ssh://gitlab.pnnl.gov:2222/exasgd/solvers/hiop into install-rpath-fix
"
llnl_hiop;65d1dc827496e73c4325e02fce1c97da2a4974be;Nai-Yuan Chiang <chiang7@llnl.gov>;1650494521;"Add options to control outer IR (#453)

* add options to control outer IR
"
llnl_hiop;65ddf7ecb23584ed5a27cb7baa91424d88d11d7a;Katarzyna Swirydowicz <kswirydo@login1.ascent.olcf.ornl.gov>;1679936944;"alternative IR tol condition
"
llnl_hiop;65e242cfad4e391272ec842ec3dc737c4daed786;Slaven Peles <slaven.peles@pnnl.gov>;1613005912;"Merge branch 'develop' into bug187-8-fix
"
llnl_hiop;65fb87f510bd25f0a9958d41936e19f939c4be27;Cosmin G. Petra <petra1@llnl.gov>;1666387048;"preps for new tag, 0.7.1
"
llnl_hiop;6614a66c1116fb11f5f8a12c9a2b7b4c4a7a16a5;nychiang <sorakid507@gmail.com>;1655751975;"update llnl workspace
"
llnl_hiop;66151c4dd4f58994983dad6b00c404e0e346235d;Cosmin G. Petra <petra1@llnl.gov>;1625500248;"create_matrix_dense propagation
"
llnl_hiop;66177941ec4d1ab51f61ee781050d217e14d666a;Shri Abhyankar <shri@pnnl.gov>;1586375777;"NewtonMDS: Add missing headers.
"
llnl_hiop;661d11bbdbbea5316624022f3b1e1e8cb4705bbf;Asher Mancinelli <asher.mancinelli@pnnl.gov>;1594845164;"formatting and documentation cleanup
"
llnl_hiop;6624a1aaba3f6528d5ae6d0d2925be8a93e5a069;Cosmin G. Petra <petra1@llnl.gov>;1487698504;"fixed a memory out-of-bounds problem
"
llnl_hiop;662ad76dee1f501f648a8bec9a490cb5881789e9;Asher Mancinelli <asher.mancinelli@pnnl.gov>;1638479591;"Create local pointer to fix lambda capture (#374)

"
llnl_hiop;6645bcc035ada3be8d4689ca3d22bbe287cf7bdf;Asher Mancinelli <asher.mancinelli@pnnl.gov>;1583296645;"cloning vectors instead of initializing new ones
"
llnl_hiop;6675358fdb02b01c7c9e6336778d19e16644e22c;Asher Mancinelli <ashermancinelli@gmail.com>;1638573391;"Remove debugging code
"
llnl_hiop;669efeaeb7d5932c22eba4c0a3a40983e99b2873;kswirydo <kasia.swirydowicz@gmail.com>;1655179458;"proper cleanup functions, error handling, more
"
llnl_hiop;66ba522a14a13e487103b2ef7e200981dd6fe6db;Cosmin G. Petra <petra1@llnl.gov>;1481241561;"added new_copy to the iterate class
"
llnl_hiop;66cadd856f9a61eb54a62aa76cafd4eeec90bcbd;Chiang <chiang7@sephiroth.llnl.gov>;1631319639;"fix notation error
"
llnl_hiop;66d4265abf356e8347d949fd396fc277a62c2a6c;Slaven Peles <slaven.peles@pnnl.gov>;1588997078;"Improvements to CMake configuration

- Caches HiOp variables
- Improved search, looks at LD_LIBRARY_PATH
"
llnl_hiop;66d942f1bede0a905fce74116dcedc00c5b92d3b;Chiang <chiang7@sephiroth.llnl.gov>;1634754159;"update matlab matrix reader for the input files without rhs and sol
"
llnl_hiop;66e9ce206a2b3062c3614f0ddce8f877398f3392;Jingyi Wang <wang125@lassen709.coral.llnl.gov>;1606858611;"update Interface
"
llnl_hiop;66f2ac6bfe2966024502c38f8a35711f590d8e34;Cosmin G. Petra <petra1@llnl.gov>;1620089317;"moved factorization acceptor functionality inside KKT linsys class
"
llnl_hiop;66f9933a6ca00c0c8634ef8897342a6988f3c3ee;Chumbipuma <chumbipuma1@croagunk.the-lab.llnl.gov>;1750951382;"Update Dense driver: CMakeLists and NlpDenseConsRajaEx2 files
"
llnl_hiop;67080668cd848f070fb65aa8b3024f55019519eb;Cosmin G Petra <petra1@llnl.gov>;1737747385;"Fix hipblas path (#705)

* hipblas.h --> hipblas/hipblas.h

* Guard hipblas path change with a condition on HIP_VERSION.

---------

Co-authored-by: Nicholson Koukpaizan <koukpaizannk@ornl.gov>"
llnl_hiop;672843c35142e73202844ff9352331de688d883c;Chiang <chiang7@sephiroth.llnl.gov>;1624677926;"add unit test
"
llnl_hiop;6729c5d234bd11bde520421174650baa10e0db8b;Cosmin G. Petra <petra1@llnl.gov>;1590535226;"cinterface part of the shared lib
"
llnl_hiop;672b118ffad4e61ef82da228d99961d8284cbee6;Cosmin Petra <petra1@llnl.gov>;1574265719;"conventions for symmetric matrices
"
llnl_hiop;67334272890f953a0ef1db8e1389e11bbd58f91a;Chiang <chiang7@sephiroth.llnl.gov>;1631650566;"remove inclusive_scan
"
llnl_hiop;6733764f64e31e4ad7507bfe476fd818fa698fe2;Tucker Hartland <tucker.hartland@gmail.com>;1761233936;"update to bnbalgorithm, updating to opt/__init__ in order to locally run acquisition function minimization and not in a BO loop
"
llnl_hiop;673677503538a65748d252c5c3b9b5b8babdc552;Chiang <chiang7@sephiroth.llnl.gov>;1623698109;"test
"
llnl_hiop;673b6d7ecf32276f93e52c6549a3a6dcdbc6d77c;nychiang <sorakid507@gmail.com>;1651399748;"address Cosmin's comments about code style
"
llnl_hiop;6757d45c3aa5c4ef1600433ab8c1ae2825e469bf;Asher Mancinelli <asher.mancinelli@pnnl.gov>;1590696466;Merge branch 'master' into shift-rows-fix
llnl_hiop;6759a1f79565f8743fb30bea388671cdf69b3440;Cosmin G. Petra <petra1@llnl.gov>;1625843825;"cosmetics
"
llnl_hiop;675d01e960fceb62aa31671d3aaed79d5f46e676;Cosmin G. Petra <petra1@llnl.gov>;1480729670;"reorganized the class to cache function/derivatives evaluations.
"
llnl_hiop;6789bbb55824e68e428c2df1009d647af81f9cf1;Cosmin G Petra <petra1@llnl.gov>;1634845057;"Merge pull request #337 from LLNL/inf-lbub-fix

Compute scaling factor from the user-specified initial point"
llnl_hiop;679d334d6627842d554e5dfbf1c0a37349ed93a3;Cosmin G. Petra <petra1@llnl.gov>;1591490179;"test involving ex5 is less computionally intensive
"
llnl_hiop;67d1728084b773134d03baab2a904b10fb408ee1;Asher Mancinelli <asher.mancinelli@pnnl.gov>;1591137627;"Removing internal information from public branch
"
llnl_hiop;67de930b7ba32209949635aa08ec7b749d4d10be;nychiang <sorakid507@gmail.com>;1695960138;"fix lassen env
"
llnl_hiop;67ecceedd836ab8d8378e1c8294aa5fbac6333e8;Cosmin G. Petra <petra1@llnl.gov>;1582242740;"added MA86Z solver class and updated the build system to require MA86
"
llnl_hiop;67ef12e83e41a61fcc41727085e773ace7fefbc5;Nai-Yuan Chiang <chiang7@llnl.gov>;1655402144;"Add CI tests on Lassen@LLNL (#497)

*  setup lassen ci
"
llnl_hiop;67f3896f2a093a90fa94108640a23b207b0ba373;Jingyi Wang <wang125@login3.summit.olcf.ornl.gov>;1614879733;"Merge branch 'pridecomp-dev' of https://github.com/LLNL/hiop into pridecomp-dev
"
llnl_hiop;67f41bbafec91e333aa8f5269c0f7936438ef24b;Asher Mancinelli <asher.mancinelli@pnnl.gov>;1631560506;"Add spack build matrix to CI with gh actions (#318)

"
llnl_hiop;67f98d9c197946652b6bf3a60fe27431e0c33490;Cosmin G Petra <petra1@llnl.gov>;1742168509;"weighted log barrier reduce/sum
"
llnl_hiop;67fa462541f52fb8c20786945ccecb93b50ca553;nychiang <sorakid507@gmail.com>;1612562169;"max gradient scaling for obj
"
llnl_hiop;6803220722187516e7f554cff1680d82867bf00c;George Chumbipuma <gc51@rice.edu>;1753922045;"Add conditional MAGMA includes to HessianDiagPlusRowRank.hpp for GPU support
"
llnl_hiop;68072436d5b6552ebe0ab02b619c7141f8de0459;nychiang <sorakid507@gmail.com>;1605730549;"fix wrong function
"
llnl_hiop;681c8ccee5057ac46197f4c4a3327a87b29c0622;nychiang <sorakid507@gmail.com>;1684699815;"use hiop iter/resid in krylov solver
"
llnl_hiop;681d3549318d72b71c2e6a6c6960ba02f4c42f48;Cosmin G. Petra <petra1@llnl.gov>;1664552548;"up-ed the version number
"
llnl_hiop;682652d64890d27bf8f6632193eee33031922025;Asher Mancinelli <asher.mancinelli@pnnl.gov>;1591224121;"Removing PNNL-specific CI
"
llnl_hiop;687ac0870e37c3ff6ff77f82cb3950b46fcce7a4;Nai-Yuan Chiang <chiang7@llnl.gov>;1636995069;"Sparse gpu kernel dev 4 (#364)

* add RAJA setSubmatrixToConstantDiag_w_rowpattern and setSubmatrixToConstantDiag_w_colpattern

* add unit test

* remove RAJA scan; use index_type and size_type

* minor fix

Co-authored-by: Chiang <chiang7@sephiroth.llnl.gov>"
llnl_hiop;687f07076bead38b1ffac80628f9532edf466f06;nychiang <sorakid507@gmail.com>;1605669710;"minor fix for integer type and names of functions
"
llnl_hiop;689e39f617308cfa7e66b0e4cd89709a7b941881;Nai-Yuan Chiang <chiang7@login1.ascent.olcf.ornl.gov>;1623355066;"test
"
llnl_hiop;68ba977ad303d56d4066437fc4a8c7a0a81e4d36;nychiang <sorakid507@gmail.com>;1675888406;"remove comments in the derived class
"
llnl_hiop;68c0e1d227ac018cca74eb314baedad101944d97;nychiang <sorakid507@gmail.com>;1608320769;"fix issue #163
"
llnl_hiop;68dbea661731b0f7c7923ee587985ea15892cb5b;Cosmin G. Petra <petra1@llnl.gov>;1653078908;"HIOP_USE_MAGMA can be optional
"
llnl_hiop;68df4673c3fdaae4479ecca1be1a90a2add16401;rcrutherford <robert.rutherford@pnnl.gov>;1621470271;"Fix CUDA library exporting
"
llnl_hiop;68e58606b4e086c644b6d40347c9674bc6c1c360;Asher Mancinelli <ashermancinelli@gmail.com>;1643223107;"Remove `_` suffix from local copies of fields
"
llnl_hiop;68ee003d968e07c3710d2b8466c80f88f0a55af5;Asher Mancinelli <asher.mancinelli@pnnl.gov>;1635983712;"error changing Hessian size
"
llnl_hiop;68fffccb82be09986dd6b1d1a2bfc1ca06b03700;kswirydo <kasia.swirydowicz@gmail.com>;1648095019;"formatting
"
llnl_hiop;69134a9e67e4cb03ba4f7ff1743fa3095d9d752e;nychiang <sorakid507@gmail.com>;1601752600;"redirect the classes. to use same code for IC
"
llnl_hiop;692300eb56b0b4aad18cf59788b5a6d994dbd203;Cosmin G. Petra <petra1@llnl.gov>;1482529308;" - changed outputing format in the vector and matrix classes
 - added a 'getRow' method in the matrix class
"
llnl_hiop;692742a87cb8ff2a1b7236c092f03b3badcea180;Cameron Rutherford <robert.rutherford@pnnl.gov>;1726758392;Update spack_build.yml with `--sh` for loading openmpi
llnl_hiop;692b1da4216a7b3f5c0d118333f28f153ba9e5de;Nicholson Koukpaizan <koukpaizannk@ornl.gov>;1680281769;"Merge branch 'nvtx-annotations-ir-testing-dev' of https://github.com/LLNL/hiop into nvtx-annotations-ir-testing-dev
"
llnl_hiop;693487dfb1d20366798eef28031721cc321fd435;Juraj Kardos <juraj.kardos@usi.ch>;1564421549;"generalizing logger to work with hiopOptions rather than hiopNlpFormulation
"
llnl_hiop;69358739a228e249e3529abdc8505d0a2071ab2d;Chiang <chiang7@sephiroth.llnl.gov>;1641347558;"fix bugs introduced by rebase
"
llnl_hiop;693c312f2f4c70c98fde5db9ee86ebd791c81ca1;ryan.danehy@pnnl.gov <dane678@we45149.pnl.gov>;1691534821;"Attempt 1 at Getting pipeline status to show up
"
llnl_hiop;693e7d9415e30d44125a824f5ea910e37987482b;Cosmin G. Petra <petra1@llnl.gov>;1623131942;"moved hiop types to a header shared by both C and C++
"
llnl_hiop;694f3f3157129cd103572aa79764ba647dae5c02;Chiang <chiang7@sephiroth.llnl.gov>;1639190424;"option for the name of options file for feasibility restoration
"
llnl_hiop;69585216b16400f8d7df345e9d73f2be5bff2708;Asher Mancinelli <asher.mancinelli@pnnl.gov>;1594070943;"removing PNNL-specific CI stuff
"
llnl_hiop;695b043ba03307a700f49e1f169c1224f60fa016;Mancinelli, Asher J <asher.mancinelli@pnnl.gov>;1583287671;"Enable MPI tests for vectors.
"
llnl_hiop;695e706cd0c52418eb022db141a36b23b65c95d5;Cosmin Petra <petra1@llnl.gov>;1574471739;"left TODO note regarding names of CopyTo/From methods
"
llnl_hiop;69619725ab9b5a31f78c8c5cb7eee4ea9dd76318;Cosmin G. Petra <petra1@llnl.gov>;1481339381;"fixed a couple of bugs, mostly messed-up logic in conditionals
"
llnl_hiop;696c18a132e94eca49ad07e7d2841f570c0f8178;nychiang <sorakid507@gmail.com>;1687470418;"avoid allocate vectors in each iteration
"
llnl_hiop;696e9a7c658868eec092659db345b85c83a2851c;Cosmin G. Petra <petra1@llnl.gov>;1480729732;"added a new enum member for hiop output verbosity (line-search related)
"
llnl_hiop;697116fbaf8834b3bf3386e308f1a1a89257d4a0;nychiang <sorakid507@gmail.com>;1601752600;"redirect the classes. to use same code for IC
"
llnl_hiop;697c4c79068590780162ab415c376036a4aa076d;nychiang <sorakid507@gmail.com>;1663815463;"address C's comments
"
llnl_hiop;69834ce557ea6ea055e93d1d949f5a1832b94ec8;Cosmin Petra <petra1@llnl.gov>;1582830324;"added 'slice' methods for complex matrix class
"
llnl_hiop;698e8d0fdc0ff9975d8714339ff8c782b70d85f9;Cosmin G Petra <petra1@llnl.gov>;1638488260;Update CHANGELOG.md
llnl_hiop;699deda04160ec407982d5abe02111300968206d;Cosmin G. Petra <petra1@llnl.gov>;1586556102;"added IpoptAdapter.hpp to install include headers
"
llnl_hiop;69c6d62492f7b17317e5e5852eefdfb4f59e4627;Cosmin G. Petra <petra1@llnl.gov>;1590294667;"updated cmake build

and some final updates on Ex5

this is ready to be tested extensively
"
llnl_hiop;69d2358b1856dce302b3af1e68965560918b25b8;Nai-Yuan Chiang <chiang7@llnl.gov>;1623264104;"fix cmake file (#252)

Co-authored-by: Chiang <chiang7@sephiroth.llnl.gov>"
llnl_hiop;69e15d7e9e8bbc4e94b0a6cffa56ac104b392faf;Juraj Kardos <juraj.kardos@usi.ch>;1565388510;"fixing Hessian to work for the pure equality constrained problems
"
llnl_hiop;69e59aefd3d656de07b22bd573b2d5d842d0b5e0;nataliarodriguez-uc <natalia_rodriguezuc@berkeley.edu>;1754514856;"testing (wip)
"
llnl_hiop;69ed15a520ad8f655670e7e4d5297e1b0ef11a36;nychiang <sorakid507@gmail.com>;1743133390;"address comments
"
llnl_hiop;6a252a40d64fa0fb1aa6308951e272d8a405e97e;fritzgoebel <fritz.goebel@tum.de>;1732229832;"Merge 7630d4b3f72f3f75b7bf7f07f01c60be395a10ec into 5c19c76c60d68b4bd4172862f7ca826613cf7601
"
llnl_hiop;6a2e241ca9f01ef15ff8296ae41fc9179b8f3afb;Asher Mancinelli <ashermancinelli@gmail.com>;1623882498;"Add hiop types header to cmake install
"
llnl_hiop;6a742571491a90ec2f69fa62236adf4375fe8c0b;Asher Mancinelli <ashermancinelli@gmail.com>;1639788247;"Disable tests on incline due to slurm bug
"
llnl_hiop;6a8bea1a4aea64044d9843a38c206af3ca2fbd0c;Cosmin G. Petra <petra1@llnl.gov>;1625319207;"added hiop::toupper

and fixed a conflict with the stl::toupper
"
llnl_hiop;6a8f1d79dee72a289e765c9a16bfa1df00ff4a8f;nychiang <sorakid507@gmail.com>;1614238900;"fix chain rule in hiopNlpTransform
"
llnl_hiop;6aa3df304434b63f9aeefd3bbf66e6750db746f0;Cosmin G. Petra <petra1@llnl.gov>;1670448615;"cleaning up LinAlgFactory
"
llnl_hiop;6acee835136e9beddf3570b28739a1b1001e528a;Cosmin G Petra <petra1@llnl.gov>;1757607534;"preps for v1.2 release (#746)

* deleted user manual pdf in src

* fixed issues with user manual tex file

* updated user manual

* bumped ver num

* updated change log

* Update doc/src/sections/hiopbbpy.tex

Co-authored-by: Nai-Yuan Chiang <chiang7@llnl.gov>

---------

Co-authored-by: Nai-Yuan Chiang <chiang7@llnl.gov>"
llnl_hiop;6ad66951250b51c5f67e3c103409de88ac6dfafa;Nai-Yuan Chiang <chiang7@llnl.gov>;1688100034;"Issue 637 fix (#638)

* avoid allocate vectors in each iteration

* fix double delete; fix negative sqrt problem

* remove dynamic_cast (#640)"
llnl_hiop;6ad6e39ee24ffb2c33d251584fb342cb10810136;Cosmin G. Petra <petra1@llnl.gov>;1625505629;"create_matrix_sparse and _sym_sparse propagated
"
llnl_hiop;6aecb8464d634cdbc9af68712319a8edfb748d35;nychiang <sorakid507@gmail.com>;1657669962;"vectorize regularization delta(s)
"
llnl_hiop;6aecba412d3ea9510fe19d222051ce5698186227;Cosmin G. Petra <petra1@llnl.gov>;1666824782;"fix of previous commit: added options for pridec instead of nlp solver
"
llnl_hiop;6afcd2485cec5dcc7ee33e2aa8c9e08a4e5498f9;Nai-Yuan Chiang <chiang7@llnl.gov>;1642817249;"Update hiopLinSolverIndefSparseMA57.cpp

follow style guidelines"
llnl_hiop;6b1eae9ba743c3ba61f38fa6c655e73b5c3a8735;Cosmin G. Petra <petra1@llnl.gov>;1585108857;"Computation of Kron reduction using UMFPACK Complex working now

this commit is of code cosmetics
"
llnl_hiop;6b2ab21dd64dbb6bd09fe5d7d0ee67d40a887054;Cosmin G Petra <petra1@llnl.gov>;1590537075;"Merge pull request #32 from LLNL/dev/GlobalConv

Dev/global-conv"
llnl_hiop;6b40e7b4a60354f431f648c931f1d4cbfb1c09c8;Tucker Hartland <tucker.hartland@gmail.com>;1752679485;"better naming for CI that calls evaluates a function via the EvaluationManager class
"
llnl_hiop;6b50f924a8581892da2e4714eeb7bc9c6a667c90;Joseph Macam <42257027+jdmacam@users.noreply.github.com>;1665009662;"moves pnnl_cleanup to .pre stage and removes files based on age (#555)

* moves pnnl_cleanup to .pre stage and removes files based on age (>6 hours old)

* removes cloning in pnnl_cleanup and test_on_lassen/quartz/compute_node

Co-authored-by: Joseph Macam <joseph.macam@pnnl.gov>"
llnl_hiop;6b88b876cfa997882f9e812ce61d2ba2132442bd;Cameron Rutherford <robert.rutherford@pnnl.gov>;1678156039;"Fix PNNL pipeline status/memory issue (#603)

* Use nonhpc runner for pipeline stage, 2h for cleanup.

* Use curl based image for pipeline status stage.

* Fix some comments and add verbosity

* Print curl command before running.

* Try long curl command based on GitHub docs.

* Add debugging

* Experiment with double quotes in a different format.

* Convert stray = to :"
llnl_hiop;6b970446412bbbac939f57f09253335f2b2b9263;Cosmin G. Petra <petra1@llnl.gov>;1536957207;"add support for NlpTransformations in hiopNlpFormulation
"
llnl_hiop;6bacf8e974a9183b48bdce9cd67a523b8c2ac715;Slaven Peles <peless@ornl.gov>;1684794586;"Build ReSolve as a library separate from HiOp
"
llnl_hiop;6c0b3402b12cff6cd6b108f89b21b62e6db5f251;Cosmin G. Petra <petra1@llnl.gov>;1617757100;"added options for sparse linear solver in KKT solves and for duals intialization
"
llnl_hiop;6c34a0181ba7a2295f8adf51439ff6da53b88dd7;Cosmin G. Petra <petra1@llnl.gov>;1537467514;"added ex3 header
"
llnl_hiop;6c53534ef212c5ef7ef03cd9fb60ae8aac2418c7;rcrutherford <robert.rutherford@pnnl.gov>;1607986548;"Implemented std::enable_if for template vector test functions.
"
llnl_hiop;6c5954003df368136922d19d8c4deaacc44c1fde;Cosmin G. Petra <petra1@llnl.gov>;1647990174;"added CSR matrix base class and moved CPU implementation to CSRSeq class
"
llnl_hiop;6ca68812f18359463fa7dd5a6e7b8df012f9dae0;kswirydo <kasia.swirydowicz@gmail.com>;1647489362;"first version of cusolverRf factorization
"
llnl_hiop;6cb21925f4f200ea1c32bd16b45d1d7a961983fb;Asher Mancinelli <asher.mancinelli@pnnl.gov>;1607211344;"Adding valgrind tests to cmake config
"
llnl_hiop;6cc1faf4e443b930b573fd30a70181b0a130c8ef;Cosmin G. Petra <petra1@llnl.gov>;1537307076;"returning x for user and fixed a bug
"
llnl_hiop;6cc54c85c6d495dacb9cd0f85615c894786be47e;Cosmin G. Petra <petra1@llnl.gov>;1673475073;"added cuda implementation file
"
llnl_hiop;6cd8717415f41342a63747e5721ca9ae520bd844;Chiang <chiang7@sephiroth.llnl.gov>;1645157776;"fix inertia-free for condensed sys
"
llnl_hiop;6ce0ded25ff3f765eb96d0159b90a7d58afb2b18;Cosmin G Petra <petra1@llnl.gov>;1747314479;"compilation errors
"
llnl_hiop;6ced98b86b5829f19c895cdafcd1454e51244cbe;Cosmin G Petra <petra1@llnl.gov>;1747321896;"fixing umpire error
"
llnl_hiop;6cfc837d625375dceddd148496c0079c86d24cf1;Chumbipuma <chumbipuma1@croagunk.the-lab.llnl.gov>;1752593523;"Refactor HessianDiagPlusRowRank to use hiopMatrixDense buffers; set mem_space to device in NlpDenseConsRajaEx2Driver
"
llnl_hiop;6d1ec65e168ac06e9d3ffddfc7bad3f775b70aed;Frank Wang <wang125@llnl.gov>;1637605072;"small fix
"
llnl_hiop;6d346cb962e31cf361cef6bef653ad85a3256c16;jwang125 <wangjingyi09@gmail.com>;1648582414;"Pridec documentation in preparation for release (#435)

* add comments and updating docs

* quick update on techrep_main

* fixing some issues

* added one line for alpha

Co-authored-by: Jingyi Wang <wang125@llnl.gov>"
llnl_hiop;6d3d60cbe6de4f875ac505e7fa3349b134241384;Tucker Hartland <tucker.hartland@gmail.com>;1761836765;"bnb cleanup
"
llnl_hiop;6d49ec90df4989e27aceaa6a957c4a441ff3e0db;nychiang <sorakid507@gmail.com>;1696963321;"add unit test; do not copy empty matrix
"
llnl_hiop;6d4b16ccb8d5bb05f8af19f59fa5df954e957770;kswirydo <kasia.swirydowicz@gmail.com>;1648003917;"backup before major change
"
llnl_hiop;6d6357fa9a3bc9596c9226b72c7d01748b693258;Cosmin G. Petra <petra1@llnl.gov>;1482529232;"added support for logging low-rank Hessian class
"
llnl_hiop;6dcb2b9f45bbba50c92b5b71a5c73116555fcef4;Cosmin G. Petra <petra1@llnl.gov>;1605423923;"updated readme files
"
llnl_hiop;6df1ea93fd7c0e71787727352643582d87d6c677;Nai-Yuan Chiang <chiang7@llnl.gov>;1675970336;"Update document (#591)

* remove redundant items

* address issue 513"
llnl_hiop;6df24f6935f2435f0397d76292d927ce3a1f757f;Cosmin G. Petra <petra1@llnl.gov>;1589392485;"cosmetics
"
llnl_hiop;6e16c910ef94cdfbca4fcc35c88cc5f790e645fe;Cosmin G. Petra <petra1@llnl.gov>;1648647972;"updated hov codes to avoid polluting standard output
"
llnl_hiop;6e200fd2de97c21e794230b12f105232c47d754a;Cosmin Petra <petra1@llnl.gov>;1575677318;"refactorized dense linear solver classes - there is a base class for Lapack(CPU) and Magma(GPU)

also added option for 'compute_mode'
"
llnl_hiop;6e36f477dcbcc1d79d380209918f79d560a3fbf8;Jingyi Wang <wang125@llnl.gov>;1637635308;"update user manual pdf
"
llnl_hiop;6e3cd1d2364e9aee48105556c11dd60605b01c45;nychiang <sorakid507@gmail.com>;1656362933;"correct hip code
"
llnl_hiop;6e654e302def986c3086fbaadae93c5e579f01fc;Cosmin G. Petra <petra1@llnl.gov>;1585110584;"fixed a bug in assertSymmetry
"
llnl_hiop;6e79c57f735ac908fb9102aa1dc3803666021f7c;nychiang <sorakid507@gmail.com>;1605066047;"fix index when print out dense matrix
"
llnl_hiop;6e81d5d5b1ea5d18c40ced686aaba35bc97e48a3;George Chumbipuma <gc51@rice.edu>;1753808042;"Consistently update matrix row/col operation method names and parameter types in hiopMatrixDenseRajaImpl.hpp to match CamelCase convention
"
llnl_hiop;6e9aad2a45a367ebd9ff5ff33ea31a743c6794b3;nychiang <sorakid507@gmail.com>;1698620441;"fix mpi test
"
llnl_hiop;6e9e7c9ba6453725ef85621d063c40d7ee923e77;Asher Mancinelli <asher.mancinelli@pnnl.gov>;1605729482;"Adding preliminary CMake fixes
"
llnl_hiop;6ebb7ff9aad38620d93e179d2e5f2353526313bc;Cosmin G. Petra <petra1@llnl.gov>;1594941830;"kron reduction working (update of it)
"
llnl_hiop;6ebc230bdb465fc46c3065620072b0441bcb1d46;nychiang <sorakid507@gmail.com>;1634244334;"use new version of magma
"
llnl_hiop;6ec00a6318389b4794d6f95bd86eb6bfd2885fa5;Asher Mancinelli <asher.mancinelli@pnnl.gov>;1591128259;"Indenting according to style guidelines
"
llnl_hiop;6ecae9e653f281e33e7da7134757b339e089f008;nychiang <sorakid507@gmail.com>;1738388484;"use latest raja and umpire
"
llnl_hiop;6ed7735fa66f66a1c3b000ed4410bf20951a0b09;Tucker Hartland <tucker.hartland@gmail.com>;1756487402;"updates following review from NY
"
llnl_hiop;6eeb959b830a05ff7425407192c918a07b2f3a6d;Juraj Kardos <juraj.kardos@usi.ch>;1564089490;"adding options handling
"
llnl_hiop;6f20ad5e47773bfd28ec9271d9b1d7aace7a2d4d;Cosmin G. Petra <petra1@llnl.gov>;1585004380;"updated build system to detect and build the UMFPACK code
"
llnl_hiop;6f2adb7f1c7843339ef5c2bc7e6cefa5f851ec94;Cosmin G. Petra <petra1@llnl.gov>;1675354345;"reviewer comments
"
llnl_hiop;6f4b42ef6ed9d4dc079598bfbfa433c7ed2dbf20;Cosmin G. Petra <petra1@llnl.gov>;1625523253;"fixed incorrect memory space specification
"
llnl_hiop;6f4cf5ec3782e9a293e49eff32a2a57e17a51582;Chumbipuma <chumbipuma1@croagunk.the-lab.llnl.gov>;1751994809;"Refactor DenseConsRajaEx2: branch-free RAJA kernels

- Use explicit handling for special variables in get_vars_info
- Replace branching in eval_cons and eval_Jac_cons with branch-free RAJA kernels and host-side buffers
- Improve code clarity and comments
"
llnl_hiop;6f50abd7864375f7f82c7db1b3e85297e39990d7;Cosmin G Petra <petra1@llnl.gov>;1643234645;"more compilation warnings
"
llnl_hiop;6f6af1a7caa5247bbe409a28fa485963f2665bfd;Cosmin G. Petra <petra1@llnl.gov>;1655912183;"reviewer's comments
"
llnl_hiop;6f6b899395959e2bb6ca72517ef9b9bf766400e1;Cosmin G. Petra <petra1@llnl.gov>;1611196041;"updated documentation

and fixed a couple of typos
"
llnl_hiop;6f74de5076487dedd5bf3bf6fa6f557973f5ec92;Cosmin G. Petra <petra1@llnl.gov>;1603306037;"added sketch of the primal decomposition solver, including

- user problem interface class
- dummy algorithm/solver
- dummy problem implementation
- minimal test driver
"
llnl_hiop;6f7e993ad942e06dae9dc48c00343af612ce4c3d;Cosmin G Petra <petra1@llnl.gov>;1595550298;"updated startingAtCopyFromStartingAt (#60)

* updated documentation and implementation of vector's startingAtCopyFromStartingAt

* Fix bug in refactored startingAtCopyFromStartingAt function.

* Improved unit test for startingAtCopyFromStartingAt method.

Co-authored-by: Slaven Peles <slaven.peles@pnnl.gov>"
llnl_hiop;6f84d97a37efdcd87f612faa89aa0b2e31506131;Chiang <chiang7@sephiroth.llnl.gov>;1623819362;"update copyRowsFrom; Add copy_rows_block_from

Add unit test for copy_rows_block_from
"
llnl_hiop;6f8550e6beaab75e2d0e7562a0ec10d432cc43c1;Cosmin G Petra <petra1@llnl.gov>;1747090478;"updated gradient error output
"
llnl_hiop;6f8c20128d5d2bf72b5542309fb9de8819952e5c;Rutherford, Cameron <robert.rutherford@pnnl.gov>;1725636418;"Also exclude curl from build.
"
llnl_hiop;6fae57d61f19dee37207c019360890e6f915d381;nychiang <sorakid507@gmail.com>;1601508936;"remove hard-coded path from CMake file
"
llnl_hiop;6faf0acb06988a51249a37c5da1de25448ebee0d;Chiang <chiang7@sephiroth.llnl.gov>;1643758878;"correct description for the default parameter setting
"
llnl_hiop;6fb0a467fe6b9343c8463b230f26c4a9bfabc368;pelesh <peless@ornl.gov>;1646088704;"Add option to redirect ctest output directory. (#413)

"
llnl_hiop;6fc7c3e481411b78ba30f4ec05f8358973723938;Cosmin G. Petra <petra1@llnl.gov>;1573849567;"added Ipopt adapter for HiOpMDSFormulation, driver, and makefile

 - work in progress
"
llnl_hiop;6fe0c41ce76660f8fc85219f6a48f8ca95e0a57e;Asher Mancinelli <asher.mancinelli@pnnl.gov>;1616704958;"Updated README.md with COINHSL instructions
"
llnl_hiop;6ffcbe2d4a2974fb717ad6874a204ed4a806d0fe;Chiang <chiang7@sephiroth.llnl.gov>;1631579891;"use index_type
"
llnl_hiop;701bad86e1391fbe8d129953b87da0b774fa17cb;Asher Mancinelli <asher.mancinelli@pnnl.gov>;1635549170;"changed string options
"
llnl_hiop;701dd07f54fd686cca4a62e2fed86aab92000df4;nychiang <sorakid507@gmail.com>;1601508936;"remove hard-coded path from CMake file
"
llnl_hiop;704ce786071a4931411a9a0c76bb682e2c85cc15;Cosmin Petra <petra1@llnl.gov>;1574287731;"updated copyToStarting methods in hiopVector
"
llnl_hiop;705b3825e670e9325445af09fa8df588b3e6ab32;Cosmin G. Petra <petra1@llnl.gov>;1607405176;"(added forgotten file)
"
llnl_hiop;706001b37480e267588cef46b0527dc0b4bda0c2;Cosmin G. Petra <petra1@llnl.gov>;1677630528;"added impl header
"
llnl_hiop;706b7c702204217ae8e9c7ea35870167a36c7ca1;Frank Wang <wang125@llnl.gov>;1618541947;"update comments
"
llnl_hiop;7070a74e8d825288fa364c910701f40a1908ae74;Slaven Peles <peless@ornl.gov>;1645137226;"Add option to redirect ctest output directory.
"
llnl_hiop;70752dd83b86daf8983189d6fc6fb6104ba696ab;Cosmin G. Petra <petra1@llnl.gov>;1606929652;"update due to rebase
"
llnl_hiop;7081f0694fe984ee99655248d331ac19e02e7e34;Cosmin G Petra <petra1@llnl.gov>;1522355075;"fixed a bug on vulcan
"
llnl_hiop;70a7a6ec07bd21e14f314cb9ea2e11412d47d4b2;rcrutherford <robert.rutherford@pnnl.gov>;1644007379;"Add -Wconversion to warnings.
"
llnl_hiop;70faafcecd94222f5f9ddaa2e5153d1230684c8b;Cosmin G. Petra <petra1@llnl.gov>;1674681881;"implementation
"
llnl_hiop;7106b5ad0f4f8635932e04ce3f35ad5c90b1aa37;Tom Epperly <epperly2@llnl.gov>;1746214912;"Merge remote-tracking branch 'origin' into address-issue-727
"
llnl_hiop;710ea12d84575db35b232e73ad5093ce593d6eec;Cosmin G Petra <petra1@llnl.gov>;1638221269;"rescaled obj (#366)

internal obj is rescaled before is being sent to user callbacks"
llnl_hiop;711dad8d28d7ffcf8ccf82a6e66e7e233b8c9778;Asher Mancinelli <asher.mancinelli@pnnl.gov>;1608138452;"using magma2.5.4 build on ascent (#159)

"
llnl_hiop;711e428386fe90f9cde1f7168d753eb93c605ff7;Tucker Hartland <tucker.hartland@gmail.com>;1752507834;"small updates
"
llnl_hiop;713554dcce7f9fad4ed8ea8269eca647a53678e4;Cosmin G. Petra <petra1@llnl.gov>;1662566764;"renamed HWBackend to ExecSpace
"
llnl_hiop;714814b235e2197243b6d11d3268f9e97d9b842a;Cosmin G. Petra <petra1@llnl.gov>;1642809627;"draft of functionality needed from CSR matrix class
"
llnl_hiop;715cec1bdf392d6c072e0ea13e25818348d1ac3b;Cosmin G. Petra <petra1@llnl.gov>;1481045128;"fixed a problem in the log barrier function evaluation
"
llnl_hiop;718b0307954734932ce25272b93b2cc5bb10e6e3;Cosmin G. Petra <petra1@llnl.gov>;1673381265;"omp issues
"
llnl_hiop;71b9c8274b6bf4dfafbc28e28eb695b981e04449;Asher Mancinelli <asher.mancinelli@pnnl.gov>;1594069665;"Implement RAJA-based vector class.
"
llnl_hiop;71c0efa97f8dacf66dc8783b3e7a0e6caea62e65;nychiang <sorakid507@gmail.com>;1634596533;"bug fix
"
llnl_hiop;71d409923b58d31e41d9a8811aa435de35c0b41f;rcrutherford <robert.rutherford@pnnl.gov>;1620858455;"Add basic export configuration. TPL incompatible.

modified:   CMakeLists.txt
            Added basic exporting section
            Attempted to export everything under HiOp::
            Added version configuration as well

new file:   cmake/HiOpConfig.cmake.in
            Added including of exported targets file

modified:   src/CMakeLists.txt
            Added EXPORT hiop-targets to the installed libraries
"
llnl_hiop;71f7e106a1a097bdbfed60d7c84b1daee43c2b74;Cosmin G. Petra <petra1@llnl.gov>;1662064243;"misc
"
llnl_hiop;71f8403e00866663c46f118f350fcad418b79366;Tucker Hartland <tucker.hartland@gmail.com>;1750184904;"pushing the MPIEvaluator here as we want a Driver script associated with this PR. Felt incomplete otherwise
"
llnl_hiop;720c3cd43cef12debd4c73187e7c0d752c8d9ca5;Asher Mancinelli <asher.mancinelli@pnnl.gov>;1606869946;"disabling hiop_sparse
"
llnl_hiop;721b1cc5f976b0cd511b4c4596199cb14ecad85d;Cosmin G. Petra <petra1@llnl.gov>;1670447499;"cleaning up
"
llnl_hiop;722347d7e28156e3ecdc82743241866e4474e497;Cosmin G. Petra <petra1@llnl.gov>;1605719432;"disabled public access to double pointer in hiopMatrixDense

 - data_local() method replaces all other data accessors
 - extensive pointer arithmetic changes in the low-rank Hessian approximation class as it was intimately connected with the internals of MatrixDenseRowMajor for performance considerations
 - get_M() is now protected
"
llnl_hiop;72388c7a82cd9094f19aad2b4f246eef9ee23ab0;nychiang <sorakid507@gmail.com>;1692906155;"build on lassen
"
llnl_hiop;726e48892cfbb81bdf616e4d836375893e781ffe;Chiang <chiang7@sephiroth.llnl.gov>;1642660296;"tune parameters
"
llnl_hiop;727566f6d6b98a30869a6731a803391ebe97c627;rcrutherford <robert.rutherford@pnnl.gov>;1659730147;"Final attempt at disablingng specific tests.
"
llnl_hiop;72c2ac0220b1ab650b160861464fbaec515a5f11;Michel Schanen <mschanen@anl.gov>;1589598491;"missing free
"
llnl_hiop;72c5f67d0f4f3359f26b82411027eb94ea519c92;Cosmin G. Petra <petra1@llnl.gov>;1481335944;"fixed a bug in the computation of one of the residuals
"
llnl_hiop;72d9b292ade6f01316efedd59c50c7ce00a078f1;Cosmin G. Petra <petra1@llnl.gov>;1589565355;"avoid recomputation of inf norms
"
llnl_hiop;72dc8e160a1914c87385760128bca5bd1fd7e7ad;Cosmin G Petra <petra1@llnl.gov>;1653065354;"CSR `add_matrix` mods (#471)

* changed signature to add_matrix_numeric and updated seq impl and calling code

* added form transpose for csr from csr

* CUDA CSR implementation: constructor, destructor, form from triplet

* added transpose for CSR CUDA from CSR CUDA (csc2csr)

* CUDA implementation of add matrix

* added set_diagonal cuda kernel

* updated build system for cuda sparse kernels

* renamed files accordingly to coding styleguide
"
llnl_hiop;72f7f4e9cad66b9adbda737828c0630f92421825;Cosmin G. Petra <petra1@llnl.gov>;1617902708;"Merge branch 'offdiag-mat-fix' of https://github.com/nychiang/hiop into nychiang-offdiag-mat-fix
"
llnl_hiop;72fbc7e519b44fbc35df8f1c7bb73a919d5457dc;nychiang <sorakid507@gmail.com>;1687474918;"fix double delete; fix negative sqrt problem
"
llnl_hiop;731696d83f7465c4dc5c3175572ff8b79f48b98d;Jingyi Wang <wang125@lassen708.coral.llnl.gov>;1607573608;"fixing conflict
"
llnl_hiop;735229e2acb285eda57fa2c7931579f2f2e229c0;nychiang <sorakid507@gmail.com>;1690314273;"update parameter settings
"
llnl_hiop;7353e673f6a638ef7d2969fa8482d754d260735d;Tucker Hartland <tucker.hartland@gmail.com>;1762291548;"able to run parallel BnB within the BO loop
"
llnl_hiop;7356b36e565d43d2fc23882863abec3114036126;pelesh <peless@ornl.gov>;1647039013;"Add interface to cuSolver/KLU linear solver (#415)

* Add interface to cuSolver/KLU linear solver

* Fixed warnings, removed double delete guards.

Co-authored-by: Katarzyna Swirydowicz <swir617@newell01.pnl.gov>
Co-authored-by: Chiang <chiang7@sephiroth.llnl.gov>"
llnl_hiop;7369dbb40c727a4d2c34e5128be4a7ea57658f65;Cosmin Petra <petra1@llnl.gov>;1574376083;"fixed a bug in composing the XYcYd compressed KKT matrix
"
llnl_hiop;738ce37a90795599b62224ca2bb143d577230d0b;Cosmin G Petra <petra1@llnl.gov>;1661448572;updated warning message
llnl_hiop;739184c33817ec299f5bc843d7bc14cfe084346d;Cosmin G. Petra <petra1@llnl.gov>;1628191400;"Merge branch 'develop' into buka-gpu-dev

Conflicts:
	cmake/FindHiopMagma.cmake
"
llnl_hiop;73bccc5129ffb435624c54c337b3b1e37f21fcde;nychiang <sorakid507@gmail.com>;1611282740;"minor fix
"
llnl_hiop;73d1b7cdadc677dc299efac64d94b0b8aa3fa274;nychiang <sorakid507@gmail.com>;1683322968;"use inf norm
"
llnl_hiop;73e5d342a5746a7bda8fbf7f8cb2cde4cc9212b0;Katarzyna Swirydowicz <kswirydo@login1.ascent.olcf.ornl.gov>;1664592339;"fixing memory leaks in cuSolver
"
llnl_hiop;73e901cdd2b0e5d55ad5b99cce48763e9fe322ae;Slaven Peles <peless@ornl.gov>;1684278483;"Implement IterativeRefinement class in separate files.
"
llnl_hiop;73f9af440ca6eab5da83f1aa168b00d87e7a7290;Slaven Peles <peless@ornl.gov>;1692049915;"Code cleanup.
"
llnl_hiop;74104b62d0a9b5a33942c1aa1d48fe400c961c19;Cosmin G Petra <petra1@llnl.gov>;1619103189;"MPI error - fixes Issue#205 (#214)

* fixed a bug related to unmatching MPI calls

* strengthen conditionals for ranks with zero variables"
llnl_hiop;74144697f16cc8f067112b485b80e511715424eb;Cosmin G. Petra <petra1@llnl.gov>;1671408939;"fixed runtime issues due to merge
"
llnl_hiop;742e42b742a6640ba366a1491b693729351e90b4;Cosmin G Petra <petra1@llnl.gov>;1518623935;"fixed a couple of memory leaks and faults
"
llnl_hiop;7449c59f79a2be5e971577c9c39fd93c54b5ba40;Chiang <chiang7@sephiroth.llnl.gov>;1624075078;"add RAJA copySubMatrixFrom and unit test
"
llnl_hiop;744cddb20b54a58e78952e92c892037d1af91a02;Cosmin G. Petra <petra1@llnl.gov>;1626651094;"code styling
"
llnl_hiop;7452763487d70eb5033a855d0b3caa8aae1e97a6;Cosmin G. Petra <petra1@llnl.gov>;1647541709;"Merge branch 'develop' into csr-interface-dev
"
llnl_hiop;746546161ccae745ff1d9409d61c0aa54e86d1c2;Slaven Peles <peless@ornl.gov>;1684267878;"[skip ci] Fix formating
"
llnl_hiop;746c2289b18d3f996f220fc2d311075953ff49b6;Cosmin G. Petra <petra1@llnl.gov>;1663610960;"renamed C++ mem backend
"
llnl_hiop;7479934874c4c7e1364f18caf9359223c93b7e91;Chiang <chiang7@sephiroth.llnl.gov>;1625861426;"add support to PARDISO
"
llnl_hiop;7487165617eab77fdb3ea691d252eeec494517b1;Cosmin G. Petra <petra1@llnl.gov>;1656078645;"provided implementation of `check_csr_is_ordered` for CUDA CSR matrices
"
llnl_hiop;7495a812c830c0aa79470d4284f19572e4f8936a;Asher Mancinelli <asher.mancinelli@pnnl.gov>;1618506316;"Find idle nodes on merianas in ci
"
llnl_hiop;74aab8b940faf1443043e5bdeb5918f3ea9565db;Nai-Yuan Chiang <chiang7@llnl.gov>;1737734320;"fix github action packages and commands (#704)

"
llnl_hiop;74ae749e65ab3d53a1c19ea2385f2d7d7ea48115;Cosmin G. Petra <petra1@llnl.gov>;1589515928;"added option for convex objective in ex5
"
llnl_hiop;74d8fdbcd56cfc12ec4ada26247d3dc63b55e24c;Cosmin G. Petra <petra1@llnl.gov>;1644263497;"Merge branch 'develop' into csr-interface-dev
"
llnl_hiop;74dd1d95dca560eac44059a8d2d69c23011f9f73;nychiang <sorakid507@gmail.com>;1655290336;"try to setup lassen ci
"
llnl_hiop;74ee6983efcefce1c6be2f5f7cb2f22516eb1841;Tucker Hartland <tucker.hartland@gmail.com>;1761851200;"sign issue fix in pruning, renaming, cleanup
"
llnl_hiop;74f6ac372eb1316f24c793e1a4675004acb0ca1d;Cosmin G. Petra <petra1@llnl.gov>;1643061362;"recasted TripletSparseMat and VectorPar to parent classes
"
llnl_hiop;7508595cdd3072ac560bc56ee3c9924bb8068a4b;nychiang <sorakid507@gmail.com>;1652406060;"create branch, rename some classes
"
llnl_hiop;7537b9b38aa5c2967a741d940030ac72aa39412a;Cosmin G Petra <petra1@llnl.gov>;1613967964;"Merge e3350bd40dbef7d58ddf8356344eb86e22c07074 into 9eb026768bc5e0a2c1293d0487cc39913001ae19
"
llnl_hiop;7544e928b5bce2fd406d0b9510e1f880011e7936;Fritz Goebel <fritz.goebel@kit.edu>;1658842318;"minor corrections
"
llnl_hiop;754fc0271487b870cacb6efe8a07c7887762d075;Cosmin G Petra <petra1@llnl.gov>;1747318991;"misc bug fixes
"
llnl_hiop;758ee139178528fa2d298bcdb1911a52d1703884;Cosmin G Petra <petra1@llnl.gov>;1742252573;"fixed bug in test and syntax for thrust::transform
"
llnl_hiop;75c265c2b807553b0735ba978321339813811980;Cosmin G. Petra <petra1@llnl.gov>;1672091958;"added Omp Dense Matrix impl cpp
"
llnl_hiop;75e2a4e42a88a386a9a131ebe0dabbf1a51b0a81;Cosmin Petra <petra1@llnl.gov>;1577148217;"better identation and cleanup
"
llnl_hiop;7602378f4cbf706f60bf2878b596dfc7000335d3;nychiang <sorakid507@gmail.com>;1675473657;"fix bugs. use const execpolicy
"
llnl_hiop;76230ae38ecdc2e759f40ab1425793e5c8d992b0;Cosmin G. Petra <petra1@llnl.gov>;1707156490;"added moving limits options in Quasi-Newton solver
"
llnl_hiop;76308955d036c1e8d24bb6b52d74ba0e21a45442;Cosmin G. Petra <petra1@llnl.gov>;1630359312;"fix Ex4 RAJA to work in the device memory space
"
llnl_hiop;7630d4b3f72f3f75b7bf7f07f01c60be395a10ec;Fritz Goebel <fritz.goebel@kit.edu>;1698952039;"Remove device reset for Ginkgo Executor, add Ginkgo as option for NlpSparseRajaEx2
"
llnl_hiop;764e7959577f10ec50f45bb2056d240815d5980b;Cosmin G Petra <cosminpwork@gmail.com>;1513558169;added short intro for hiop in the readme
llnl_hiop;766f98e26eeec7c215612ea0ccd55e9efffa30d8;Cameron Rutherford <cameron.rutherford@me.com>;1609283502;"Update tests/LinAlg/matrixTestsSparseTriplet.cpp

Co-authored-by: Asher Mancinelli <asher.mancinelli@pnnl.gov>"
llnl_hiop;767ce9fafcfcac522fe4319f4867ebad028ac00d;Cosmin G. Petra <petra1@llnl.gov>;1626193181;"(partial) enforce of the new coding styleguide for hiopOptions class
"
llnl_hiop;76965feeb80eab4ba697663107b1d97026315292;nychiang <sorakid507@gmail.com>;1626381605;"reproduce problem
"
llnl_hiop;76a804da6e6493804723e6772f1ff79096203538;Cosmin G. Petra <petra1@llnl.gov>;1624485519;"updated documentation with explanation of the size_type and index_type
"
llnl_hiop;76aff14db02bcfe020a3345e5d8c1af29ad59ee3;Chiang <chiang7@sephiroth.llnl.gov>;1646345581;"fix cmake files
"
llnl_hiop;76c78377a2310295b5f8fc9b98e3a4d1ca18f45b;Asher Mancinelli <asher.mancinelli@pnnl.gov>;1590696421;"switching memcpy for std::rotate #37
"
llnl_hiop;76c7b9360d05399d991890f99c4a0fbb96be7b54;Cosmin G. Petra <petra1@llnl.gov>;1541514568;"added sqrt scaling example
"
llnl_hiop;76d6df5b70da48dfe592212af08abf9df2e39c9f;Nai-Yuan Chiang <chiang7@llnl.gov>;1683307020;"use constraint violation in checkTermination (#617)

"
llnl_hiop;76e98631ff15e37706341337e9bd2f59861183b2;Cosmin G. Petra <petra1@llnl.gov>;1586977629;"added one-call eval_Jac_cons in NlpDenseConstraints interface
"
llnl_hiop;76f0b27f153b6c782fe556cfb53417559fc46280;Asher Mancinelli <asher.mancinelli@pnnl.gov>;1619219742;"Update marianas CI variables to fix link issue
"
llnl_hiop;7707264f633e807cb0a642c703a574f79fffba95;Slaven Peles <peless@ornl.gov>;1679163714;"Preliminary adaptive IR tolerance for cuSolver-LU.
"
llnl_hiop;77109008311fab7bdd4c115bd2dbd402aff4fcd2;Cosmin G Petra <petra1@llnl.gov>;1757541312;"Update doc/src/sections/hiopbbpy.tex

Co-authored-by: Nai-Yuan Chiang <chiang7@llnl.gov>"
llnl_hiop;774add9972cc5b3aeb6c23e9b410e724f3b1ca6f;Cosmin Petra <petra1@llnl.gov>;1577403187;"factorization + solve working

both cpu and hybrid=cpu+gpu
"
llnl_hiop;775d850f1b34ec20d86d2f3c65256d0085bccc23;Cosmin G Petra <petra1@llnl.gov>;1747424473;"finalized output for gradient
"
llnl_hiop;77a3fe829f1e2b9c63a6f561baf4c50d08c20ce3;Cosmin Petra <petra1@llnl.gov>;1578065979;"updated readme with description of the output .iajaaa format

also added Matlab loader example
"
llnl_hiop;77a9730ef9654d05a755ecdb890c3c9a9be36b31;Cosmin G. Petra <petra1@llnl.gov>;1655848942;"fixed message typo
"
llnl_hiop;77c88a2276a03989bb3bf37d904f3d4cc40b35f7;Cosmin G. Petra <petra1@llnl.gov>;1727049390;"updated pdf user manual
"
llnl_hiop;77d01e52b15ab43a098bc1b47ff60896492b0f68;rcrutherford <robert.rutherford@pnnl.gov>;1622235946;"Disable separable compilation
"
llnl_hiop;77d8052fc9c70063a5f7e477417a7b2074304508;Asher Mancinelli <asher.mancinelli@pnnl.gov>;1592027778;"Removed incorrectly included header
"
llnl_hiop;780500b07327ff80823378e9c9a2c0605e0f509c;Cosmin Petra <petra1@llnl.gov>;1575675772;"updated build system for magma
"
llnl_hiop;781ea74bbdfc4961fc7c01181c1198bf7261431f;nychiang <sorakid507@gmail.com>;1605318921;"fix conditional jump or move depends on uninitialised value in MA57
"
llnl_hiop;781f6ce100e5a358eac78ecc6e3916d13898cdea;nychiang <sorakid507@gmail.com>;1602032109;"add example 7
"
llnl_hiop;7845b8a7ea7e9b39718f64be9d34c74f6190f158;Cosmin G. Petra <petra1@llnl.gov>;1648580898;"added support for different LSQ linear solvers.
"
llnl_hiop;784acec52c43caa7e3350f940582ad4858ce044a;Nai-Yuan Chiang <chiang7@llnl.gov>;1643816602;"Elastic mode (#403)

 *added elastic mode into HiOp, i.e., it tightens the variable/constraint bounds over the IPM iterations.

* correct description for the default parameter setting

Co-authored-by: Chiang <chiang7@sephiroth.llnl.gov>"
llnl_hiop;78539d45d446c355f55347006009ba4d9db042d6;nychiang <sorakid507@gmail.com>;1742587835;"test CI
"
llnl_hiop;786f3e4a0300d4301b9c3444bc41887840b8640e;Asher Mancinelli <asher.mancinelli@pnnl.gov>;1619537553;"Use hiop_tpl instead of hiop_math
"
llnl_hiop;787f022b520cd799fc85f10825a3508d79b2ed06;Cosmin G. Petra <petra1@llnl.gov>;1642789098;"clean up
"
llnl_hiop;788fad46c61c8554d8435eee865bdc45206ff8c5;Cosmin G. Petra <petra1@llnl.gov>;1537378302;"vectors printed on all ranks
"
llnl_hiop;78c689ca24725b4079e7c07356d786001c058f89;Asher Mancinelli <asher.mancinelli@pnnl.gov>;1636150730;"trying to get around protected variables
"
llnl_hiop;78fc855a765ce3f80f4b24061f11f448d7e87fbf;Cosmin G. Petra <petra1@llnl.gov>;1603152283;"Merge branch 'master' into develop

to get some tex files mostly
"
llnl_hiop;78fc8ccc7ea320ff6886f093cd829e1d81cab1bd;Cosmin G. Petra <petra1@llnl.gov>;1482972212;"fixed a problem in shift
"
llnl_hiop;78ff392ac279f8def59f115a0caf4ceaa42dad87;Nicholson Koukpaizan <koukpaizannk@ornl.gov>;1661348114;"Add NVTX instrumentation
"
llnl_hiop;790287e10e8e8d4085799469999e685bc78f730f;Slaven Peles <peless@ornl.gov>;1683643683;"Add setup method to iterative refinement class.
"
llnl_hiop;790c0c61296fff1526e409d772d08792ff72f075;pelesh <slaven.peles@pnnl.gov>;1613005816;"Turn off matrix determinant computation by Magma

Function `magma_dsidi` computes matrix inertia necessary for search direction
correction and optionally matrix determinant. When the determinant computation
is turned on, `magma_dsidi` apparently gets caught into an infinite loop for some
cases. Turning it off here as it is not needed for HiOp computations."
llnl_hiop;791db419ca385120bf27f4808c73670f906520da;rcrutherford <robert.rutherford@pnnl.gov>;1608615239;"Added enforcing of specific matrix type to implementation specific matrix tests.
"
llnl_hiop;792b98a94acc729c9c424141568b51216ea65c95;Tucker Hartland <tucker.hartland@gmail.com>;1762274811;"updates
"
llnl_hiop;793e008c1ba25ad2991857ee301a0cd9391fa6d3;Cosmin G Petra <petra1@llnl.gov>;1739225637;Update README.md
llnl_hiop;794468b4a5dda34cdf307523324474cbbf7f74ae;Cosmin G. Petra <petra1@llnl.gov>;1537378426;"added n_post_local getters in the NLP transformation classes
"
llnl_hiop;794a4f3d53f4a286cc63f3d73b031a5c71eda4ca;Nai-Yuan Chiang <chiang7@llnl.gov>;1649840254;Update hiopMatrixRajaDense.cpp
llnl_hiop;794b1d4982877413a31aa65b94faf894705c00de;Cosmin G. Petra <petra1@llnl.gov>;1663619118;"added Hip and Cuda RAJA Impl files
"
llnl_hiop;7957c7223a6ab7bfc632c59456ad83494fcd6d6d;Chiang <chiang7@sephiroth.llnl.gov>;1633129831;"remove RAJA scan; use index_type and size_type
"
llnl_hiop;795cd348e37a4baa94d5ccc9f9108f45b28e7ef4;Juraj Kardos <juraj.kardos@usi.ch>;1565970505;"fixing inf_du, sign for z_L and removing fixed vars
"
llnl_hiop;796ed50c67834bac9c2488936958047523e0f06f;Cosmin G. Petra <petra1@llnl.gov>;1487698642;"instrumented code with timers
"
llnl_hiop;79724efba253c639cf001d0f85d0fdd6d99b8dab;rcrutherford <robert.rutherford@pnnl.gov>;1654283717;"Switch to develop spack buildcache from E4S.
"
llnl_hiop;797b4f819a6d686c4ca502969d9bd159167c1a4e;Asher Mancinelli <asher.mancinelli@pnnl.gov>;1594666766;"Merge branch 'remove-erroneous-header-fix' of github.com:ashermancinelli/hiop into cmake-staging-area-dev
"
llnl_hiop;7996b778662d4a5cdfbbb2adc2790fea255ec1b5;Cosmin G. Petra <petra1@llnl.gov>;1626126033;"default filenames for option files
"
llnl_hiop;79979db9aa01e72522d6fd2ed1c28a3bf0d37e05;Nicholson Koukpaizan <koukpaizannk@ornl.gov>;1669914690;"Added roctx support and made other edits to make it work on Crusher
"
llnl_hiop;79a676a375bae65db091dd8fe6ef99b548fd8934;Frank Wang <wang125@llnl.gov>;1637598219;"update pridec options
"
llnl_hiop;79aee6ebc8a4f16a93ddea50563bdcca18ebd6fb;Asher Mancinelli <ashermancinelli@gmail.com>;1651011710;"Install drivers for example 4
"
llnl_hiop;79cb269a2b27d9ccff7f5a0374d10dd7e9795d26;nychiang <sorakid507@gmail.com>;1741659816;"remove smt
"
llnl_hiop;79e15a7f9c9602b17593f493fe4142cd76465c5b;Cosmin G. Petra <petra1@llnl.gov>;1481241434;"mods to linear algebra (growing the matrix and shifting rows)
"
llnl_hiop;79ecb73684b1e85a9408ac1c621ec303dd18fa67;Chiang <chiang7@sephiroth.llnl.gov>;1632867760;"fix bug due to rebase
"
llnl_hiop;7a02e8c85ca111087fad2708eb0186905c97fd2b;Cosmin G. Petra <petra1@llnl.gov>;1643153735;"implemented matrix mult
"
llnl_hiop;7a3f4178ef26e75d5cf637f13df721ee943a59e2;Jaelyn Litzinger <jaelyn.litzinger@pnnl.gov>;1661273913;"rebuild newell modules
"
llnl_hiop;7a66908c8a4dcdc05a817ea1e4521395c094b85d;Cosmin Petra <petra1@llnl.gov>;1596221714;"optimization outer loop error control related to KKT linear solve

automatically detecting numerical issues with the fast solvers and switching to stable solvers
"
llnl_hiop;7a6f3a25c2c444e541788870d3e3e18134256d39;rcrutherford <robert.rutherford@pnnl.gov>;1607460420;"Removed const qualifier from getLocalElement
"
llnl_hiop;7a939b7dc25fe9463339afd4824228d2373552e4;Cosmin G. Petra <petra1@llnl.gov>;1724711922;"added notes and some drafty interface
"
llnl_hiop;7ac44015289cbc6abccb8cbb528dc2141c5478a6;Cosmin G. Petra <petra1@llnl.gov>;1675108090;"fixed bugs and updated NlpFormIneq
"
llnl_hiop;7ae7c27694b84b6b77b6fe24b8611dfd1565d10c;Juraj Kardos <juraj.kardos@usi.ch>;1565395472;"subproblem can return number of iterations until convergence
"
llnl_hiop;7aed8b5ca94cc3c4ae69a6f0dbc29fb4e319334c;Cosmin G. Petra <petra1@llnl.gov>;1602536053;"updated doc on GPUs and MDS
"
llnl_hiop;7af6362a47746de048899115c071a87c1e9a3244;Asher Mancinelli <asher.mancinelli@pnnl.gov>;1635540053;"successfully copied class
"
llnl_hiop;7afbeaecd2e1e322613d63165c1d1fb391611455;nychiang <sorakid507@gmail.com>;1756512836;"report best y from iteration, to guarentee feasibility
"
llnl_hiop;7b165c0906aae5e5066231b54f8653b17e0270cf;Slaven Peles <peless@ornl.gov>;1647033007;"Fixed warnings, removed double delete guards.
"
llnl_hiop;7b636dea143375e52938eac392e727cc9378ad26;Chiang <chiang7@sephiroth.llnl.gov>;1625604924;"minor fix
"
llnl_hiop;7b6cac33738bbc5679a1a58e14161cab3307887d;Juraj Kardos <juraj.kardos@usi.ch>;1564596311;"introducing naming convention in the solver
"
llnl_hiop;7b6cc4930538b00e8e63f3b405caed78bfc59fd5;Asher Mancinelli <asher.mancinelli@pnnl.gov>;1636144678;"fixed segfault, numbers incorrect
"
llnl_hiop;7b77c75de918b15f38545d76c74cfd4315bb3f9e;Cosmin G. Petra <petra1@llnl.gov>;1580789197;"added definition for dense complex matrix
"
llnl_hiop;7b8cc2ba1c8bc4e710002e18cdbcb0e0bdfc7ee7;nychiang <sorakid507@gmail.com>;1724929471;"build cuda and cub on lassen
"
llnl_hiop;7ba7b00a7c72e99e5b650f39ca17a6b6d0426962;Cameron Rutherford <cameron.rutherford@me.com>;1731011389;Try re-using builds for quicker pipelines
llnl_hiop;7ba94934360013ae5488cc596230b784aa3dc332;Cosmin G. Petra <petra1@llnl.gov>;1757526235;"fixed issues with user manual tex file
"
llnl_hiop;7c09487c519146e013c3f4a6b0f107b473379d4c;rcrutherford <robert.rutherford@pnnl.gov>;1676060461;"Refactor ORNL and PNNL CI scripts.
"
llnl_hiop;7c1f3a818fd4e0b7a97e122ad854c7f6fc207466;Frank Wang <wang125@llnl.gov>;1616021228;"update to add a few features like setting max_iter
"
llnl_hiop;7c2da13eee994fe7874e3a6b38acb7516668b389;nychiang <sorakid507@gmail.com>;1654729455;"update comments
"
llnl_hiop;7c54c72943f382d52a5fbcdf83ad52e1b53873a3;Cosmin G. Petra <petra1@llnl.gov>;1573507732;"backward compatible with v0.1

- fixed an issue in reallocating Jacobians after a change in the problem size
"
llnl_hiop;7c5b1c3fa8228eedb72961e4c83669492f1b0ad1;Cosmin G. Petra <petra1@llnl.gov>;1632326305;"enforcing code style
"
llnl_hiop;7c6d9781b75cc94ec7cff43e6160559d49f011a7;Cosmin G. Petra <petra1@llnl.gov>;1589587207;"full IC working for sligtly reduced KKT (XYcYd)
"
llnl_hiop;7c734bbe65078afd2a06e80eba591034748350e9;nychiang <sorakid507@gmail.com>;1655329414;"mpi/gpu ci test on lassen
"
llnl_hiop;7c74ae5ae617206e90e186f957007d5c4c233d9b;Cosmin G. Petra <petra1@llnl.gov>;1522439266;"Merge branch 'master' into inf-dim

Conflicts:
	src/Optimization/hiopNlpFormulation.cpp
"
llnl_hiop;7c7b14f12906c9e63336bd4760ef1c3ab4141fe3;pelesh <slaven.peles@pnnl.gov>;1587590325;"Merge pull request #2 from LLNL/master

Re-syncing with origin repo"
llnl_hiop;7c8898164d6ad29ee18480d7021a4095d833ae95;Chiang <chiang7@sephiroth.llnl.gov>;1623480570;"test
"
llnl_hiop;7c9db1882abf3ece429bbb8e22ccb5459b15109c;Chiang <chiang7@sephiroth.llnl.gov>;1646705248;"fix bugs
"
llnl_hiop;7cb89360167e4deb3195bd74a5feda4457d7f53c;nychiang <sorakid507@gmail.com>;1605048315;"change function names
"
llnl_hiop;7ccfa86a71fdb670ae690199ac676f3c1365799a;Cosmin G Petra <petra1@llnl.gov>;1727705096;"preps for release 1.1 (#696)

* changelog and bumper version

* added patch version"
llnl_hiop;7cf2f891ac31565fcccadd768ee86efde4e51234;Asher Mancinelli <asher.mancinelli@pnnl.gov>;1609865893;"Installing missing headers
"
llnl_hiop;7cfb9f028e574857229eeaf3e486ccdf60439671;Nai-Yuan Chiang <chiang7@llnl.gov>;1692195306;"Development of the feasibility restoration in the Quasi-Newton solver (#647)

* quasi-newton FR without MPI

* support MPI with only 1 rank

* update hiopVectorPar::copyFrom

* mpi works fine in the test DenseEx4 FR force

* correct typo

* remove temp line"
llnl_hiop;7d04a1f5510c6e02b191aa30842b1c2be87831b3;Chiang <chiang7@sephiroth.llnl.gov>;1633129831;"remove RAJA scan; use index_type and size_type
"
llnl_hiop;7d08b496279772a252a2384ce417e4c8f7936612;Cosmin G Petra <petra1@llnl.gov>;1623126520;"Primal Decomposition Solver (#191)

* added sketch of the primal decomposition solver, including

- user problem interface class
- dummy algorithm/solver
- dummy problem implementation
- minimal test driver

* Ex8 first commit

* adding simple parallelization to Ex8

* added PriDe formulation

* added a descriptions of how the master problem and associated interface is supposed to work

* asynchronous contingency mpi update 1

* update PrimalDecomp with outer iteration of the optimization

* Ex8 first commit


Co-authored-by: Jingyi Wang <wang125@lassen709.coral.llnl.gov>
Co-authored-by: Jingyi Wang <wang125@lassen708.coral.llnl.gov>
Co-authored-by: Frank Wang <wang125@llnl.gov>
Co-authored-by: Jingyi Wang <wang125@login3.summit.olcf.ornl.gov>"
llnl_hiop;7d2184ad48447c57462a89f50ef0226fb9f04b0b;Cosmin G Petra <petra1@llnl.gov>;1756919326;"finished reviewer comments
"
llnl_hiop;7d3dbae1caaf630687fbce00a88726ea04c88a49;nychiang <sorakid507@gmail.com>;1651295453;"fix bugs
"
llnl_hiop;7d513be5aad5d962455e465c8f7d821826c5dc23;Asher Mancinelli <asher.mancinelli@pnnl.gov>;1620142244;"Remove incorrect path to configured header
"
llnl_hiop;7d5d273fc4cfa28ce34777a180c43ea6a7fc4ea2;Nai-Yuan Chiang <chiang7@llnl.gov>;1631737550;"Empty row in sparse Jac and zero-length sparse variable in nlpMDS_EX4 (#320)

* modify raja_ex4 to support empty sparse row
"
llnl_hiop;7d6c689daed618a1f9eeb57377c6330e09b45acc;Nai-Yuan Chiang <chiang7@llnl.gov>;1659930996;"use batch node (#527)

"
llnl_hiop;7d701c5dc9f6b70dd4819e247589e35f969ebd94;Asher Mancinelli <asher.mancinelli@pnnl.gov>;1598370616;"small changes to conform to style guide (#73)

"
llnl_hiop;7d8a5f426e19ac22edac403e433a1ae7bdf33f52;Chiang <chiang7@sephiroth.llnl.gov>;1643242234;"no valgrind error
"
llnl_hiop;7daff65b9a64e7101a1a6a9dd5fd411ef1f73ea5;kswirydo <kasia.swirydowicz@gmail.com>;1654722289;"fixing options for cusolver IR
"
llnl_hiop;7db3dbd0a72eb539731fbeac5fd0afb4a763fca3;Nai-Yuan Chiang <chiang7@llnl.gov>;1654625183;"Regularization normaleqn dev (#486)

* randomized dual reg"
llnl_hiop;7dc235aa57b6d3676a8406ef465ba10a2a38d513;jwang125 <wangjingyi09@gmail.com>;1656543500;"Pridec local accumulation and one MPI_Reduce (#498)

* update pridec local accumulation + one MPI_reduce option

Co-authored-by: Frank Wang <wang125@llnl.gov>"
llnl_hiop;7dc4066768b10954e6b557407288e0ab95da331e;nychiang <sorakid507@gmail.com>;1656063216;"update user guide
"
llnl_hiop;7dcce346ec553c3b57ab5fb207909ad3daaded62;Cosmin G Petra <petra1@llnl.gov>;1638481128;Update hiop-policy-compatibility.md
llnl_hiop;7dd8a55ad79c34bee1c453277ed9b9d6bc6e4e4b;Cosmin G Petra <petra1@llnl.gov>;1582558178;"Merge pull request #14 from LLNL/dev/NewtonMDS

merge (catch up) newton mds to kron newton mds"
llnl_hiop;7de789b7ee557e75c1528a276fa1a547c0ff8df7;Cosmin G. Petra <petra1@llnl.gov>;1585075140;"added addSparseMatrix in the complex dense matrix class

also updated kron reduction to use the newly added method
"
llnl_hiop;7dfadebeed409a50933ac31fc4f13ecc60dbf694;Juraj Kardos <juraj.kardos@usi.ch>;1564438062;"fixing initial guess
"
llnl_hiop;7e20b4edd685228d10a2422e99511b8cde959500;Cosmin G Petra <petra1@llnl.gov>;1743438615;"cleaning up VectorSpace
"
llnl_hiop;7e20d9835c4ec3910b041446ba231359118105fb;Cosmin G. Petra <petra1@llnl.gov>;1591490927;"replaced unrolled loops with ... loops
"
llnl_hiop;7e40a28c98b2dd1056e6e41850eadd594996a9d8;Asher Mancinelli <asher.mancinelli@pnnl.gov>;1588272667;"adding developer mode for options/warnings
"
llnl_hiop;7e4ff297a6fd96e6dd7980eeca3f051691d9345b;Nicholson Koukpaizan <koukpaizannk@ornl.gov>;1663447909;"Added missing RANGE_POP for unusual return location
"
llnl_hiop;7e510cd34a0cb18942cd00a483a0619a5cc284ae;Peles, Slaven <slaven.peles@pnnl.gov>;1584045772;"Implemented MPI-enabled unit tests for hiopVectorPar class.
"
llnl_hiop;7e7f8f5c84c76199aecbfa482a4d3a91e3465326;Cosmin G. Petra <petra1@llnl.gov>;1653079608;"final touches
"
llnl_hiop;7e8836c2de665616b0e8438ac365072965be257d;Cosmin G Petra <petra1@llnl.gov>;1592864354;"Merge pull request #45 from LLNL/warmstart-duals-dev

primal-dual restart and support for outputing duals variables"
llnl_hiop;7e8adae9db757aed48e5c2bc448316307598258f;Cosmin G Petra <petra1@llnl.gov>;1602623051;"release 0.3 (#96)

documentation update for the 0.3 release.


* updated user guide and added src files

* updated doc on GPUs and MDS

* updated contributions to 0.3

* Hess evaluated separately in starting procedure so that the Hessian is evaluated with computed multipliers"
llnl_hiop;7e8d7ee5543978d57b35317ffa912ae8f5c2efa5;Asher Mancinelli <asher.mancinelli@pnnl.gov>;1608695260;"added modules (magma 2.5.4) to build script (#169)

"
llnl_hiop;7e8e8e8fa82922b8597511681bf2b9c33151c76c;Chiang <chiang7@sephiroth.llnl.gov>;1621886135;"FR for MDS
"
llnl_hiop;7ea9f5065b6f5470058c8460962fa349191b4cb9;Cameron Rutherford <robert.rutherford@pnnl.gov>;1726790484;Update spack_build.yml
llnl_hiop;7eae3d9698b3e26a374d499589f0e138aa8d68b1;nychiang <sorakid507@gmail.com>;1666831415;"fix
"
llnl_hiop;7eb0f0cf1a2693c3ee62c6bb77687b2cd5fd47dc;Frank Wang <wang125@llnl.gov>;1655852629;"update
"
llnl_hiop;7eb3f5fdab2213e5884123e60b4aa9aa65528322;Cosmin G. Petra <petra1@llnl.gov>;1727469065;"added patch version
"
llnl_hiop;7f094a8925f68c35aa72fce57835bd59ee0d3684;Cameron Rutherford <robert.rutherford@pnnl.gov>;1678123653;"Update Image for Spack Action (#602)

* Update spack_build.yml

* Update image for push_mirror

* Update comment in spack build workflow

* Remove debugging from spack

* Add E4S mirror along with spack mirror

* Remove nfs file [skip-ci]

* Add E4S buildcache after spack

* Trying Ubuntu 20.04

* Use spack develop and spack v0.19.1

* Use spack environment

* Use relative instead of absolute paths

* Add debugging

* Fix missing -

* Get rid of debugging

* Fix E4S cache ordering

* Disable E4S buildcache

* Add debugging to failing E4S cache commands

* Remove debugging and used fixed E4S cache link

* Recursively check out submodules

* Upgrade Ubuntu again...

* Use spack develop with correct Ubuntu version

* Attempted debug of submodule update issue

* Add debugging to pipeline status stage

Also remove space from job name"
llnl_hiop;7f1ab52dd539b2d3c452bea958ccf518b11333f5;Nai-Yuan Chiang <chiang7@llnl.gov>;1725049449;"Fix CI pipeline (#694)

* fix llnl ci

* build cuda and cub on lassen

* fix bash script to find correct MY_CLUSTER"
llnl_hiop;7f496d59c146c3dce1c279e1f16f3a6126432dcf;Asher Mancinelli <asher.mancinelli@pnnl.gov>;1620755274;"Update build script to use dependency environment
"
llnl_hiop;7f51b05ed927f26f74d7c3d2c8466fdd6526a607;Chiang <chiang7@sephiroth.llnl.gov>;1634594170;"use RAJA::scan
"
llnl_hiop;7f6018fc5e255e2171a518dff8ee188365fbbad1;Cosmin G. Petra <petra1@llnl.gov>;1480446343;"added an initial version of the Logger object
"
llnl_hiop;7f87866c086dc01597cf4b1d7d759628b233101e;Juraj Kardos <juraj.kardos@usi.ch>;1565370883;"warning when overwriting option specified in the option file
"
llnl_hiop;7fbd67980f3908c0768d752945d978e526ca91c4;Cosmin Petra <petra1@llnl.gov>;1590683664;"added 'dev' magma linsolver class
"
llnl_hiop;7fc0ee5f39616f3cbcac7b30d23efa2c8f57c86c;Nai-Yuan Chiang <chiang7@llnl.gov>;1625779785;"Fix some MPI and host/device memory issues in MDS FR problem (#273)

* use options from the base problem; fix mpi issue

* minor fix

Co-authored-by: Chiang <chiang7@sephiroth.llnl.gov>"
llnl_hiop;7fc53d19cfd4cbd5627c2a32dcc59e32592f6028;Cosmin G Petra <petra1@llnl.gov>;1755295841;"Added Weslley to contributors (#740)

"
llnl_hiop;7fd2052f5dde48b0961f93fa7718233ecf2561ab;Chiang <chiang7@sephiroth.llnl.gov>;1646879334;"remove two spaces at the front of each line in function solveCompressed
"
llnl_hiop;80006e92164a3aa56e44939297fc6fc686197442;Cosmin G. Petra <petra1@llnl.gov>;1640724214;"added kernels for fast condensed matrix computation

[[sync]]
"
llnl_hiop;8025c3afb8231eab6663cb83b091f050342e81ab;fritzgoebel <fritz.goebel@kit.edu>;1668093362;"Fix segfault, remove nonsymmetric ginkgo solver (#548)

* Fix segfault, remove nonsymmetric ginkgo solver

* Fix CudaError

* Update .gitlab-ci.yml (#551)

* Update marianas with full cuda arch matrix

Building with cuda_arch 60,70,75 and 80 on all Marianas GPUs

* Update CMake cache for full cuda arch matrix.

* Change GitHub workflow to run only on push

Co-authored-by: Cameron Rutherford <robert.rutherford@pnnl.gov>"
llnl_hiop;8029151448c912823b6dcc02463f2914ee99d80e;Cosmin G. Petra <petra1@llnl.gov>;1648647447;"fixed codestyle (method name)
"
llnl_hiop;80298d7cb9a119ccd5b1e6b9bd99ed2748f8f599;Cosmin G Petra <petra1@llnl.gov>;1600897484;"Multisolve perf (#86)

* Added hpc_multisolves and defaulted Ex4 and Ex5 to default to MPI_COMM_SELF"
llnl_hiop;803272b39ecd73c006eb52ac1485dbc38d09dee6;Cosmin G. Petra <petra1@llnl.gov>;1626989925;"Merge branch 'develop' into pridec-options-dev
"
llnl_hiop;80527982efb7b714af5fa662124c98a6bef394f6;nychiang <sorakid507@gmail.com>;1657682748;"fix const issue
"
llnl_hiop;8064ef6b2249ad2feca92a9d1e90060bad3eebc7;Cosmin G Petra <petra1@llnl.gov>;1666388497;"New tag release - 0.7.1 (#565)

* preps for new tag, 0.7.1

* Update README.md"
llnl_hiop;806a5ef057ac29df7df65ebe84d5f91874e17446;Cosmin G. Petra <petra1@llnl.gov>;1493936042;"Updated CMakeLists script to work with the new directory structure
"
llnl_hiop;807d11dbd82125b578b61bb96a3faa752389a985;Cosmin G Petra <petra1@llnl.gov>;1661966471;updated documentation
llnl_hiop;807ef79475263ed6f34759ed0adae5dc68ce575e;Philip C. Roth <rothpc@ornl.gov>;1680888576;"Add more debugging for NB comms.
"
llnl_hiop;80852c2691b023efbfa7fb16d9d5cfcd8f4e46ec;Cameron Rutherford <robert.rutherford@pnnl.gov>;1676317230;Fix git strategy for build stages.
llnl_hiop;80daf4bf4682444b80737ed6c735a0755c09aa3b;Cosmin G. Petra <petra1@llnl.gov>;1607379073;"added documentation

including formulation of ex9
"
llnl_hiop;80f9616117e08031dd0b43c526bbcb513c43e490;Cosmin G. Petra <petra1@llnl.gov>;1474992254;"added 'build' (empty) directory
"
llnl_hiop;8139431ed4c796a7c5b988a87655ee3fb2321783;Cosmin G Petra <petra1@llnl.gov>;1660770766;"temporary allow failure on newell (#529)

pending final adjustments for newell, better to not report newell failures"
llnl_hiop;8142a214ecbdc0264e173da0be2914bdf773ab73;Mancinelli, Asher J <asher.mancinelli@pnnl.gov>;1590197216;"First take on dense matrix unit tests.

- Upper triangle unit tests are skipped pending additional clarifications on implementation.
- Test `matrixTimesMatTrans` segfaults, needs to be more investigated.
- Test `matrixAssertSymmetry` is used only in sequential tests.
"
llnl_hiop;815dbb6ab13630fbe6a275514fe3212865a1bd96;nychiang <sorakid507@gmail.com>;1609796656;"remove flawed assert condition
"
llnl_hiop;817a048ce3f101fcc0026dc6ceabf109f389961d;nychiang <sorakid507@gmail.com>;1654292642;"remove backup files
"
llnl_hiop;81973389d9cff3c0bc6ac97016f618d59fae9a9a;Cosmin G. Petra <petra1@llnl.gov>;1605111292;"build system updates

- builds without STRUMPACK (SparseKKT class was updated)
- add ""dl"" when coinhsl is linked with
- left some further todo items
"
llnl_hiop;8198c540891f998a3ec9b994398ac1ae206f53b6;rcrutherford <robert.rutherford@pnnl.gov>;1656689194;"Use C++14 and CUDA 14 & CMake fixes.
"
llnl_hiop;81af82c4e726e21506d7ba1da0c4b04e32adec99;Chiang <chiang7@sephiroth.llnl.gov>;1642564282;"tune the parameters
"
llnl_hiop;81db46326990a163d1581200ac2f5358afeba2ca;Slaven Peles <slaven.peles@pnnl.gov>;1607635236;"Consolidated Umpire and RAJA options into RAJA.
"
llnl_hiop;81ee846e7368cc9b064c2ed597c0616bdc2f3d5a;Cosmin Petra <petra1@llnl.gov>;1575675817;"Merge branch 'dev/NewtonIPM' of github.com:LLNL/hiop into dev/NewtonIPM
"
llnl_hiop;821a4a16aac2e4cdc019fa2f537e563d457849f0;Slaven Peles <peless@ornl.gov>;1657673784;"Set verbosity level in cusolver example to 3.
"
llnl_hiop;821dd2a541e68ea94380f50814dd0aea638f660e;Asher Mancinelli <asher.mancinelli@pnnl.gov>;1606348839;"Setting variables to COINHSL path (#123)

"
llnl_hiop;821f726fffbb65a563ed8c315eb788c3fa0a18e4;Asher Mancinelli <asher.mancinelli@pnnl.gov>;1637277114;"can't solve segfault
"
llnl_hiop;8224ec4797b0ed409f3f76fb607273dc8ebf8d68;Cosmin G Petra <petra1@llnl.gov>;1648572064;"Csr interface organization (#436)

* added CSR matrix base class and moved CPU implementation to CSRSeq class

* updated code with the new Seq/Host CSR matrix name

* added skeleton of CUDA class

* clarified the logic for instantiating linear solver in the LSQ-based initialization of the duals
"
llnl_hiop;8228e8de1a1886d6ea26b05a9be2bb6ee4011d7a;Cosmin G Petra <petra1@llnl.gov>;1639783198;"coding styleguide
"
llnl_hiop;824199ed50fcfa991d244a3ca0009835b6e017e5;Cosmin G. Petra <petra1@llnl.gov>;1597710509;"Merge branch 'gpu-devperf' of github.com:LLNL/hiop into gpu-devperf
"
llnl_hiop;82504e82e302965eb2f6bd1113da206d2dc06acf;Tucker Hartland <tucker.hartland@gmail.com>;1752593715;"merge conflict
"
llnl_hiop;8251183103dbe30e003e22379bec79332208a798;Asher Mancinelli <ashermancinelli@gmail.com>;1625084024;"Remove spurious cmake var
"
llnl_hiop;826c5d28496d0f9e756c41491ad5ac55ee50216a;Cosmin G Petra <petra1@llnl.gov>;1741293897;"temp code + notes
"
llnl_hiop;826daf8700e3f3bd13bd3cb3f61d7fd2390412bb;Chiang <chiang7@sephiroth.llnl.gov>;1620765570;"draft
"
llnl_hiop;8289a5b540e1df4122639222df4e120bbe31b79f;nychiang <sorakid507@gmail.com>;1635273527;"fix notation
"
llnl_hiop;82a50435450a33e724435904bc21ad549672e538;Nai-Yuan Chiang <chiang7@llnl.gov>;1676320876;"fix (#593)

"
llnl_hiop;82a97acf4293f452985693d15c64850f3af8a8f6;Ian Smith <ian.smith@pnnl.gov>;1605809471;"Adding push mirror github action
"
llnl_hiop;82c02d6477e2c3916465ecf8d4b5a3883c38c570;Cosmin G Petra <petra1@llnl.gov>;1742250103;"cuda and raja impl; also added tests
"
llnl_hiop;82e559e59f7acca15c859531702c39e10d6ec611;Asher Mancinelli <ashermancinelli@gmail.com>;1624582175;"Update documentation to reflect dev workflow changes
"
llnl_hiop;830d44550e0716ad85fc3faec4b8b1548f5224a9;Fritz Goebel <fritz.goebel@kit.edu>;1659629932;"Add ginkgo_exec option to choose the hardware architecture the Ginkgo solver is run on.
"
llnl_hiop;8316dd1c9a46b4c04071322fb59c0e27822c4516;Cosmin G. Petra <petra1@llnl.gov>;1656543054;"fixed asserts
"
llnl_hiop;8319d187abf62eb5ddede6e05fb73505151843e6;nychiang <sorakid507@gmail.com>;1605048315;"change function names
"
llnl_hiop;833369a8d6ba283cac88af11b069dd29275a3ef5;Cosmin G. Petra <petra1@llnl.gov>;1636482049;"more mem leaks fixed (ex8 and ex9)
"
llnl_hiop;8333bca040a1cdd56f0e1af2d535823381dcbb70;Cosmin G Petra <petra1@llnl.gov>;1634157563;Update linear algebra readme
llnl_hiop;833bcb683363c323c640a6a8a50faf703ba0b57e;Slaven Peles <peless@ornl.gov>;1684273792;"Put IR class in a separate file.
"
llnl_hiop;835bd16c7dbae0879dc6a01d97f61f1d0d7fa638;Cosmin G. Petra <petra1@llnl.gov>;1519244721;"modified mu reduction routine to crash mu at 1e-6 when mu is becoming small enough
"
llnl_hiop;835cfb5b8bcc5a06f3b9c0da96e3f628e8edda41;pelesh <peless@ornl.gov>;1647039013;"Add interface to cuSolver/KLU linear solver (#415)

* Add interface to cuSolver/KLU linear solver

* Fixed warnings, removed double delete guards.

Co-authored-by: Katarzyna Swirydowicz <swir617@newell01.pnl.gov>
Co-authored-by: Chiang <chiang7@sephiroth.llnl.gov>"
llnl_hiop;83741eb0cd14c7b5c6054f247ac4ac116a69da1e;Asher Mancinelli <ashermancinelli@gmail.com>;1638573182;"Specify device linking for drivers, not libs
"
llnl_hiop;8386643cc8a5aab353aed8438e7ecad53be1cd1e;Nai-Yuan Chiang <chiang7@login1.ascent.olcf.ornl.gov>;1623299515;"test 1
"
llnl_hiop;8398458ce72b42b1102207385230cd3e3e9bf8c2;Nicholson Koukpaizan <koukpaizannk@ornl.gov>;1663937862;"Removed deepchecking from hiop Spack configuration for Summit
"
llnl_hiop;83a51967dc727b0db886a2691c40803960f9d432;Cosmin G Petra <petra1@llnl.gov>;1674231195;"RAJA Vector int with ExecSpace (#583)

* added cuda implementation file

* fixed bug in Umpire memory backend

* changes for cuda backend

* updated tests

* update of LinAlg factory

* added Hip and OMP
"
llnl_hiop;83a537027dff0c8dc19c9f2734d334c15d161ee5;Cosmin G. Petra <petra1@llnl.gov>;1673222490;"reviewer comments
"
llnl_hiop;83aff5e4d7aa461307906054c81da1736f3cf20a;nychiang <sorakid507@gmail.com>;1747690714;"fix a bug in calling different samplers; update some parameters
"
llnl_hiop;83c87f6fd8e2b14feb59fa75b1efe3e4ae294f98;Cosmin G Petra <petra1@llnl.gov>;1619630898;"linear solver options for duals LSQ initialization (PR #211)

* added options for sparse linear solver in KKT solves and for duals intialization

* updated strumpack solver class options and documentation
"
llnl_hiop;83cc6c0e60a9b3325884fb91a36256b2788b49f8;nychiang <sorakid507@gmail.com>;1663188214;"create branch; get device data
"
llnl_hiop;83fada88f2933cecd5a4bf7ba1bc373ffe127b80;Cosmin G Petra <petra1@llnl.gov>;1649287104;"removed old CSRStorage code (#446)

"
llnl_hiop;84009a414c235d35c61224f91f3be78941914e0b;nychiang <sorakid507@gmail.com>;1690314376;"update default parameter settings
"
llnl_hiop;84332016c24da7cdb2211b45dfebad28803c7c48;Frank Wang <wang125@llnl.gov>;1613414673;"add detailed problem description
"
llnl_hiop;843f54c88fd28781ba29e4b43fd721df86e2df87;Jingyi Wang <wang125@llnl.gov>;1647842965;"add comments and updating docs
"
llnl_hiop;8442c75b7e1e076a8a3bf7028e3cc79c7f8cd07f;Ian Smith <gitbytes@gmail.com>;1605740895;"Create push_mirror.yml

Adding GitHub action from market place to create a push mirror to gitlab.pnnl.gov"
llnl_hiop;844cd093fc62bd26cc8d455e697b5cd27216551a;Asher Mancinelli <asher.mancinelli@pnnl.gov>;1583265761;"Added tests for
- componentMult
- componentDiv
"
llnl_hiop;844fd607f06a324397d73502129e8794172f60bb;rcrutherford <robert.rutherford@pnnl.gov>;1659642252;"Update marianas variables and add spack.yaml.
"
llnl_hiop;8463b681c50ec3eb3f457381ccc34491878ef077;Cosmin G. Petra <petra1@llnl.gov>;1656693316;"moved raja/umpire headers and code in a separate compilation unit
"
llnl_hiop;84732cb0c8b520c575510c50ac50a01602db70d4;Slaven Peles <peless@ornl.gov>;1652798026;"Do not build cusolver-lu when KLU is not found.
"
llnl_hiop;8478b1ff65d653a1c576fbc71e243af1ff03d65d;nychiang <sorakid507@gmail.com>;1616091543;"addjust slacks in quasi-newton method
"
llnl_hiop;84870abe6a60204d75f7ac9f4370e94eed32f3f5;Nai-Yuan Chiang <chiang7@llnl.gov>;1640724321;"Soft Feasibility Restoration (#383)

* soft FR

* fix bugs

* rebase to develop, clean code

Co-authored-by: Chiang <chiang7@sephiroth.llnl.gov>"
llnl_hiop;84a186860f1390b43e9503e55039753dabdcabf9;nychiang <sorakid507@gmail.com>;1661585313;"final touch
"
llnl_hiop;84af4964232c1b11eaa2a4e64829f7ed79c2110b;Michel Schanen <mschanen@anl.gov>;1588890384;"C interface added
"
llnl_hiop;84b2fe454ae14b95a0455f4bf3721e55d74e78c3;Cosmin G. Petra <petra1@llnl.gov>;1626988151;"updates to enable memory space specification in the PriDec solver's internals
"
llnl_hiop;84b43189de3cfe90e466cfaffd8e875ec8e7e56f;Tucker Hartland <tucker.hartland@gmail.com>;1761852037;"minor fix for dimension > 1 problems. more descriptive naming
"
llnl_hiop;84bb8cf58d451bbac2497aae7afafc8f936cf828;Nicholson Koukpaizan <koukpaizannk@ornl.gov>;1736459561;"hipblas.h --> hipblas/hipblas.h
"
llnl_hiop;84cb2c9a2aee06c5602350481b99b72276566156;nychiang <sorakid507@gmail.com>;1654292022;"minor fix
"
llnl_hiop;84d01f81cf16ea1d7f3aafbd21e7b36450c4d32f;nychiang <sorakid507@gmail.com>;1652914384;"add inertia-free test for the KKT full system
"
llnl_hiop;85015564290f24db6860355759381634bfac145d;Cosmin G. Petra <petra1@llnl.gov>;1536957261;"added test driver for fixed variables (nlpDenseCons_ex3)
"
llnl_hiop;850ad41dc277d69c88372209a78cb568fdbd2351;Cameron Rutherford <robert.rutherford@pnnl.gov>;1644262616;"Install options and warnings target. (#405)

* Install options and warnings target.

* Add -Wconversion to warnings."
llnl_hiop;850b515f20a5286f5b98a03571183860c2e6e615;Asher Mancinelli <asher.mancinelli@pnnl.gov>;1619110476;"Update macros to use correct sublib names
"
llnl_hiop;8523008e94d9db6dca848bb4852e61f816d30de6;pelesh <slaven.peles@pnnl.gov>;1625195309;"Remove multiple warnings (minor issues). (#268)

* Remove multiple warinings (minor issues).

* Fixing warnings for vars that are used in assert() only.
"
llnl_hiop;8526087acb9e2e94482d00a1159ab7f4eb2ecf3b;Slaven Peles <peless@ornl.gov>;1692135419;"Remove redundant include statement from RefactorizationSolver.cpp file.
"
llnl_hiop;85396c055ea0b8b3d21d6732cb77fbe5b2bb5add;Slaven Peles <slaven.peles@pnnl.gov>;1591311019;"Fix warnings and a mem leak in vector tests.
"
llnl_hiop;854eadcb6f812ad31d5ffbebc849888db19c3538;Nicholson Koukpaizan <koukpaizannk@ornl.gov>;1675968576;"Update GINKGO on Ascent
"
llnl_hiop;855991eff356d36e7b5bce98365f581f47f35093;Nai-Yuan Chiang <chiang7@batch1.summit.olcf.ornl.gov>;1610687561;"fix mpi issue

remove unnecessary functions
"
llnl_hiop;857f0b245d0c8567422d4f00bc589971a2ff08a4;nychiang <sorakid507@gmail.com>;1706768895;"fix
"
llnl_hiop;8582ccc740c8b73f2af7dc80b1ca6b16bd501311;nychiang <sorakid507@gmail.com>;1649904615;"rebase to latest develop; fix conflicts
"
llnl_hiop;8583dd30408fe3baab6265b5c287806c1d7286b6;Slaven Peles <slaven.peles@pnnl.gov>;1583095759;"Clean up and comment the code.
"
llnl_hiop;858886a4c557270dc70a9f9f5a1857f305256751;Cosmin G. Petra <petra1@llnl.gov>;1481305040;"this is the code for BFGS updating. Code is complete byt not thoroughly tested
"
llnl_hiop;85bde0327290e5d79c1c9551e94d578957a66fb6;nychiang <sorakid507@gmail.com>;1653436817;"example for sparse ex1 in C
"
llnl_hiop;85c81e9ff644eccf07557e2fcf12c9b9ae494339;Cosmin Petra <petra1@llnl.gov>;1577148168;"fixed a bug in addSubDiagonal
"
llnl_hiop;85d6d8e1a59f29e26112c145310508c3c48d034d;Asher Mancinelli <asher.mancinelli@pnnl.gov>;1618506044;"Switch link order of blas/nvblas
"
llnl_hiop;85e6c59c27dbce6eb6303677c2df5acb8a7b4030;Cosmin G. Petra <petra1@llnl.gov>;1674682506;"raja implementation
"
llnl_hiop;85e778c50ee182713bc7511caad80c6bf5bd7772;Chiang <chiang7@sephiroth.llnl.gov>;1642809393;"add comment
"
llnl_hiop;8607beb997b5a01256c65f22e1b71f9daea0489a;Cosmin G. Petra <petra1@llnl.gov>;1513776024;"Merge branch 'master' of github.com:LLNL/hiop
"
llnl_hiop;86108b57b319d7f8174ef3174b8cc1e07af9a672;Asher Mancinelli <ashermancinelli@gmail.com>;1650492799;"Fix options handling with explicit ctest command (#457)

"
llnl_hiop;8619eee74c826f1d31ef23ac14a833a4b161c1a2;Cosmin G. Petra <petra1@llnl.gov>;1588654175;"added options for inertia correction
"
llnl_hiop;861f077854dff63e39f6820bfd786a79df692fa4;Nai-Yuan Chiang <chiang7@login1.ascent.olcf.ornl.gov>;1647424480;"add support to raja functions
"
llnl_hiop;861fa865308e6e5005750e4c9820cfe55a8c8034;Cosmin G. Petra <petra1@llnl.gov>;1480446622;"fixed a bug in the computations of the residuals (rszl was inappropriately updated in the rszu-related update)
"
llnl_hiop;86346ccd0d691b87f8846e3419b2b61670b55416;rcrutherford <robert.rutherford@pnnl.gov>;1654206459;"Fix spack module path for marianas.
"
llnl_hiop;86396a63384d58c34dd4c3e99bb27c1a529d7c5b;Peles, Slaven <slaven.peles@pnnl.gov>;1591117479;"Merge branch 'unit-tests-pre-merge-upstream-fix' into 'dev/unit_tests_rebase_master'

Dense matrix unit test updates

See merge request exasgd/solvers/hiop!22"
llnl_hiop;8645bcfbbcede05f1165962433a3a398abac5795;Cosmin G. Petra <petra1@llnl.gov>;1538422128;"NlpFormulation and AlgIPMFilter objects reload user options and addapt accordingly before the solve
"
llnl_hiop;865290eb446eccf7ade46c970ee2e78d448f5557;nataliarodriguez-uc <natalia_rodriguezuc@berkeley.edu>;1754514632;"bnb example working, testing outputs now
"
llnl_hiop;865f6f114233980d0036d6e9eb9d0602857ea9b3;Cameron Rutherford <robert.rutherford@pnnl.gov>;1677822010;Fix E4S cache ordering
llnl_hiop;8672028243b8f3bcd3f804c41c15c58ac00d3a05;Cosmin G. Petra <petra1@llnl.gov>;1632938134;"pdf footwork
"
llnl_hiop;86879bd67d0136218dd129d5087491f819859b5a;Asher Mancinelli <ashermancinelli@gmail.com>;1624578657;"Clean up variables scripts
"
llnl_hiop;86a7b880ffba9338c8a60650ce3cc240298a69fe;Cosmin G. Petra <petra1@llnl.gov>;1652654958;"CUDA CSR implementation: constructor, destructor, form from triplet
"
llnl_hiop;86a8c8e1fcfbb4960aca282195a24bfebb0e9c17;nychiang <sorakid507@gmail.com>;1649893695;"fix RAJA issues
"
llnl_hiop;86b7f3406bd64d75b685e40b881482e573103642;Nai-Yuan Chiang <chiang7@login1.ascent.olcf.ornl.gov>;1623299319;"test 1
"
llnl_hiop;86c437e69315e3d051c13fb69366dc5dd9154e13;Cosmin G Petra <petra1@llnl.gov>;1742314959;"stregthen test for logBarrierWeighted
"
llnl_hiop;86c5a6b074a8c14035858c7951ec5a5f6e1658a4;Cosmin G Petra <petra1@llnl.gov>;1759500402;"additional logging
"
llnl_hiop;86d0b8e521fc62afe709fd9925fb37251d534a7f;nychiang <sorakid507@gmail.com>;1698539163;"fix hip/cuda
"
llnl_hiop;86da676fa87bed6efc07b4cbd803835cb68e860a;Nai-Yuan Chiang <chiang7@llnl.gov>;1756311220;"Add logger for hiopbbpy (#739)

* add logger

* address comments"
llnl_hiop;86e44dd88b55dd20736b475e15abc9cbe6d86249;nychiang <sorakid507@gmail.com>;1659647620;"use batch node
"
llnl_hiop;86e4c6f694bb4c1fbdb80e28bf257c0ee0d5d69d;Nicholson Koukpaizan <koukpaizannk@ornl.gov>;1662561348;"Define macro for NVTX ranges
"
llnl_hiop;87093f0770bf6a1861ca8a830cd0627bcbf2a073;jwang125 <wangjingyi09@gmail.com>;1629425047;"fixing a bug and update alpha in pridecomp solver (#299)

* fixing a bug and update alpha

"
llnl_hiop;87222df7967ad92d3aeee1207a60e281b18593de;Cosmin G. Petra <petra1@llnl.gov>;1698169965;"removed deprecated ALG2 for CSR2CSCEx2 API
"
llnl_hiop;8733908f9e0c3aa9f007cf4caec4a24d2018d16e;Cosmin G Petra <petra1@llnl.gov>;1752329738;"Merge branch 'develop' into derivative-check-dev
"
llnl_hiop;8735886fa19afb03cfae681797bf0d0e38c7ccf5;Cosmin G. Petra <petra1@llnl.gov>;1586804952;"fixed incorrect order of members in the constructor's initializer list
"
llnl_hiop;8776b1835c0ebce277e6fc554d0b36591e5708af;Cameron Rutherford <robert.rutherford@pnnl.gov>;1677822881;Recursively check out submodules
llnl_hiop;878a356299ab4f55e107b981a3b63c9a05f82540;Cosmin G. Petra <petra1@llnl.gov>;1508978029;"work on the WeightOperator. EOD commit
"
llnl_hiop;878cbfdb522a34dbcc9e90383bc420c28124329a;nychiang <sorakid507@gmail.com>;1675893688;"fix
"
llnl_hiop;878fa0fcf3d9d3b1ca149493921923f8d91ed1ef;Asher Mancinelli <asher.mancinelli@pnnl.gov>;1583199070;"adding suggestions from @pele118
- removed memory leak
- added header gaurds for mpi header
"
llnl_hiop;87a246896d61d15ed49c0caff6450ef74b2e8927;Cosmin G. Petra <petra1@llnl.gov>;1588813991;"PD perturb calc instrumentation and revisted LAPACK linsolve
"
llnl_hiop;87bc290a92d76ce117a8919add77052136e477e1;Asher Mancinelli <asher.mancinelli@pnnl.gov>;1594069665;"Implement RAJA-based vector class.
"
llnl_hiop;87bdc833b746d55962f573979c0ab21049b428fb;Frank Wang <wang125@llnl.gov>;1642648760;"update
"
llnl_hiop;87d8561eceebece94d3993182bbb45bb14f92905;Chiang <chiang7@sephiroth.llnl.gov>;1645233833;"add comment
"
llnl_hiop;87e2a8cc0631be30bf3a2b6091177bc8beee6045;Cosmin G. Petra <petra1@llnl.gov>;1666728042;"Merge branch 'develop' into hwbackends_memory_dev
"
llnl_hiop;88198c019b01646f727eb8a8ecc9e23d37f02088;Cosmin Petra <petra1@llnl.gov>;1578071976;"added 'write_kkt' option
"
llnl_hiop;88367719cd97da0cf56a7c8d11deab2b9d80cfda;Chiang <chiang7@sephiroth.llnl.gov>;1633648921;"fix unintialized variable
"
llnl_hiop;885a5b98da050dd101f92eb253ee1a318a33b091;Chiang <chiang7@sephiroth.llnl.gov>;1638316473;"fix force_update
"
llnl_hiop;8877fa8ea9148a314a092acbea1c3355a7ff33a4;Nai-Yuan Chiang <chiang7@llnl.gov>;1696007457;"Fix LLNL CI  (#663)

* fix quartz ci and one unit test

* fix lassen env

* Update quartzVariables.sh"
llnl_hiop;887951c8cfe6cca14fd81d46c4f5e0a9406f2923;nychiang <sorakid507@gmail.com>;1669377161;"first draft
"
llnl_hiop;888925d0f64f50e5fac4c5b0ab03acef9f1966be;Cosmin G. Petra <petra1@llnl.gov>;1491874120;"Conclusion of Dual LSQ-based updates
"
llnl_hiop;888d409584e25b8cdd187e7ad58328440a5a374c;Chiang <chiang7@sephiroth.llnl.gov>;1626372322;"test
"
llnl_hiop;88b28f8c48e42d298464aa62c8a35e9089facc38;Slaven Peles <slaven.peles@pnnl.gov>;1613003297;"Make sure copy kernels check input for correctness before returning.
"
llnl_hiop;88c86ee8c13957ddae513b1d4c5c688d76d00cc4;rcrutherford <robert.rutherford@pnnl.gov>;1621464774;"Fix CUDA export configuration
"
llnl_hiop;88f009ff43e8c78a133684f84de4b188492242f7;rcrutherford <robert.rutherford@pnnl.gov>;1607560232;"Moved definition of reduceReturn back into implementation specific vector tests.
"
llnl_hiop;88f2765b56eda333f7fa877ae0d3db4b02d6f472;Cosmin G. Petra <petra1@llnl.gov>;1757526293;"updated user manual
"
llnl_hiop;890d7762bf9ca50bf8413b62b6398cad99a19143;Asher Mancinelli <asher.mancinelli@pnnl.gov>;1598109450;"small changes to conform to style guide
"
llnl_hiop;891119536b0dba4069e9d97b90b6377ffcf217b2;Tucker Hartland <tucker.hartland@gmail.com>;1742424185;"multiplying the EI acquisition function since we are minimizing it
"
llnl_hiop;8915e3d9e0d7b41e8e56baaf58ab575e4d7b5e1c;Asher Mancinelli <asher.mancinelli@pnnl.gov>;1589818084;"adding machine-specific builds
"
llnl_hiop;8916a52daae1cb73d011089a66516682fb2f0e4d;Cameron Rutherford <cameron.rutherford@me.com>;1622582633;"Export Targets in CMake (#236)

* Correct TPL export configuration.

* Re-configure finding Magma, hotfix export-config.

modified:   CMakeLists.txt
            Separate FindHiOpMagma into own lib
            Link RAJA and umpire to hiop_tpl

modified:   cmake/FindHiopCudaLibraries.cmake
            Remove inclusion of Magma module here

modified:   cmake/HiOpConfig.cmake.in
            Corrected to use ""@"" instead of ${}

* Look for magma_v2.h in Magma find module.

* Add HiOp::HiOp as exported target and fix METIS issue

* Only configure MPI and OpenMP in HiOpConfig.cmake.in

* Installing hiopLinAlgFactory.hpp

* Explicitly targeting include directories for HiOp target

* Fix export configuration for build w/o GPU.

* Fix CUDA export configuration

* Fix CUDA library exporting

* Fix NVCC arch + sep. comp. + change Magma conf.

* Cleaning up FindHiopCudaLibraries

* Changing NVCC arch in build scripts.

* Finding CUDAToolkit in CMake config

* Disable separable compilation

* Removing install directory

* Using HIOP_NVCC_ARCH as cache setting for CMAKE_CUDA_ARCHITECTURES"
llnl_hiop;892f967c9f8f9f0c9e88d051c424d18311f4a3e1;nychiang <sorakid507@gmail.com>;1655754939;"fix
"
llnl_hiop;892fd5ccfdc74af88346f885796f6c972ded86d2;Cosmin G. Petra <petra1@llnl.gov>;1670264736;"memory allocators supports array size types as template parameters
"
llnl_hiop;893d331298b08676444d38f76ef2b1dda25470f7;rcrutherford <robert.rutherford@pnnl.gov>;1620610335;"Use seq exec in nlpMDS_raja_ex4.cpp
"
llnl_hiop;894b3893c8b5089283ef6206f23239536c1ba881;Chiang <chiang7@sephiroth.llnl.gov>;1620103761;"fix unit test
"
llnl_hiop;8956b7e3f32a729b603d03b23b107618ab6bf6a5;Cosmin G. Petra <petra1@llnl.gov>;1492461387;"fixed matTimesTrans problem for empty matrices
"
llnl_hiop;895dbc037548340b80f496ca04900afbc1c02da9;Cosmin G. Petra <petra1@llnl.gov>;1474992029;"added 'Interface' directory
"
llnl_hiop;89750d8705021bd28299727372c023876b45f869;Cosmin G. Petra <petra1@llnl.gov>;1653329298;"typo in comment
"
llnl_hiop;898938d1cb811fd86a1a181725535d8cb97d98ef;Cosmin G. Petra <petra1@llnl.gov>;1672174303;"blended (templated) Raja Vector with Raja dense matrix

added hip implementation file
"
llnl_hiop;89af10750ad176613977e35e5fc71bd0604956ba;Cosmin G. Petra <petra1@llnl.gov>;1664552855;"release notes in CHANGELOG.md
"
llnl_hiop;89b173cad168cac7d7c668325912074e81ae3228;Chiang <chiang7@sephiroth.llnl.gov>;1626834571;"update rowStartsInfo; inclusive_scan on CPU
"
llnl_hiop;89bc337adfc9313762f98efe0ea2abb5481a9ba6;Cosmin G Petra <petra1@llnl.gov>;1741201090;"draft of InnerProd class
"
llnl_hiop;89bed197c3fdc30b9f0c83aaa185170129c67207;nychiang <sorakid507@gmail.com>;1610650814;"add RAJA support and unit tests
"
llnl_hiop;89c535ad5c756e41e686b079c21ad531b4242cc3;Cosmin G. Petra <petra1@llnl.gov>;1513556855;"added copyright information
"
llnl_hiop;89d6fb952ed4bd60e3b907cbea423dfb268f8efb;Cosmin G. Petra <petra1@llnl.gov>;1656081021;"Guard code for HIOP_USE_RAJA

HIOP_USE_RAJA=ON required by HIOP_USE_CUDA=ON
"
llnl_hiop;89eae136da1032ab5271cea8d35ace1ac84734e2;Fritz Goebel <fritz.goebel@kit.edu>;1658835936;"fix build failure without ma57
"
llnl_hiop;89ec55ad5ed5e26b2424902b6eab21817b85d868;Ian Smith <ian.smith@pnnl.gov>;1605743066;"rename BUILD.sh to BUILD2.sh to fix #114
"
llnl_hiop;8a0c8edccf7bb82a3abe18a8aa44f79cbf2ee848;Cosmin G. Petra <petra1@llnl.gov>;1642115731;"removed member variable with a one from base class

other code optimization as well
"
llnl_hiop;8a0cf1f9153a3ebc74ceaacc56fdd1cee23f33e5;George Chumbipuma <gc51@rice.edu>;1753803564;"Add virtual methods for zeroing rows/columns and shifting rows/columns in hiopMatrixDense.hpp
"
llnl_hiop;8a2f2824a3393e5475624099216f08573ac32aed;Frank Wang <wang125@llnl.gov>;1617678614;"update
"
llnl_hiop;8a42cb77168badced76405e20c377c9d282d6bc3;Cosmin G. Petra <petra1@llnl.gov>;1644262091;"added KKT safe mode on/off switching in AlgFilterIPM
"
llnl_hiop;8a4b5208a229617f38c234d0803bea273334d4c3;Frank Wang <wang125@llnl.gov>;1619153379;"fixing issues
"
llnl_hiop;8a618760a5951b75752247ba8cbb6f6f36288376;Asher Mancinelli <asher.mancinelli@pnnl.gov>;1605729482;"Adding preliminary CMake fixes
"
llnl_hiop;8a6f3afbe43c0ad964bc72aa489a73ee2a57e76c;Cameron Rutherford <cameron.rutherford@me.com>;1697769374;"Merge c0ae07cf7a7c40f075b32e32d4c4f16aee95eeda into c5e156c6f27d046f590dc35114980e3f9c573ca6
"
llnl_hiop;8a9ff461edca041eb6f6a431d521366c22e6fa4a;Nai-Yuan Chiang <chiang7@llnl.gov>;1669238965;"Fix `hiopVectorRajaPar::copyToStartingAt_w_pattern` (#569)

* improved raja implementation for copyToStartingAt_w_pattern
"
llnl_hiop;8ac7f4da547911eaf5a1b5513dd29739b38bcde9;Cosmin G. Petra <petra1@llnl.gov>;1657560272;"fix for linsolve stats for MDS
"
llnl_hiop;8ad39ab6d88eba380e45c747e8ffc44a101204b9;Chiang <chiang7@sephiroth.llnl.gov>;1641508909;"fix bug caused by the rebase
"
llnl_hiop;8ae0865f49dcec8176406508f432a8771c3a27e9;nychiang <sorakid507@gmail.com>;1663826250;"fix
"
llnl_hiop;8ae2d28832c2cb98198a45e1d04c48821df7c03c;Chiang <chiang7@sephiroth.llnl.gov>;1624902754;"fix the conflicts from MR
"
llnl_hiop;8af73a22fa1642047120d041b8c00c6db73530b9;Chiang <chiang7@sephiroth.llnl.gov>;1624677926;"add unit test
"
llnl_hiop;8afdcf0d924b79d4f65b6607bd492d56063be68a;Cosmin G. Petra <petra1@llnl.gov>;1630359383;"fix for NLP Formulation on the device

fixed bug in RAJA sparse matrix related to device memory space

fixed a device pointer that was accessed on host
"
llnl_hiop;8b13365cadab3fc9bf291c5e0b2fe1025d2f2f48;Cosmin G. Petra <petra1@llnl.gov>;1597881491;"added kron objs for shared lib
"
llnl_hiop;8b2342cdb99261b5eedd947845646f45555ca593;Cosmin G Petra <petra1@llnl.gov>;1725458511;"Merge branch 'develop' into chkpnt-dev
"
llnl_hiop;8b2468e814a03ab2acd0c3fc20d68c4868cd1350;Nai-Yuan Chiang <chiang7@llnl.gov>;1636995069;"Sparse gpu kernel dev 4 (#364)

* add RAJA setSubmatrixToConstantDiag_w_rowpattern and setSubmatrixToConstantDiag_w_colpattern

* add unit test

* remove RAJA scan; use index_type and size_type

* minor fix

Co-authored-by: Chiang <chiang7@sephiroth.llnl.gov>"
llnl_hiop;8b2acd565f5e6ebc2de2a04f4f222fdb833057eb;Cosmin G. Petra <petra1@llnl.gov>;1611893561;"refactoring of dense LSQ updater

(into cpu-lapack and gpu-magma)

finished refactorizing in device and host classes

gpu magma lsq updater works on summit
"
llnl_hiop;8b32bfa2a812ced454c17780540a1b20f6b91cff;Nai-Yuan Chiang <chiang7@llnl.gov>;1756944770;"fix logger  (#744)

* fix logger if opt y is occured at the initial points

* fix

* report best y from iteration, to guarentee feasibility

* check if samples are feasible or not

* typo fix and having the constraint evaluator just return true if there are no constraints as for the CI script

* refactoring a bit. more logical to me

* bug fixes

* fix bugs

---------

Co-authored-by: Tucker Hartland <tucker.hartland@gmail.com>"
llnl_hiop;8b4badaffa244682d2635d2a8ec6b69dcb2c9e8b;Cosmin G. Petra <petra1@llnl.gov>;1537309078;"fixed a uninitialized read warning
"
llnl_hiop;8b51a8dd302fc9d4090a61b4958d3bee4c21c6d1;Nai-Yuan Chiang <chiang7@login1.ascent.olcf.ornl.gov>;1619815878;"fix function row_max_abs_value for empty matrix
"
llnl_hiop;8b5296bdb0f01042946dc13eb73a95f9706317b3;nychiang <sorakid507@gmail.com>;1656064149;"add citation for notations
"
llnl_hiop;8b58e423c4584724e4c25750c364edec8ecaa6fd;Chiang <chiang7@sephiroth.llnl.gov>;1624482452;"add RAJA copyDiagMatrixToSubblock and copyDiagMatrixToSubblock_w_pattern
"
llnl_hiop;8b5a2a0beb6b93d183c78260c977035c3caf047d;Cosmin G. Petra <petra1@llnl.gov>;1626212703;"updated logger and added options for print options
"
llnl_hiop;8b5a3891dc97cd3bfc0162d2c59d42cf80a93eee;Cosmin Petra <petra1@llnl.gov>;1590684895;"added inertia calculation
"
llnl_hiop;8b64e090115632a07a75f194f236121c87f7c0cc;Cosmin G Petra <petra1@llnl.gov>;1758929331;"improved output
"
llnl_hiop;8b6918352bd643cc4003df05160423e25f108742;nychiang <sorakid507@gmail.com>;1607366229;"a minor fix
"
llnl_hiop;8b6a9d3fab0b645f6891b8024b385c3b2f1392dc;Cosmin G Petra <petra1@llnl.gov>;1641504781;"Condensed linear algebra for device computations (#385)

* added condensed kkt linsys

* implemented KKT condensed class

* added cusolver chol 

* added CSR storage class with XDY mult and basic storage conversions

* added kernels for fast condensed matrix computation

* fix timing and timing reporting for sparse linear solvers

* added support for time_kkt options in the LSQ sparse calculation of multipliers

* check cuSPARSE version to determine which gather function to call

cusparseDgthr for cuSPARSE <11.7.0 and cusparseGather for cuSPARSE >= 11.7.0
"
llnl_hiop;8b828a4fd7c26f1108ee1fa1c950853287f97664;nychiang <sorakid507@gmail.com>;1682457771;"use bicg ir in the dense solver
"
llnl_hiop;8b8fb8cbcd94af4bff6746881a03ccfca9dac62f;Asher Mancinelli <asher.mancinelli@pnnl.gov>;1608658335;"added modules to build script
"
llnl_hiop;8b947e6ebc7d85e96bf678c829626c83f8a93a74;Cosmin G. Petra <petra1@llnl.gov>;1649867109;"updated Chol linear solver class to reuse functionality from base class(es)
"
llnl_hiop;8ba160f21c7890ee63c42e94d55f28bbe3d7d972;ryan.danehy@pnnl.gov <dane678@we45149.pnl.gov>;1692373574;"Slight bug fix
"
llnl_hiop;8ba8d9bcaebaa537e24b2a00890571e2ab94d104;Cosmin G Petra <petra1@llnl.gov>;1637353274;"replaced int* with hiopVectorInt in PriDec solver (#359)

* replaced int* with hiopVectorInt in PriDec solver

* added linspace method in the int vector

* fixed memory leaks

* RAJA implementations for copy_from_indexes and axpy

* fixed const cast

* guarded MPI specific code
"
llnl_hiop;8bc3f228bd18a93448c115169ef7390ed2e3c3de;nychiang <sorakid507@gmail.com>;1752560385;"split CI jobs to two pipelines

split to 2 pipelines
"
llnl_hiop;8be9208b61894820c15a66cdd75d31245ff8afbd;nychiang <sorakid507@gmail.com>;1737685652;"fix github action packages and commands
"
llnl_hiop;8bf7f80d16d5de809bf6d75997f4d7683c8f0b5a;Asher Mancinelli <asher.mancinelli@pnnl.gov>;1623423318;Merge branch 'develop' into hip-updates-dev
llnl_hiop;8bf815b144a3d7c8ce6e71250d8bdf211c1aa0a7;Chiang <chiang7@sephiroth.llnl.gov>;1627955137;"add user options
"
llnl_hiop;8c0c029e4333c3e5714db3eaf8450b30377c6103;Chiang <chiang7@llnl.gov>;1648527778;"fix pardiso and rename some classes
"
llnl_hiop;8c0e7b973bc91ff3c7363bba965b37c801790fbc;Nai-Yuan Chiang <chiang7@llnl.gov>;1733173144;"use clang-format in hiop to keep code style (#700)

* test 1

* test 2

* apply changes to all the files"
llnl_hiop;8c14e17fd24bba53f7a48fed026caa7b08ca0cfc;Alex Tyler Chapman <chapman39@llnl.gov>;1710356530;"Update cmake paths to use 'project' counterpart
"
llnl_hiop;8c290f83831a238c95ba3d748a1d6fee3cab04b6;kswirydo <kasia.swirydowicz@gmail.com>;1647650688;"cuSolverRf works with ex6, but not ex7. Some debug still left.
"
llnl_hiop;8c30e761c7bcd47e3de7df07bb63fa5762443ec6;nychiang <sorakid507@gmail.com>;1602097580;"add unit test; add opt obj for selfcheck
"
llnl_hiop;8c31f8658e3a062600028b49ae56b98788bfdbde;Cosmin G. Petra <petra1@llnl.gov>;1483555501;"added timer class (very basic implementation)
"
llnl_hiop;8c31fffbae5c2f1c961470e74c5ce3e8d2ca989c;Asher Mancinelli <asher.mancinelli@pnnl.gov>;1606856260;"Added initial compatibility document
"
llnl_hiop;8c3b0cdcf9562ebe276d7c279620dcbaa393ef08;Cosmin G. Petra <petra1@llnl.gov>;1625843718;"cosmetics
"
llnl_hiop;8c42850eb702882281e7802320ab8240996d9464;Cosmin G Petra <petra1@llnl.gov>;1586238268;"Merge pull request #9 from LLNL/steplen1

option for disabling the linesearch"
llnl_hiop;8c4871c21805fdbcd49273d8d589332d4ec6d969;Cosmin G Petra <petra1@llnl.gov>;1645241736;"updated KKT timing (#411)

Updated KKT timing to better record and display  Krylov-related solves
"
llnl_hiop;8c660fc4026bb81047e2f0b5530bfe93b3f489b0;Asher Mancinelli <ashermancinelli@gmail.com>;1634753978;"Update newellVariables
"
llnl_hiop;8c6f030f225c392f4b18c237f23cdc9adea3fec0;Cosmin G. Petra <petra1@llnl.gov>;1482537381;"nicer outputing
"
llnl_hiop;8c8283994e316fcbf76d6f9b6ad7648ddc91f37d;Asher Mancinelli <asher.mancinelli@pnnl.gov>;1607447045;"added note about docs to usermanual
"
llnl_hiop;8c89fd850b101a3d920f7fc6414ccf3880cdb361;George Chumbipuma <gc51@rice.edu>;1753804307;"Rename setRowToZero/setColToZero to set_row_to_zero/set_col_to_zero and implement these, plus shift_rows and shift_cols, in hiopMatrixDenseRowMajor
"
llnl_hiop;8cb2c1069df0fa9123638094581177513a0e5c02;nychiang <sorakid507@gmail.com>;1702932219;"dense matrix needs RAJA when GPU is used
"
llnl_hiop;8cb7b61e625fc420357ac4fd2cc201350d37570d;Slaven Peles <slaven.peles@pnnl.gov>;1587590546;"Merging updates from Cosmin's GitHub repo.
"
llnl_hiop;8cbac49690b8359399fec36cda86d02a6d0ece20;Cosmin G. Petra <petra1@llnl.gov>;1674685097;"finished raja vector
"
llnl_hiop;8cc07fe5459492f3138c8d36534ec7cef7b609c9;Frank Wang <wang125@llnl.gov>;1616779921;"update a few changes
"
llnl_hiop;8ceca9418a78b5403ef23b54d09e9e9471f90c01;Tucker Hartland <tucker.hartland@gmail.com>;1751998901;"towards using evaluator for multi-start opt
"
llnl_hiop;8cfc28d261727058200ffcdd07471f3d9595498e;Frank Wang <wang125@llnl.gov>;1637606378;"removing tabs
"
llnl_hiop;8cfcb325a0690db9f3b80d11d10ce8e990044ef4;Cosmin G Petra <petra1@llnl.gov>;1639781755;"cleaned NLP formulation base class
"
llnl_hiop;8d03c3b088b660c2265039005a978ade67116162;Cosmin G. Petra <petra1@llnl.gov>;1602524071;"updated user guide and added src files
"
llnl_hiop;8d0a0fdfd375c0a29438fe6be814d2b04c8736e2;Tucker Hartland <tucker.hartland@gmail.com>;1750008694;"updating version number
"
llnl_hiop;8d16e81b90561647c85220bc9acad82f3f6e876a;nychiang <sorakid507@gmail.com>;1677780698;"re-engineer the code
"
llnl_hiop;8d2fed023fea73f40e17c247f28e4d8695d31488;Nai-Yuan Chiang <chiang7@batch4.summit.olcf.ornl.gov>;1606167181;"remove unnecessary function
"
llnl_hiop;8d3bedeb8c69a39dd68166952a06157260c32c14;Cosmin G. Petra <petra1@llnl.gov>;1586977563;"staged NLP Formulation classes for one-call (full) Jacobian evaluation approach
"
llnl_hiop;8d521a60b060b9b0580175ba08ee82569240c57a;Cosmin Petra <petra1@llnl.gov>;1577127237;"small changes due to new MDS linear algebra
"
llnl_hiop;8d523cbbb40329d0e65aba7c66f7d3b99ca9b3c8;Asher Mancinelli <ashermancinelli@gmail.com>;1623949122;"Add missing pridecomp header in src/Opt
"
llnl_hiop;8d5cb23ad3db9936e03493a39a4ea96d87683101;Cosmin G. Petra <petra1@llnl.gov>;1643816826;"Merge branch 'develop' into csr-interface-dev
"
llnl_hiop;8d6d9f338bcee428f8d41fc14786c3149e37a96a;Nai-Yuan Chiang <chiang7@llnl.gov>;1650631763;"Copy an empty vector from the end of another vector (#454)

* fixed asserts

* add parenthesis to match the non-raja code"
llnl_hiop;8d6e9f3c4e7cec736d143abdcd8519fb86eb9ce7;nychiang <sorakid507@gmail.com>;1602895202;"re-route classes to check if a factorization is acceptable
"
llnl_hiop;8d71dcc904f152b31d5a6ff7d9ffd560aae6e5b0;Slaven Peles <slaven.peles@pnnl.gov>;1621559712;"Add some debugging code to RAJA vector (will be removed).
"
llnl_hiop;8d8c5b6d7c2f15183c9d9a3da1b9aea844146e7a;Asher Mancinelli <asher.mancinelli@pnnl.gov>;1624041298;"Update src/Drivers/nlpMDS_raja_ex4.cpp

Co-authored-by: pelesh <slaven.peles@pnnl.gov>"
llnl_hiop;8d900f84edf44a54a29e3df44f52742188565fb9;Cosmin G. Petra <petra1@llnl.gov>;1648746976;"added release notes
"
llnl_hiop;8daf688b9f744f8a03b1e42ddd62c7c8309dba9b;rothpc <rothpc@ornl.gov>;1684882083;"Develop.pcr (#613)

* Ensure contingency index sends are completed.

* Add debugging for contingency index NB comm ops.

* Add more debugging for NB comms.

* Ensure NB value sends are completed.

* Make NB communication debug asserts optional.

* Fix incorrect return type for contingency index value accessor."
llnl_hiop;8dbc6c28d89feed5d6f81493660dc7e18e669093;Cosmin G. Petra <petra1@llnl.gov>;1585074070;"added slice for general matrices
"
llnl_hiop;8dbf17c6174d41e11bd61445bdcf8254cb93c2f5;Cosmin Petra <petra1@llnl.gov>;1575679716;"build system and driver works with and without GPU
"
llnl_hiop;8dce1b38308341ffb1a534a922713a6d7d87c62c;Nicholson Koukpaizan <koukpaizannk@ornl.gov>;1663867282;"Up-to-date build script for Summit
"
llnl_hiop;8dd93aeac486690b67214ecaa8834777c8775e5e;Tucker Hartland <tucker.hartland@gmail.com>;1752250183;"beginning work on hiopbbpy/mpi CI
"
llnl_hiop;8df341d4b42595edd5bf7e5aef7fc57ffec633d4;Asher Mancinelli <ashermancinelli@gmail.com>;1634757629;"update ascent variables
"
llnl_hiop;8e195fdc8543be9fbbc5a39a7911f2cd7b1c724c;Fritz Goebel <fritz.goebel@kit.edu>;1647849914;"Address review comments
"
llnl_hiop;8e315159c524b89b9d334112051241d5ba37ad49;Chiang <chiang7@sephiroth.llnl.gov>;1621377299;"fix Raja function
"
llnl_hiop;8e36d339783991394def4a5f89913449cef54862;Cosmin G Petra <petra1@llnl.gov>;1629137682;license stuff
llnl_hiop;8e52f12d3fa4643c0507ac42fac078e47bfe6000;Nai-Yuan Chiang <chiang7@login1.ascent.olcf.ornl.gov>;1623297289;"temp fix RAJA --- use host
"
llnl_hiop;8e61bbd87f8d6ae21cb7b2161834d24dd5c5a25b;Cosmin Petra <petra1@llnl.gov>;1619474489;"CI scripts clean up

removed HIOP_USE_UMPIRE and replaced ENABLE_TESTING with HIOP_WITH_MAKETEST and HIOP_WITH_VALGRIND_TESTS
"
llnl_hiop;8e71f46d805acc7556f69a3d90c4b38eb40ecb20;Cosmin G Petra <petra1@llnl.gov>;1743172001;"SOC
"
llnl_hiop;8e789731cb3441a39030357a36c815f6cebe114a;Nai-Yuan Chiang <chiang7@llnl.gov>;1696005730;Update quartzVariables.sh
llnl_hiop;8e836dcb950cda62b70e030cb5a0147b6601a708;Juraj Kardos <juraj.kardos@usi.ch>;1565039609;"improved error reporting, returning the solution
"
llnl_hiop;8e88cd5728b76f877011a44add633918787523e7;Cosmin G Petra <petra1@llnl.gov>;1753912903;"finished addressing maybe_unused
"
llnl_hiop;8eaf09deb4b700b2359540dea4ac2219c48fe35f;Cosmin G Petra <petra1@llnl.gov>;1707516340;bumped version in cmake
llnl_hiop;8f103da61294f740607ee9a2bac58d8909f0d05d;Tom Epperly <epperly2@llnl.gov>;1690388967;"Remove unused private data members, resolve overridden virtual functions
"
llnl_hiop;8f540b7651a74131d87357f955ae1bba678c0ba4;Nai-Yuan Chiang <sorakid507@gmail.com>;1670753270;"fix
"
llnl_hiop;8f558588a58a8ebc1c70a9f079f9e0e2e0f62bd7;Asher Mancinelli <asher.mancinelli@pnnl.gov>;1635523702;"started fork for hybrid solver
"
llnl_hiop;8f644f6dfe444549c9804fdf58bf983cae96c62d;Cosmin G Petra <petra1@llnl.gov>;1739398891;"changed option description
"
llnl_hiop;8f8d149a3976e62fbfac3f01df147d945c130267;Cosmin Petra <petra1@llnl.gov>;1609176014;"updated magma 2.5.4 CI configuration

was lost in a merge
"
llnl_hiop;8f8d9f2a317a2962f817c74b9aa98cef45d00890;Cosmin G Petra <petra1@llnl.gov>;1586237835;updated readme with info on nlp interfaces
llnl_hiop;8f99804fb4d5c2fae8eec209108673616faa6f93;Nai-Yuan Chiang <chiang7@llnl.gov>;1653574423;"avoid copying zero-length vector in umpire (#482)

Co-authored-by: Nai-Yuan Chiang <chiang7@login1.ascent.olcf.ornl.gov>"
llnl_hiop;8f9d8cdac61bde9a4c283a3d0aac3b892d649422;nychiang <sorakid507@gmail.com>;1682118315;"rebuild modules on quartz
"
llnl_hiop;8fa62e9d89710d1c1f2840668ec98b685a644c4c;Frank Wang <wang125@llnl.gov>;1655403953;"fixing no mpi compile
"
llnl_hiop;8fbfe344418c1db3b7b2f1bb625a0490cac4a435;nychiang <sorakid507@gmail.com>;1654818079;"correct scripts
"
llnl_hiop;8fc29d3f352ddc514a1bb43f96aeab49bf8f80b4;Nai-Yuan Chiang <chiang7@login1.summit.olcf.ornl.gov>;1613188918;"fix raja implementation
"
llnl_hiop;8fd98011d1322afed8592f2e97f3c9bd8b5cf83a;Frank Wang <wang125@llnl.gov>;1615527169;"update example files
"
llnl_hiop;8fdc9152969c7587c584551ae21186af93e2287a;Cosmin G. Petra <petra1@llnl.gov>;1508952959;"refactorized the algorithm class
"
llnl_hiop;8fe153508416ba7f74f62d5e968c3ea69ae1d193;Cosmin G. Petra <petra1@llnl.gov>;1677772651;"fixing dependent name
"
llnl_hiop;8ffc0d6c197b23701a3c8f8d067abe21a6cd827e;Jingyi Wang <wang125@lassen709.coral.llnl.gov>;1604422153;"adding simple parallelization to Ex8
"
llnl_hiop;9013ac304f54d00905f8caf14d0859674a94da13;Cosmin G. Petra <petra1@llnl.gov>;1503706355;"Merge branch 'master' of https://mybitbucket.llnl.gov/scm/hiop/hiop
"
llnl_hiop;902267b4ebe18d4d8073869fe9a1fc99a72015a3;Cosmin G. Petra <petra1@llnl.gov>;1636408980;"replaced int* with hiopVectorInt in PriDec solver

added linspace method in the int vector
"
llnl_hiop;902f2d00736009f0387bcd84ca5a20f9958f1aec;Slaven Peles <peless@ornl.gov>;1684351585;"Add setup_factorization method.
"
llnl_hiop;904382f21c2d38d421c8b4289e0e5e034d194930;Peles, Slaven <slaven.peles@pnnl.gov>;1584045772;"Merge branch 'dev/ut-mpi' into 'dev/unit_tests'

Merging Asher's kernels into unit tests development branch

See merge request exasgd/solvers/hiop!5"
llnl_hiop;904f5bb393f1b81e4f4f305daeea1ff7f006dd79;Chiang <chiang7@sephiroth.llnl.gov>;1624483554;"remove compiler warnings
"
llnl_hiop;90595330c4b7b18fe954fd6d76c044d53b5004df;Cameron Rutherford <robert.rutherford@pnnl.gov>;1677821310;Use spack environment
llnl_hiop;906c95e4c19d4c0bf299a96f3ead9f9fea4bf33d;Cosmin G. Petra <petra1@llnl.gov>;1657554982;"fixed logic in MDS safe mode switching
"
llnl_hiop;90738ab47cf13bc532098fbf1445c456098cf580;Tucker Hartland <tucker.hartland@gmail.com>;1752594317;"adding sys import
"
llnl_hiop;9085cc997a8c0ef1f77979a2c4b320ff33ce04fa;Jingyi Wang <wang125@lassen708.coral.llnl.gov>;1610047380;"Merge branch 'pridecomp-dev' of https://github.com/LLNL/hiop into pridecomp-dev
"
llnl_hiop;909751e5c449a823d45f765d57985c8246ae3476;Cosmin G. Petra <petra1@llnl.gov>;1509064192;"residuals computed in the H norm
"
llnl_hiop;90a0dc5d39a8bd2d444704bd014089681cbc0482;Asher Mancinelli <asher.mancinelli@pnnl.gov>;1583298244;"tests for most basic L1 and L2 norms
"
llnl_hiop;90a2b013bc6fd66d89613c696883c46e8f923921;Cosmin G. Petra <petra1@llnl.gov>;1662154710;"removed unnecessary const from some testing methods
"
llnl_hiop;90b31d0c5229e206004d47d10430113ecfe8719e;Cosmin G. Petra <petra1@llnl.gov>;1623177808;"propagated index_type and size_type
"
llnl_hiop;90b85657d8e3e8ffee4003fb05ee2852b416b5ea;Cosmin Petra <petra1@llnl.gov>;1598489611;"inertial correction via Magma's dsidi
"
llnl_hiop;90b96ce8046865512a82a6813e4afdf30b874274;Slaven Peles <slaven.peles@pnnl.gov>;1608323244;"Replacing #elif with #else as it should be.
"
llnl_hiop;90ba550650bb61489f6ffe4a24833dba10d5fc5e;Cosmin G. Petra <petra1@llnl.gov>;1602191733;"updated ex5 and multisolve

- ex5 default testing (""selfcheck"") behavior was simplified to decrease the number of false negatives
- multisolve: only comsetic changes
"
llnl_hiop;9112a32703d623cfbaeee6b89a494c34b69d7f4d;Nai-Yuan Chiang <chiang7@llnl.gov>;1676058224;"Update the comments in `hiopVector` classes (#592)

* add comments

"
llnl_hiop;91174071b202baedfd402a2c76b2003241aca559;Cosmin G. Petra <petra1@llnl.gov>;1494370458;"Fixed bug related to missing updates for the slacks and duals direction. Also fixed ""-Wpedantic"" warnings.
"
llnl_hiop;911c2a84689fe086e5c5b3dc64498f6943d5cf0a;Nai-Yuan Chiang <chiang7@llnl.gov>;1637353353;"evaluate functions after adjust primal variables (#365)

"
llnl_hiop;9127ec75d447bf8201bc569d9a9907afd63c9d05;Cosmin G. Petra <petra1@llnl.gov>;1674771254;"vector int copy to/from seq implementation
"
llnl_hiop;916758172fa638ca1762e0b15a857e460c50ac04;Frank Wang <wang125@llnl.gov>;1621981996;"addressing some issues raised in the review
"
llnl_hiop;91741f8114cd485fe729a6cbc2477f28b51b7c06;Chiang <chiang7@sephiroth.llnl.gov>;1624401853;"add RAJA copySubMatrixFromTrans and unit test
"
llnl_hiop;9192bae59e05b480d7c54f1d76c7f610915083e8;Cosmin G. Petra <petra1@llnl.gov>;1643744847;"update of the CSR host matrix class
"
llnl_hiop;919cb4140bdbe16d3ec10620b4500d890b1fb235;nychiang <sorakid507@gmail.com>;1653695466;"add hs071 example
"
llnl_hiop;91a4abad35e708bd50a57bc4c3b5556d27cbf49a;nychiang <sorakid507@gmail.com>;1741671127;"update url
"
llnl_hiop;91a4e45855e75c6231584d947bc4535f6221259d;nychiang <sorakid507@gmail.com>;1675735670;"remove redundant items
"
llnl_hiop;91b3cfb2594ab4617c486c1089a3134f324f61b2;Asher Mancinelli <asher.mancinelli@pnnl.gov>;1593190370;"Merge branch 'master' of github.com:LLNL/hiop into remove-erroneous-header-fix
"
llnl_hiop;91bb017f6ed43976bdcbff22edfcabbe912d88c3;Asher Mancinelli <asher.mancinelli@pnnl.gov>;1586472212;"adding type aliasing for local/global ordinal types and real types
"
llnl_hiop;91c22674f12fc00eb24be0261f7da4783726d953;Chiang <chiang7@sephiroth.llnl.gov>;1622094138;"fix RAJA code
"
llnl_hiop;91d21085a1149eacdb27cd738d4a74a7e412fcff;Cosmin G Petra <petra1@llnl.gov>;1617215405;"Release 0.4 - merge develop in master

The salient features of this comprehensive release are

 - Development of a sparse NLP solver and associated sparse NLP interface
 - Update of the mixed dense-sparse NLP solver to support full GPU compute mode
 - Unit testing and documentation were expanded and consolidated
 - Added partial support for device/GPU computations for the linear algebra of sparse NLPs
 - Second-order corrections to the full-Newton search directions
 - Support for the relaxing and adjustment of variables and constraints bounds
 - Implemented gradient-based scaling of the problem
 - Least-squares initialization and computation of the duals
 - Support for inertia computation and regularization for KKT linearizations systems"
llnl_hiop;91df32154424c9f076a10b752dc1fb6448cf498d;nychiang <sorakid507@gmail.com>;1654743958;"fix raja code
"
llnl_hiop;91e06ade8d3fcedb7539a0ad14d780ac8ae53271;nychiang <sorakid507@gmail.com>;1706768195;"update ci modules
"
llnl_hiop;91e183c3a65249543f0b1bbba1ab122ac03aaa29;Asher Mancinelli <asher.mancinelli@pnnl.gov>;1635532521;"Creating different driver
"
llnl_hiop;91eee0abd08be98bb2dfad30e72a44617b312c7f;Jingyi Wang <wang125@lassen709.coral.llnl.gov>;1606858611;"update Interface
"
llnl_hiop;91f7cd0e4a8f2ad215e80fa65d2d15ba4b473383;nychiang <sorakid507@gmail.com>;1654565334;"memory leak?
"
llnl_hiop;920af71c20b4481ad469529232a53f3cd11718f1;nychiang <sorakid507@gmail.com>;1634244334;"use new version of magma
"
llnl_hiop;9211bda424153b9315707448ea8865b8cec481d7;Cosmin G Petra <petra1@llnl.gov>;1614794578;"Styleguide updates (#194)

* updated coding styleguide

* Expand descriptions of style guidelines. (#185)

* Expand descriptions of style guidelines.

* changed guide on aligning else statements

* Updated style guidelines

- Make the rest of the guidelines consistent with Cosmin's `else` positioning update.
- Moved naming conventions ahead of the declarations guidelines.

Co-authored-by: Cosmin G. Petra <petra1@llnl.gov>

Co-authored-by: pelesh <slaven.peles@pnnl.gov>"
llnl_hiop;923ecf6fd777f0b4d39c972df597dfa41db3307d;Cosmin G. Petra <petra1@llnl.gov>;1637359276;"rescaled obj

internal obj is rescaled before is being sent to user callbacks
"
llnl_hiop;924c24d24098289846e4b3a496fb8676308c0c5a;Cosmin G. Petra <petra1@llnl.gov>;1639590822;"[[sync]]
"
llnl_hiop;924c89392f5113a69cb3f61a67379d83a35e5d7d;Tucker Hartland <tucker.hartland@gmail.com>;1756396393;"cleaner way to define LpNormProblem
"
llnl_hiop;92526ec544909ffeed7ab73d306121538082e1a6;Cosmin G. Petra <petra1@llnl.gov>;1673379940;"fixed build errors
"
llnl_hiop;925f5d792a2f66e0b5afe81eafa166ae133d4f78;Cosmin G Petra <petra1@llnl.gov>;1642787529;"Iterative refinement for condensed linsys  (#395)

* modified the tolerances as required by ill-conditioned matrices

* improved logging and outputing

* added iterative refinement for condensed linsys via Krylov"
llnl_hiop;927d8eca5c2cdc88a64a2606d4a3133d6a5156ac;ryan.danehy@pnnl.gov <dane678@we45149.pnl.gov>;1691537009;"Attempt 3 at Getting pipeline status to show up
"
llnl_hiop;9288b64399b3c6adfee6c579765e4c166faad2ca;nychiang <sorakid507@gmail.com>;1601752600;"redirect the classes. to use same code for IC
"
llnl_hiop;92a03ea6947c2e7cca613baaf3e4d89f4e96c8b0;Cosmin G. Petra <petra1@llnl.gov>;1562963947;"sketch of the nlp adapter needed by the AugLagr solver
"
llnl_hiop;92b42ea92bfa4c883b69eae7722165ca3d8a2719;Nai-Yuan Chiang <chiang7@llnl.gov>;1607445704;"Fix bugs in the full KKT linear system (#144)

* fix bugs in convertToCSR in sparse matrix used by STRUMPACK

* set METIS to NodeNDP
"
llnl_hiop;92cd7ab018a22a4bdcaf7d80b05c5418eb2c0b4e;kswirydo <kasia.swirydowicz@gmail.com>;1647548667;"works but opt solver fails; caution: messy
"
llnl_hiop;92f1510d349c4e136871dd3b2d9572da3627d798;Cosmin G. Petra <petra1@llnl.gov>;1622482285;"cosmetics: alignment and code styling
"
llnl_hiop;92f481873ecb3c1c12d772a32ebffca1d6a06e27;kswirydo <kasia.swirydowicz@gmail.com>;1653709509;"CUSOLVER class cleanup and reorganization
"
llnl_hiop;9319539d203831e609b2a9d8811baf94b3ca346e;Fritz Goebel <fritz.goebel@kit.edu>;1663862814;"Enable CUDA build without RAJA
"
llnl_hiop;931ab57b43b59c45b723321fd2244fd96c329721;Nai-Yuan Chiang <chiang7@llnl.gov>;1637353353;"evaluate functions after adjust primal variables (#365)

"
llnl_hiop;932748e2990554dbdd9707b094fde91c416b7d22;Rutherford, Cameron <robert.rutherford@pnnl.gov>;1678142341;"Add debugging
"
llnl_hiop;932774825216aba11dfc932f3ef64bdea957627e;Cosmin Petra <petra1@llnl.gov>;1582575221;"updated build system

to install additional headers and to work properly with and without KRON
"
llnl_hiop;933460f425941421d39ed4cf303adb2111698df1;Juraj Kardos <juraj.kardos@usi.ch>;1565131679;"changing sparse matrix interface - merging A'A + B operation into a single function
"
llnl_hiop;93437c672580741c53085252b678574b82e62eba;Nai-Yuan Chiang <chiang7@llnl.gov>;1619741705;"fix scaling
"
llnl_hiop;934c423b85242a0689d83e398b926ee6bc3409a9;Tucker Hartland <tucker.hartland@gmail.com>;1752679341;"renaming MPIEvaluatorCI to EvaluatorCI since (for now) the file does not explicitly test an MPI evaluator
"
llnl_hiop;934d4f059c8308d6ea98607f615353b54e755908;Chiang <chiang7@sephiroth.llnl.gov>;1623223691;"create branch
"
llnl_hiop;9379e9db830d39bfbb65097af5216d40f699f5a6;Cosmin G. Petra <petra1@llnl.gov>;1641242804;"added support for time_kkt options in the LSQ sparse calculation of multipliers
"
llnl_hiop;93930eb82b05ef53ae263914ce2959d2104ac128;Cosmin Petra <petra1@llnl.gov>;1574463196;"refactorized/implemented LinSysCompressed into LinSysCompressedXYcYd and LinSysCompressedXDYcYD
"
llnl_hiop;93976a8d64b3a1e313073940bc0f1ed5cd43cb25;Cosmin G. Petra <petra1@llnl.gov>;1631248722;"updated user manual, code documentation, and code style
"
llnl_hiop;93a3c4c0b896d52667a511e84bedebbfa703e74c;nychiang <sorakid507@gmail.com>;1661549744;"add short version to option::print
"
llnl_hiop;93ab0435c023080a8c063977995a99e4982e4f9a;Cosmin G. Petra <petra1@llnl.gov>;1605719432;"disabled public access to double pointer in hiopMatrixDense

 - data_local() method replaces all other data accessors
 - extensive pointer arithmetic changes in the low-rank Hessian approximation class as it was intimately connected with the internals of MatrixDenseRowMajor for performance considerations
 - get_M() is now protected
"
llnl_hiop;93c5e2a425cc5c6fbc8e3fdabf36419705a4e043;Asher Mancinelli <ashermancinelli@gmail.com>;1643160806;"Fix lambda captures in pridec ex9
"
llnl_hiop;93f83512f45401557129369e7351675723bd81d4;Nai-Yuan Chiang <chiang7@llnl.gov>;1636409292;"add CI example for pardiso linear solver (#352)

Co-authored-by: Chiang <chiang7@sephiroth.llnl.gov>"
llnl_hiop;93fd408aed09556648ff299d4e1fbe328187d9d7;Asher Mancinelli <asher.mancinelli@pnnl.gov>;1591386026;"removing incorrectly linked warnings and options
"
llnl_hiop;9420e3cd17703a08a22f760ae97bc54e20803ec0;rcrutherford <robert.rutherford@pnnl.gov>;1621457215;"Installing hiopLinAlgFactory.hpp
"
llnl_hiop;9434a5e8a28b9a6df47c550de86503b2462bc240;Nai-Yuan Chiang <chiang7@llnl.gov>;1661268450;" Update normal equation developments with the new CSR API  (#520)

* use the latest csr development

* fix csr cuda issue

* address C's comments"
llnl_hiop;943805d699a93f7f9579ea4175f82220a3b88d4f;Chiang <chiang7@sephiroth.llnl.gov>;1622092897;"add unit test and fix RAJA code

fix RAJA code
"
llnl_hiop;943bade94ff52bf6091a93fbfd831844e45459c4;Cosmin G. Petra <petra1@llnl.gov>;1563316894;"matrices for net12
"
llnl_hiop;943e9385135d6e5367ba192e2d5ce7a2714411c7;pelesh <slaven.peles@pnnl.gov>;1624933330;Added missing backquotes to format README_developer.md correctly.
llnl_hiop;943fad79729f9d9dc9d64e61d6da3b6105f9cea5;Asher Mancinelli <asher.mancinelli@pnnl.gov>;1616109104;"Use correct license name
"
llnl_hiop;945209b32ea22637ef4fe1c10c5130f9b6c206ab;Slaven Peles <peless@ornl.gov>;1687911396;"Rename files containing interface to ReSolve.
"
llnl_hiop;946007648463e6147c5afef74e652b67da63d23f;Cosmin G. Petra <petra1@llnl.gov>;1513565168;"Copyright info in the Optimization directory
"
llnl_hiop;947386abda07117a49c414d5c722b0301050f925;Cosmin G. Petra <petra1@llnl.gov>;1536956865;"made get_M public
"
llnl_hiop;9483262e0097be8668bdb595f5d7e00a1e327cb2;Cosmin G. Petra <petra1@llnl.gov>;1482442082;"a couple of smalish bugs
"
llnl_hiop;949f67fe599430df3fbd7a3e652cb4b3516e6542;nychiang <sorakid507@gmail.com>;1655329368;"mpi/gpu ci test on lassen
"
llnl_hiop;94a024c33bc5ce318d9587d1bc529bb16f7c1ef9;Asher Mancinelli <asher.mancinelli@pnnl.gov>;1607034219;"adding doxygen template
"
llnl_hiop;94a23758e9fbba3b8c82b87fc3e01f51211c72f2;Slaven Peles <peless@ornl.gov>;1684548293;"Separate ReSolve solver from hiopLinSolverSparseCUSOLVER class.
"
llnl_hiop;94ba24f5e9ca9735ed4e9ad82d957e4b0f49fb71;Cosmin G. Petra <petra1@llnl.gov>;1592855839;"updated ex4 to include an example of primal-dual warm-start
"
llnl_hiop;94d412a7f9f7130d94c84ee6216bf2b972966081;Cosmin G. Petra <petra1@llnl.gov>;1666895233;"Merge branch 'develop' into hwbackends_memory_dev
"
llnl_hiop;95014bf9370cbb5e611ba3234e9f945b67267d93;nychiang <sorakid507@gmail.com>;1755924546;"address comments
"
llnl_hiop;953e6307cb2350a54dc52a0968b9093465c27c10;Jingyi Wang <wang125@lassen708.coral.llnl.gov>;1610432088;"fixing bugs
"
llnl_hiop;9544bdf1b36d5f60a30cf4241b26c2d50e18d3be;nychiang <sorakid507@gmail.com>;1616796587;"minor fix
"
llnl_hiop;9549be14a17a34a7a4dc05766d64cd252e22d197;Chiang <chiang7@sephiroth.llnl.gov>;1623726617;"add 2 functions and their corresponding unit tests
"
llnl_hiop;955b2e55b3f9200b2b78a8b23edba92fb7c9a5d9;Juraj Kardos <juraj.kardos@usi.ch>;1565647968;"adding bound multipliers to the gradient during the error evaluation
"
llnl_hiop;9561be1845a04942308f187312fa90a57c34a1c5;Cosmin G. Petra <petra1@llnl.gov>;1536956814;"added options for fixed variables
"
llnl_hiop;956a4df801bde16c654ab1601b930edd26e5d30b;Cosmin G. Petra <petra1@llnl.gov>;1482972169;"example 2 is now feasible for arbitrary large problem size
"
llnl_hiop;959d02304d21e088b6735e77e6ef888cea33fa49;Chiang <chiang7@sephiroth.llnl.gov>;1624658379;"add RAJA setSubmatrixToConstantDiag_w_rowpattern and setSubmatrixToConstantDiag_w_colpattern
"
llnl_hiop;95a9c3c2db7a81f6a614767bc3beeabdd16f29b7;Chiang <chiang7@sephiroth.llnl.gov>;1622094138;"fix RAJA code
"
llnl_hiop;95b8319f7292b29b06e46dad57538965c1cc6e23;Cosmin G. Petra <petra1@llnl.gov>;1588911798;"finished implementation of the PD inertia correction perturbation
"
llnl_hiop;95bc20999f523d86a1b510933ca32e19f896bfda;Juraj Kardos <juraj.kardos@usi.ch>;1564446617;"testing sparse mtx, adding safety asserts
"
llnl_hiop;95c0c6f3973a9627e5d839c1326573eba25c059a;Tucker Hartland <tucker.hartland@gmail.com>;1759255084;"manually adding in boalgorithm from develop
"
llnl_hiop;95d11938a5d652bb9ffbbdfa397cc0b0205a9fed;Cosmin G Petra <petra1@llnl.gov>;1495033582;"Added a driver for bechmarking/measuring network performance
"
llnl_hiop;95e069e60c0a389af1ea92bbe4d29273955a6a0e;Nai-Yuan Chiang <chiang7@llnl.gov>;1656015017;"update bank info (#504)

"
llnl_hiop;95e7d4b5f50ea19ae708d856b5d0aaa39497f5e8;Cosmin G. Petra <petra1@llnl.gov>;1652201610;"add cusolver-chol to consistence checking logic
"
llnl_hiop;961987280371c62ff1d78955fd15ef1c3cdf8fac;Cosmin G Petra <petra1@llnl.gov>;1522356270;"cmakefile lists update for vulcan BG/Q
"
llnl_hiop;966382958717d7b1150d605278c9c6ddaa9e28aa;Cosmin G Petra <petra1@llnl.gov>;1743378426;"rename to VectorSpace
"
llnl_hiop;966b482650a8f784772066bac10157619d40db52;Asher Mancinelli <ashermancinelli@gmail.com>;1651609553;"Add marianas ci env
"
llnl_hiop;96815a1295d4ce1c65b09624cd23160e30bebfe4;Nai-Yuan Chiang <chiang7@login1.ascent.olcf.ornl.gov>;1623298217;"test 1
"
llnl_hiop;9684cfcf5698b9dad84007dbd3079031045ac7a0;Michel Schanen <mschanen@anl.gov>;1589478869;"-fPIC on entire project
"
llnl_hiop;96970436696c97aeb9bc464c073aa6f2f892affa;Asher Mancinelli <asher.mancinelli@pnnl.gov>;1613059051;"linking against cmake hip targets
"
llnl_hiop;96a4704aa0ae0a270b72506bb1d08e6d67f50c63;Juraj Kardos <juraj.kardos@usi.ch>;1564440240;"fixing signature mismatch for the initial guess, initializing slacks by zero
"
llnl_hiop;96c25eba314f66de279a278d24e5a8b4b41bf0d1;Tucker Hartland <tucker.hartland@gmail.com>;1752073815;"pulling the main script out of utils/evaluation_manager.py and including it as a CI script. Work needs to be done on MPIEvaluationManagerCI to make it CI ready
"
llnl_hiop;96f21591e2cbe5cc0c9fa4a257b6e00645e8058c;Cosmin G. Petra <petra1@llnl.gov>;1628205894;"clean up
"
llnl_hiop;96f793f6311c0950bc9e360e4a78f8c3d8a5942e;Nai-Yuan Chiang <chiang7@login1.ascent.olcf.ornl.gov>;1623300543;"test 1
"
llnl_hiop;96f88e60a62c035718ef2a28e6dd6b19d12a1e85;Michel Schanen <mschanen@anl.gov>;1589408260;"example fixed and C interface test added.
"
llnl_hiop;96fccff60acc185900664ceb2927ed98e3dc80d0;nychiang <sorakid507@gmail.com>;1648787844;"add method to symmetrize a dense matrix
"
llnl_hiop;9702a25d0df10c5aacac0ab07ac34c1816b050aa;Fritz Goebel <fritz.goebel@kit.edu>;1673620695;"Add choice for triangular solver implementation for Ginkgo, remove iterative refinement inside Ginkgo integration
"
llnl_hiop;9703784a4b7bbe34367c6a167e626e9a1f633b8b;Cosmin Petra <petra1@llnl.gov>;1583364378;Updated plan.md
llnl_hiop;970900d1751fb2103518efd0aacdd2716e617535;Cosmin G. Petra <petra1@llnl.gov>;1509390350;"H operator enabled throughout the entire code stack
"
llnl_hiop;971766169b49f047cfc43c43705f8c7a72fdb459;nychiang <sorakid507@gmail.com>;1752264587;"create branch
"
llnl_hiop;972a29c7f1fa3ec0e933c87b31136ff9505b719b;Tucker Hartland <tucker.hartland@gmail.com>;1756487373;"updates following review from NY
"
llnl_hiop;972e45b0e85dc0d54ebf0ddb3dc1f0bac0a04231;Cosmin G. Petra <petra1@llnl.gov>;1618627214;"updated strumpack solver class options and documentation
"
llnl_hiop;97402ba21d87b3271207fce632535469e1a16271;Cosmin G Petra <petra1@llnl.gov>;1739300564;removed outdated GPU instructions
llnl_hiop;97561ca7f513ddd107f4ebd9b16fb803bb574e85;nychiang <sorakid507@gmail.com>;1604012905;"add support for STRUMPACK
"
llnl_hiop;9773cbb5c6f8ec572de49958faa3bdac6d2b9527;Nai-Yuan Chiang <chiang7@llnl.gov>;1648135543;"Iterative refinement from the full KKT system (#422)

* generalize IR for compressed system

* add support to raja functions

Co-authored-by: Chiang <chiang7@sephiroth.llnl.gov>
Co-authored-by: Nai-Yuan Chiang <chiang7@login1.ascent.olcf.ornl.gov>"
llnl_hiop;977e479cad334e48fefcabdcd211622c0a1c0b9b;Slaven Peles <peless@ornl.gov>;1652307567;"Disable failing Ginkgo test temporarily.
"
llnl_hiop;977eaf541afdc5a74242835858d847e908f0454c;Chiang <chiang7@sephiroth.llnl.gov>;1646773552;"always accept IR steps
"
llnl_hiop;978352b0e93a973b1ecae001d00b720ff25a8c11;nychiang <sorakid507@gmail.com>;1669290204;"re-eginineer
"
llnl_hiop;97d22f7100e852bce37c2aaa21fbb1b76d3ab2e6;rcrutherford <robert.rutherford@pnnl.gov>;1631252953;"Removing unecessary comment.
"
llnl_hiop;980844cf5b218913a85440bea9ab95be99b5e2ac;Nai-Yuan Chiang <chiang7@llnl.gov>;1691425831;"Add more options to control NLP scaling (#649)

* add more options to control NLP scaling

* Update solver_options.tex

* rephrase the description

* rephrase the description

---------

Co-authored-by: Cosmin G Petra <petra1@llnl.gov>"
llnl_hiop;9809e7fc3b782bfae91c2145415712ca8e926c3d;Cosmin G. Petra <petra1@llnl.gov>;1537306964;"added fixed_var_tolerance and fixed_var_perturb options
"
llnl_hiop;9822ec32cfa4211a6e432287d5b1566ae99cb2af;Cosmin G. Petra <petra1@llnl.gov>;1652451948;"tweeked order of add diagonals
"
llnl_hiop;9834e270d4fc4d95dce530281d0d32167f571522;kswirydo <kasia.swirydowicz@gmail.com>;1657732806;Fixing typos in hiopOptions
llnl_hiop;983bfbc5f9de0bb00456f14745d4e736a36b2737;Asher Mancinelli <asher.mancinelli@pnnl.gov>;1638487903;"Update xsdk policy compliance document (#373)

* Update xsdk policy compliance document

* added CHANGELOG file

* Update hiop-policy-compatibility.md


Co-authored-by: Cosmin G. Petra <petra1@llnl.gov>"
llnl_hiop;987b28a3817970e0fb922e822ad12f99429a7755;Slaven Peles <peless@ornl.gov>;1654056956;"Add cusolver-lu options
"
llnl_hiop;98804f2fe3b3541d9eef1b5d9f04f9be5b37df0c;Cosmin G. Petra <petra1@llnl.gov>;1655160344;" sparse gemm/multiply

symbolic matrix multiplication cuda

matrix numerical multiplication cuda

numeric sparse gemm csr cuda implementation
"
llnl_hiop;988401ec38398550026aafc7eec5c64051ee6190;Cosmin G Petra <petra1@llnl.gov>;1524501808;"fixed bug: nan occured because of missing intialization of a vector

also added support for isfinite in the matrix class and a couple of asserts to check for nan and inf in various vectors and matrices inside the code
"
llnl_hiop;989b54bc4f5c28a928be3bdc06f39b6cfaa25042;Cosmin G. Petra <petra1@llnl.gov>;1536186561;"fixed an uninitialized warning message from valgrind
"
llnl_hiop;989d5078a258610d1f92464c1757bd3a3ef711a6;Chiang <chiang7@sephiroth.llnl.gov>;1642031125;"remove useless comments
"
llnl_hiop;98d131637383fbab941e492ceb9e18bec25393aa;Cosmin G. Petra <petra1@llnl.gov>;1611366237;"delegated some allocs from LinearAlgebraFactory to (abstract) NlpFormulation
"
llnl_hiop;98d6cb8ddcba7fe744d2f18079ae87bcccf71466;Nai-Yuan Chiang <chiang7@llnl.gov>;1646849076;"add sparse example 10 (#419)

Co-authored-by: Chiang <chiang7@sephiroth.llnl.gov>"
llnl_hiop;990a8a50657a69a92087830e128414ce65a260b3;nychiang <sorakid507@gmail.com>;1614405297;"a small convex example that requires restoration phase
"
llnl_hiop;9918cf0a7a21e01e971a6b6a1819764ab9de0b99;Cosmin G. Petra <petra1@llnl.gov>;1586803640;"cosmetic

rephrased a (lengthy) comment in the header
"
llnl_hiop;991df76de1a21733252ed6c52413c67b32c6b967;Juraj Kardos <juraj.kardos@usi.ch>;1565649413;"generalizing residual
"
llnl_hiop;992c7bb9824e3b034cf6b2501ae1da52c71054f0;Chiang <chiang7@sephiroth.llnl.gov>;1621629493;"draft
"
llnl_hiop;99348ed7f5007959d93f7a3d4f67d0a69ea9d48b;Cosmin G. Petra <petra1@llnl.gov>;1537975667;"fixed a couple of warnings from clang with sanitize
"
llnl_hiop;99400a5c27cb7978616e4c4fb8806e3eeb25d7f4;Cosmin G Petra <petra1@llnl.gov>;1646245418;Update CHANGELOG.md
llnl_hiop;9944d119f3a50c6df5cc56186039a22f5c03c249;Nai-Yuan Chiang <sorakid507@gmail.com>;1670638935;"address P's comments
"
llnl_hiop;994f748c09991503d12513b108f7021d265c33da;nychiang <sorakid507@gmail.com>;1677221013;"minor changes
"
llnl_hiop;9964e543cc6903bfca4194c8fa291973b06a8d94;Cosmin G. Petra <petra1@llnl.gov>;1587057802;"added (deep)checks for input sparse matrix in copyRowsFrom
"
llnl_hiop;997c9a4ad54a58a800fa857749440a7f0826ce21;Asher Mancinelli <asher.mancinelli@pnnl.gov>;1583203251;"adding test for selectPattern
"
llnl_hiop;9981e58174d19d9b41d37887d753ceb7f0c1d538;Tucker Hartland <tucker.hartland@gmail.com>;1756863488;"refactoring a bit. more logical to me
"
llnl_hiop;999d9389027f5e900b73df824dd714c06b373018;Cosmin Petra <petra1@llnl.gov>;1583172440;"fixed a bug in size getters
"
llnl_hiop;99aa53ab719bfa435751feeb0e5ae324929ab667;pelesh <slaven.peles@pnnl.gov>;1597626596;"Fix build issues. (#69)

"
llnl_hiop;99ab981b24064cbbe61e0a444c231dc950c09c09;nychiang <sorakid507@gmail.com>;1733946740;"Adding BLT
"
llnl_hiop;99d1d7b2750a4fb978c380c990fc47a658d32da4;Cosmin G Petra <petra1@llnl.gov>;1678593799;"Instrumentation of RAJA sparse matrix class with execution spaces (#589)

* instrumented RAJA sparse triplet class with templates

* updated tests"
llnl_hiop;99dc2bd8a37361305c2f87edd5b4d2e522e6ff81;rcrutherford <robert.rutherford@pnnl.gov>;1609275238;"Removed vector implementation of setLocalElement in sparse matrix tests.
"
llnl_hiop;99faa53334f625d397128dedaf46e5b1cf5f2394;Juraj Kardos <juraj.kardos@usi.ch>;1565127957;"evaluating AL hessian w.r.t nlp variables x (slacks still missing)
"
llnl_hiop;9a40cd7b8be8a2c0cfd5b4de7fdca3b9b629717c;Cosmin G. Petra <petra1@llnl.gov>;1643411520;"CSR Matrix CPU kernels implemented
"
llnl_hiop;9a41e0390594678204a42aa096be781c6b188127;Cosmin G. Petra <petra1@llnl.gov>;1605317178;"small touches related to STRUMPACK
"
llnl_hiop;9a65f3474ec1ed7acb169b79e0e6addae1bf5203;Cosmin Petra <petra1@llnl.gov>;1574211216;"DenseKKTLinSys intermediary update

not running state
"
llnl_hiop;9a783ca32ef738e11ef6e1f4ac876d206ea19adc;Cosmin G Petra <petra1@llnl.gov>;1590725913;"GPU Inertia Correction fix (#39)

* added 'dev' magma linsolver class

* added inertia calculation

* working, robust version of GPU_FACT+CPU_TR_SOLVEs "
llnl_hiop;9adeb1a03b66353b21a28617abe759bc5c15241b;nychiang <sorakid507@gmail.com>;1690840320;"remove temp line
"
llnl_hiop;9b02a3f1ab2d853ed296772a52a28a1cee8fc48f;nychiang <sorakid507@gmail.com>;1601675104;"correct IpoptAdapter for sparse matrix. Add unit test
"
llnl_hiop;9b02d97baa48ca3a7ea5379efbf6d0ead5cad131;Cameron Rutherford <cameron.rutherford@me.com>;1611965447;"Merge 766f98e26eeec7c215612ea0ccd55e9efffa30d8 into fec7257716ded188dd1736bd2a3a638b18f8f1d2
"
llnl_hiop;9b19487ea5903a4b422a93373f3af0bad1a15e07;Slaven Peles <slaven.peles@pnnl.gov>;1596076510;"Refactor sparse matrix tests to use new abstract interface.
"
llnl_hiop;9b216f5cae74cb9e9708108c0d578364b8f921d9;Cosmin G Petra <petra1@llnl.gov>;1640120371;"implemented KKT condensed class

works with ma57 as the ""chol"" linear solver
"
llnl_hiop;9b25fb5178df6244d830a732ec8733f4608a7385;Michel Schanen <mschanen@anl.gov>;1589586129;"free's in main added
"
llnl_hiop;9b369f438e8627154f9dfc2f56f709dfe370f6c1;Cosmin G. Petra <petra1@llnl.gov>;1656606145;"fixed merge issues
"
llnl_hiop;9b423638aea01a0ab6b38685d2791f467d7d49e2;Cosmin G. Petra <petra1@llnl.gov>;1618868441;"Merge branch 'develop' into pridecomp-dev
"
llnl_hiop;9b45fc5f8efa45ea8a665001fc88dd4f3627c9be;nataliarodriguez-uc <natalia_rodriguezuc@berkeley.edu>;1755283914;"final commit
"
llnl_hiop;9b49e88761e457f08c9e36cbd2e5de91c6988014;Cosmin G Petra <petra1@llnl.gov>;1747089890;"gradient finite differencing
"
llnl_hiop;9b575f5c309c1e28e744be8f15ac8a308a7d68e3;Asher Mancinelli <ashermancinelli@gmail.com>;1634757629;"update ascent variables
"
llnl_hiop;9b59ec3b40382d6949c928a3b842bfe36821d760;jwang125 <wangjingyi09@gmail.com>;1648582414;"Pridec documentation in preparation for release (#435)

* add comments and updating docs

* quick update on techrep_main

* fixing some issues

* added one line for alpha

Co-authored-by: Jingyi Wang <wang125@llnl.gov>"
llnl_hiop;9b5d779444a593c39e7434b69b498c0c57843832;Nicholson Koukpaizan <koukpaizannk@ornl.gov>;1659533448;"Update Ascent CI script to use ginkgo@ea106a945a390a1580baee4648c19ca2b665acdf
"
llnl_hiop;9b665615beeb922d6faec50255b1f7341c88e857;Chiang <chiang7@sephiroth.llnl.gov>;1633129831;"remove RAJA scan; use index_type and size_type
"
llnl_hiop;9b68758bbdffa71d40d101245f7634ae328c500a;Cosmin G. Petra <petra1@llnl.gov>;1590037093;"ex5 ready
"
llnl_hiop;9b76dba47374da52813c30eeb10645b51ee9e4d4;Cosmin G. Petra <petra1@llnl.gov>;1730135125;"renamed methods, added authors
"
llnl_hiop;9b7c56ffaf1805771072baf79165315bfa0eb281;Jorge Alejandro Chumbipuma <chumbipuma1@lassen17.coral.llnl.gov>;1753811888;"Add debug printout to copyFrom in hiopMatrixDenseRowMajor to log local matrix sizes
"
llnl_hiop;9b80c73e6bbc4997f5aedb5dc3cf7cad4d8e1c80;Asher Mancinelli <ashermancinelli@gmail.com>;1629485384;"Add mechanism to override launch cmds
"
llnl_hiop;9bcb3d7122dac15b2486b657a2e4da36df2f6cec;Fritz Goebel <fritz.goebel@kit.edu>;1647849914;"Address review comments
"
llnl_hiop;9bd522dd12c27e4f343567174920530874aa6ada;Cosmin G. Petra <petra1@llnl.gov>;1647549578;"cleaning up
"
llnl_hiop;9bd66b137154e836c9c2c8966c2b00c093ffd490;Cosmin G. Petra <petra1@llnl.gov>;1480446425;"cmake and drivers modifications to support the logger
"
llnl_hiop;9bf8c2af926b5011cb6cf5545b8bbf86aed0e131;Cosmin G. Petra <petra1@llnl.gov>;1605317178;"small touches related to STRUMPACK
"
llnl_hiop;9c092c22309ac8d85d627860ecf6d9f7f063b5bd;Cosmin G. Petra <petra1@llnl.gov>;1671406007;"Merge branch 'develop' into hwbackends_memory_dev
"
llnl_hiop;9c10190bbb0d54adf607b14986530f885788d77f;Cosmin G Petra <petra1@llnl.gov>;1633985983;"Merge pull request #332 from LLNL/unintialized-value-fr-fix

fix uninitialized variable"
llnl_hiop;9c1d399624b0d66feb8dcfcc5d73bbdf77dcd548;Cosmin G. Petra <petra1@llnl.gov>;1586977843;"implemented copyRowsFrom
"
llnl_hiop;9c2f6851c8e8919813a28950b48b093009445d5d;Asher Mancinelli <asher.mancinelli@pnnl.gov>;1607613925;"installing hiopVersion header
"
llnl_hiop;9c3940ad79c18a9b7b9e2f2ec59e3086a91ea63b;Asher Mancinelli <ashermancinelli@gmail.com>;1645311658;"Resolve warnings and HIP targets
"
llnl_hiop;9c76c25bdd43a7c28ff9f339e81dca98fba21b6f;Cosmin G. Petra <petra1@llnl.gov>;1640206425;"added cusolver chol class [[sync]]
"
llnl_hiop;9c7acec837f6b4c070c4906d90588bad8d426bb6;nychiang <sorakid507@gmail.com>;1634072449;"test RAJA scan
"
llnl_hiop;9c8e390448dd6c9aa71ccbeff3e74d107d7ded8a;Cosmin G. Petra <petra1@llnl.gov>;1474991990;"added top level CMakeLists.txt
"
llnl_hiop;9cac6b40f0eb75d91798b85a4df6d154832d85eb;Cosmin G. Petra <petra1@llnl.gov>;1513564016;"added .gitignore file
"
llnl_hiop;9cb013054edcb1eade8872aacb62c618d3bd5a85;Nai-Yuan Chiang <chiang7@login1.ascent.olcf.ornl.gov>;1623297776;"temp fix RAJA --- use host
"
llnl_hiop;9cb8d329a1b92534944106b0e19d237ddc0ac614;Cosmin G. Petra <petra1@llnl.gov>;1595118250;"removed constexpr that was creating compilation errors on macos
"
llnl_hiop;9cb9340d3e7060685a345e9040891cabef9d3108;Cosmin G. Petra <petra1@llnl.gov>;1641514301;"maintainance of Linear Solvers code

changed name from IndefSparse to SymSparse
changed the sys matrix member to pointer (from reference) and to the more general class hiopMatrixSparse to accomodate future use of CSR sparse matrices types
"
llnl_hiop;9cc25bd7511983f3fab3f1ef46277e0d80a8c4db;nychiang <sorakid507@gmail.com>;1677220958;"add sparse raja example
"
llnl_hiop;9cc4f5cd0b9b2f76fad7fe1dcbd11451c22fab25;Cosmin G. Petra <petra1@llnl.gov>;1670450510;"Merge branch 'develop' into hwbackends_memory_dev
"
llnl_hiop;9cc5a15a255fc1cd6312fc64b3b6a13f85179728;Cosmin G. Petra <petra1@llnl.gov>;1508449426;"Example 1 - infinite dimensional
"
llnl_hiop;9cd81b55ba987aba687cc3513023e32cbda2fb2d;nychiang <sorakid507@gmail.com>;1655797046;"random val from a to b
"
llnl_hiop;9cde0d20732bf997ae1f01ade0c270e3d07683ee;Cosmin G. Petra <petra1@llnl.gov>;1586800791;"return on entry for matrices of dimension 0

in a couple of places in hiopMatrixDense
"
llnl_hiop;9cf34a087d592c5aa103af472d9f31fade9a8cb9;Cosmin Petra <petra1@llnl.gov>;1593043991;"updated build/test doc for summit
"
llnl_hiop;9cf76e3d1e812d670f501cedd57284fabb60507a;Chiang <chiang7@sephiroth.llnl.gov>;1620765570;"draft
"
llnl_hiop;9cf8be30becea6d23fecde47c9db727c08aac513;Juraj Kardos <juraj.kardos@usi.ch>;1565204324;"adding class representing AL hessian
"
llnl_hiop;9d077eb491285c74ec2a695a95738e2023c0e88b;Rutherford, Cameron <robert.rutherford@pnnl.gov>;1725397648;"Add working spack build with build cache.
"
llnl_hiop;9d0a8b715b2682d64c4e63635a45ddd0fe4d42dc;Cosmin G. Petra <petra1@llnl.gov>;1585107440;"added residual norm calculation method for UMFPACKZ solver class
"
llnl_hiop;9d3b7dacdfaf27d64b244315775faf9f4dc349ac;Michel Schanen <mschanen@anl.gov>;1589560919;"fixed uninitialized grad_f
"
llnl_hiop;9d493d2fbe99c62971f135c17810192bb61a44d5;Chiang <chiang7@sephiroth.llnl.gov>;1645780051;"create ex10 and fix FR
"
llnl_hiop;9d4b5a15b50a6b2d498ae3fa9c6fea8bf1695924;Cosmin G. Petra <petra1@llnl.gov>;1648746082;"up'ed VERSION
"
llnl_hiop;9d4e74e66a8f7067304502602c341a65a1a0fcc9;Cosmin G Petra <petra1@llnl.gov>;1616948944;Update README_summit.md
llnl_hiop;9d55db08b0481ffb1c726366e0ff243879c96652;Asher Mancinelli <ashermancinelli@gmail.com>;1624990679;"Fix cmake error message, bump version info
"
llnl_hiop;9da0d8c4e8cf174902b6e69544c7e0ab81fc2897;Cosmin G. Petra <petra1@llnl.gov>;1672256050;"memory management in dense RAJA matrix via execution space templates
"
llnl_hiop;9db852b2613ee62651f7081ea44052e0d3fe5079;Peles, Slaven <slaven.peles@pnnl.gov>;1586480631;"Merge branch 'asher/unit_tests_type_aliasing' into 'dev/unit_tests'

Add type aliasing for scalar data types in unit tests

See `$HIOP_ROOT/tests/LinAlg/testBase.hpp` for:
```cpp
using real_type             = double;
using local_ordinal_type    = int;
using global_ordinal_type   = long long;
```
to make tests more flexible as per my conversation with Slaven. Feedback is appreciated, as it is more than likely that I mistook a global type for a local type (or vice versa) at least once. Most important changes can be found in `$HIOP_ROOT/tests/LinAlg/matrixTests.hpp` and `$HIOP_ROOT/tests/LinAlg/vectorTests.hpp`.

I also considered being more specific with these, eg:
```cpp
using real_type             = double;
using local_ordinal_type    = int32_t; // or uint32_t ? Do we ever rely on local/global indices being <0 ?
using global_ordinal_type   = int64_t; //    uint64_t
```
However I do not know enough about how the types will be used to assume they will never need to be negative. Input on this is welcome.

Before merge:
- [x] Review from @pele118

See merge request exasgd/solvers/hiop!12"
llnl_hiop;9dbbfce1751454559432634a8624a15a55023ef4;Cosmin G. Petra <petra1@llnl.gov>;1671405022;"final fixes for reviewers' comments
"
llnl_hiop;9dc966ccf243c6f8066086221b0c326822aebff4;Chiang <chiang7@sephiroth.llnl.gov>;1622092897;"add unit test
"
llnl_hiop;9dd77a311f170297811503dab194c5492b938c45;Jonathan Wong <jonwong12@users.noreply.github.com>;1548987380;"Merge 2a025d1cb2c1cdb474a96e1b7ad0b1e17d2ef2d1 into c52a6f6b9baaaa2d7f233a749aa98f901349723f
"
llnl_hiop;9dee5c4b6e5d32125ee8737b16d1acd038e25c1e;Chiang <chiang7@sephiroth.llnl.gov>;1623697573;"test
"
llnl_hiop;9deff10c33427153d23ee9223b400a1f1dab8e0f;Asher Mancinelli <asher.mancinelli@pnnl.gov>;1607715918;Merge branch 'develop' into full-build-matrix-dev
llnl_hiop;9e09c995cfea12dacb97e2f258d7a6f6934bd623;Fritz Goebel <fritz.goebel@kit.edu>;1676664361;"Address Review Comments
"
llnl_hiop;9e1614b8588a3886a09170fe77ddc58a2cdf57bc;Asher Mancinelli <asher.mancinelli@pnnl.gov>;1618507189;"Fix bash strcmp syntax error
"
llnl_hiop;9e19c3c43cadfa35048f70e4a9f42daf03e31b7b;Cosmin G. Petra <petra1@llnl.gov>;1588382085;"added example 5

a take on a (problematically) non-convex model and degenerate (linear dependent constraints).
It only creates non-convexity at this point
"
llnl_hiop;9e1fe789b59da282a2afff1ff760f4f2830ab50e;Nai-Yuan Chiang <chiang7@llnl.gov>;1651286617;"Misc fix (#438)

* update strumpack interface due to the recent changes

* fix pardiso and rename some classes

* use global fortran-C defination

* remove fake inertia"
llnl_hiop;9e41b02fbbf637950582e7d37edebe5f47e994a9;nychiang <sorakid507@gmail.com>;1641507020;"add RAJA unit test on device
"
llnl_hiop;9e496ea0fa0fe18480b25cdcea1cb0f47246740c;Tucker Hartland <tucker.hartland@gmail.com>;1746563332;"using a hiopbb Evaluator instead of an smt Evaluator and properly giving credit to smt
"
llnl_hiop;9e5472263d7ce8e1d1fb368ad008593392d79be3;Chiang <chiang7@sephiroth.llnl.gov>;1638330482;"add test for feasibility restoration
"
llnl_hiop;9e55434d7f7ebf5158d304ceef7a9015a0fb5de0;Cosmin G. Petra <petra1@llnl.gov>;1632935199;"updated doc
"
llnl_hiop;9e760157fca9c289e13aad215554657c135bb83c;Asher Mancinelli <asher.mancinelli@pnnl.gov>;1595218363;"Cmake Improvements (#57)

* Removed incorrectly included header

* removing nested namespace declarations

* making build script clearer

* removing changes to build script

* Fixing RPATH for installations.

* Enable building with MPI and CUDA code in the same compilation unit

* removing PNNL-specific CI stuff

* boosting cmake min version to 3.12

Co-authored-by: Peles, Slaven <slaven.peles@pnnl.gov>"
llnl_hiop;9e82ccaf1231cd549b0e2036b625d4b7e4b9d515;Cosmin G. Petra <petra1@llnl.gov>;1631220608;"added memory address umpire info

updated documentation for ex4_raja
"
llnl_hiop;9e8c8ab1c64a04787519f6ad3ebbfb8f006e3ec6;nychiang <sorakid507@gmail.com>;1661452656;"fix
"
llnl_hiop;9e989f2e00f516a9f548a7b026d9c7d72fd14fe0;Cosmin Petra <petra1@llnl.gov>;1583172624;"implementation of kron reduction

incomplete - requires implementing addtl linear algebra operations in complex sparse and dense matrices
"
llnl_hiop;9eb026768bc5e0a2c1293d0487cc39913001ae19;pelesh <slaven.peles@pnnl.gov>;1613142057;"Fix bugs in RAJA vector copy methods (#192)

* Fix incorrect memory space setting in RAJA dense matrix.

* Address issues in copy to/from methods in RAJA vector.

* Make sure copy kernels check input for correctness before returning."
llnl_hiop;9eb6362a7d59cdd137cef396b52a83a9f0e50611;Asher Mancinelli <asher.mancinelli@pnnl.gov>;1616428927;"Xsdk compliance doc (#201)

* Added initial compatibility document

* Update xSDK compliance document
"
llnl_hiop;9ec0529cabc7949c9e1028a2597a4f302e1686f2;Cosmin Petra <petra1@llnl.gov>;1582557421;"mds linear algebra saves matrices
"
llnl_hiop;9eeec637a762e5d1cfdd51ddd61f4f0d2db61240;Cosmin G Petra <petra1@llnl.gov>;1606888602;Update readme.md
llnl_hiop;9efd3c65acc19c40bf8aa69350295945cb5973fe;Slaven Peles <peless@ornl.gov>;1684293041;"Add private methods for (re)factorization and triangular solve to cusolver-lu class.
"
llnl_hiop;9f21a6f92674c83ac95f2cf82da642dc35f72d46;Cosmin G. Petra <petra1@llnl.gov>;1655844335;"Merge  'develop' to get the latest CI
"
llnl_hiop;9f38d6f2cff44ef3800e5d5da7e2775cb8096258;George Chumbipuma <gc51@rice.edu>;1753917946;"Add MAGMA-based GPU path for symmetric linear solve in solve_with_V methods
"
llnl_hiop;9f491b71268193318b6edcea031305308a111de4;Cosmin G Petra <petra1@llnl.gov>;1747702243;"Jacobian working
"
llnl_hiop;9f5b92ac86fee599d8a582029c312f74c4dde2dc;Cosmin G Petra <petra1@llnl.gov>;1743172233;"fixed hardcoded SOC cond bypasses
"
llnl_hiop;9f6372f3c2905ac0f1ac80cb41d9c74d0ab71092;Asher Mancinelli <asher.mancinelli@pnnl.gov>;1625114000;"Update dev workflow (#269)

* Clean up variables scripts

* Update documentation to reflect dev workflow changes

* Update README_developers.md [skip ci]

* Remove spurious cmake var

Co-authored-by: pelesh <slaven.peles@pnnl.gov>"
llnl_hiop;9f6c5ac32a9acf84c8120144174f538ca1a18ccb;Cosmin G. Petra <petra1@llnl.gov>;1632957527;"updated version info
"
llnl_hiop;9fbebb7a234129e93ee7ebb2fdd6cc96a89bac77;Cosmin G. Petra <petra1@llnl.gov>;1516743121;"fixed two bugs (large Lebesque measure domains)

i. logarithmic barrier was incorrectly evaluated
ii. the rescaling associated with large multipliers was not scale-free and was not working properly for domains with large volume/area/Lebesque measure.
"
llnl_hiop;9fd3f27a08088e6cc66d30674dd7d19541c275c2;Cosmin G. Petra <petra1@llnl.gov>;1670081399;"fixed missing headers
"
llnl_hiop;9fe08388d1656fa2a6b99b43d8400471db689e77;Cosmin G. Petra <petra1@llnl.gov>;1481070023;"algorithm implementation to the point that it passes all the error checks (this is before adding curvature in the search)
"
llnl_hiop;9fe3833c510f77a3fc9fa8776a175494cfe20cc8;Cosmin G. Petra <petra1@llnl.gov>;1626283453;"logger works with pridec solver
"
llnl_hiop;9fe9a3c9bf34dc4c2857e872ed9e211ab70b631b;Chiang <chiang7@sephiroth.llnl.gov>;1642656421;"try a different solution
"
llnl_hiop;9ff9f705855133cbfcac8c1fbe3f8276d4faa058;Cosmin G. Petra <petra1@llnl.gov>;1724688840;"another typo
"
llnl_hiop;a0074ae84b24562af0309bd5d61e5a230ab1f6ee;Cosmin G. Petra <petra1@llnl.gov>;1598587180;"changed the name of several methods in hiopVector to reflect that they are ""local""

namely,
logBarrier
linearDampingTerm
projectIntoBounds
fractionToTheBdry
fractionToTheBdry_w_pattern
isnan
isinf
isfinite

related to Issue #55
"
llnl_hiop;a03d1b181d7fb2a6a465ed9f3876743c61ab2040;Asher Mancinelli <asher.mancinelli@pnnl.gov>;1587844302;"fixing typo
"
llnl_hiop;a03d1db78a74fd58f702d049891778a0963e7394;Cosmin G. Petra <petra1@llnl.gov>;1655842866;"improve efficiency of adding the diagonal log-barrier and primal regularization

matches cpu numbers
"
llnl_hiop;a0427261122315491a3a9f0e9ab20f540d05d7dd;Cosmin G. Petra <petra1@llnl.gov>;1656541894;"cleaning up
"
llnl_hiop;a063c441defc21504b0e863f6736aaff81087d57;Tucker Hartland <tucker.hartland@gmail.com>;1744907350;"Hiopbbpy v0.05 dev (#724)

* initial commits to work on batched BO

* basic implementation of batched BO

* adding the child class evaluator and using it for batched objective evaluations in the BO loop

* updates -- better usage of default arguments, removing in BODriverEX where we pass default arguments, we can just omit arguments here

* removing the evaluator class for now as it was just reproducing the Evaluator from smt. when the time comes we will implement our own base class if needed

* other batch_types added

* BO algorithm more clear when not using batch size > 1, that is no unnecessary virtual_point calls, bug fix for x_opt, removing use of erroneously labeled index batch

* removing a print statement"
llnl_hiop;a070e22aa82e43a3232fae6ca384f2652d3aa409;Cosmin G. Petra <petra1@llnl.gov>;1586991184;"added one-call Jacobian internal evaluator + moved code to .cpp
"
llnl_hiop;a08f7ebf4c4b05fa9307764c5a2aec2c95faa3e7;nychiang <sorakid507@gmail.com>;1756856484;"check if samples are feasible or not
"
llnl_hiop;a09520705da3f6c20abf524fd0358898432fba85;nychiang <sorakid507@gmail.com>;1759295393;"try to fix
"
llnl_hiop;a0b07f4b7632d83615536e0e9d8fdb7db6c328f8;kswirydo <kasia.swirydowicz@gmail.com>;1664906088;"fixing memory leaks in cuSolver (#554)

* fixing memory leaks in cuSolver

Co-authored-by: pelesh <peless@ornl.gov>

Co-authored-by: Katarzyna Swirydowicz <kswirydo@login1.ascent.olcf.ornl.gov>
Co-authored-by: pelesh <peless@ornl.gov>"
llnl_hiop;a0c1a75e817b43101530953bf7e43e09d9bde99f;nychiang <sorakid507@gmail.com>;1654129319;"fix errors due to rebase
"
llnl_hiop;a0cac0cb52ca3a7a4e66daa6d00f7bd3fd54e157;George Chumbipuma <gc51@rice.edu>;1753890188;"Refactor growL/growD in HessianDiagPlusRowRank for RAJA safety; replace memcpy and raw pointers

- Replaced memcpy in growD with hiopVector::copyFrom and set_elem for device-aware copying.
- Rewrote growL to use hiopMatrixDense::replaceRow and setColToZero instead of raw local_data access.
- Changed internal MPI reduction buffers from hiopMatrixDense* to double* for compatibility with device memory.
- Ensures RAJA/GPU-safe memory operations without raw host pointer assumptions.
"
llnl_hiop;a0e251398cd6f549efa0c5accac2bcd1f90e6f3a;Nai-Yuan Chiang <chiang7@llnl.gov>;1664386489;"Update user mannual (#552)

* update options

* editorial fix

* update pdf file"
llnl_hiop;a103f84f012579a2b13984aa8479a112de07ff21;Cosmin G. Petra <petra1@llnl.gov>;1537370324;"fixed two bugs for fixed_vars transformation that occured in parallel runs
"
llnl_hiop;a124c404329876427b1697b6f08df7e19ad9aa58;Asher Mancinelli <asher.mancinelli@pnnl.gov>;1638487903;"Update xsdk policy compliance document (#373)

* Update xsdk policy compliance document

* added CHANGELOG file

* Update hiop-policy-compatibility.md


Co-authored-by: Cosmin G. Petra <petra1@llnl.gov>"
llnl_hiop;a1492d1833c5bba011fabe16dc4c9e9a64aa9124;Asher Mancinelli <asher.mancinelli@pnnl.gov>;1632153914;"Add missing limits header (#325)

"
llnl_hiop;a14a445007461f5186eefebe92b8c5fb56765f66;Cosmin G Petra <petra1@llnl.gov>;1724885321;"added user options for checkpointing
"
llnl_hiop;a1813e4a5bdde7c3148477f485bc2d8a68d3622a;Cosmin G. Petra <petra1@llnl.gov>;1538422387;"ex3 driver (removing/relaxing fixed variables)

 - also added 4 additional test based on this driver
"
llnl_hiop;a186c1339f27fd6ca6b87128f69c9dd3f89a065c;nychiang <sorakid507@gmail.com>;1668623054;"try to address C's comments
"
llnl_hiop;a18ff5065aa74f6f6f253e99a43db22c679613f1;nychiang <sorakid507@gmail.com>;1752566064;"add lassen CI
"
llnl_hiop;a19fb54f79ed0aa6a9e23c99489c4a4d4840139e;Cosmin G Petra <petra1@llnl.gov>;1661869064;updated documentation of the callbacks
llnl_hiop;a1ae282e1058a35278e2c4987568303b1b058bd3;Cosmin G Petra <petra1@llnl.gov>;1741293806;"cleaning up
"
llnl_hiop;a1c769974f40f1ee26436be665df35578f8f2e9b;Asher Mancinelli <asher.mancinelli@pnnl.gov>;1607539966;"Adding version info struct
"
llnl_hiop;a1e5987513f7f0913a5333e637a7b8a2f3857cfb;nychiang <sorakid507@gmail.com>;1605646711;"add notes to sparse linear algebra
"
llnl_hiop;a1f24d5a07a3f535819989c5f51f6291f6b25ed1;Jingyi Wang <wang125@lassen708.coral.llnl.gov>;1608593161;"update optimization make list to include hiopAlgPrimalDecomp
"
llnl_hiop;a1f62c21a1d3640b124c2af614567d6d978b7961;Ian Smith <gitbytes@gmail.com>;1605828111;"Repo Sync through GitHub actions (#117)

* Adding push mirror github action

* cleanup and updating to point to mirror repo instead of main per request"
llnl_hiop;a206a0ff582a6c7f184ea1ee02421702c16fb3c7;Rutherford, Cameron <robert.rutherford@pnnl.gov>;1678142959;"Experiment with double quotes in a different format.
"
llnl_hiop;a216b280cf22c45f8a0e4f3d116ff4f64952bb50;rcrutherford <robert.rutherford@pnnl.gov>;1608165015;"Implemented template testing function for all matrix tests.
"
llnl_hiop;a223934a79d9631b9407ce82af55a66dd1967241;Slaven Peles <peless@ornl.gov>;1687913034;"Use flat tolerance for inner iterative refinement.
"
llnl_hiop;a233688b610f2eb25ca7cb4f949b6979e85f030c;Chiang <chiang7@sephiroth.llnl.gov>;1640306156;"fix conflicts due to the rebase onto develop branch
"
llnl_hiop;a257819f408fa24bc1bdb660862d7215a86a77ac;Rutherford, Cameron <robert.rutherford@pnnl.gov>;1726254969;"Add output of full log on error and add verbosity to HiOp build.
"
llnl_hiop;a25b99f8f887174480b3a4aa1608c80c2c3137b9;Frank Wang <wang125@llnl.gov>;1626828091;"fix x vector dimension error
"
llnl_hiop;a26935bca7b2e094718a6415fe7ccce748c6fc0c;nychiang <sorakid507@gmail.com>;1653376579;"randomized dual reg
"
llnl_hiop;a26a9c6aab1172e70cfe982655684dc68342027f;nychiang <sorakid507@gmail.com>;1718215957;"add back PNNL CI
"
llnl_hiop;a28ea467446586fb064c2e892b9c9501cfcb5b49;nychiang <sorakid507@gmail.com>;1634072449;"test RAJA scan
"
llnl_hiop;a2bb874bdf21565357f6567b0d018d46c635ce7b;Cosmin G. Petra <petra1@llnl.gov>;1666728124;"test for cuda condensed linear algebra temporary disabled when RAJA is not present
"
llnl_hiop;a2cf6369c07d79eb380c93ae99354a1b08ebc37a;Nai-Yuan Chiang <chiang7@llnl.gov>;1757002777;"Set ipopt as an optional solver in hiopbbpy (#745)

* use SLSQP in example

* mention ipopt is optional in the document"
llnl_hiop;a2df703cf2b27948de086affdd387559871d423a;Chumbipuma <chumbipuma1@croagunk.the-lab.llnl.gov>;1751394127;"Fix self-check saved values and update DenseConsRajaEx2 implementation
"
llnl_hiop;a308a478b678fa81dbe48e75f0ae5dfbb7d80705;Asher Mancinelli <asher.mancinelli@pnnl.gov>;1605666796;"Continuous Integration Fixes (#105)

Fixing cp flags causing errors on ORNL CI"
llnl_hiop;a324c45029ead010e2dc12cc6e18b50a0858e569;Slaven Peles <slaven.peles@pnnl.gov>;1595372361;"Improved unit test for startingAtCopyFromStartingAt method.
"
llnl_hiop;a341cf02ae02f72b79e791ef8a0c401b1089cdd4;Asher Mancinelli <asher.mancinelli@pnnl.gov>;1629982108;"Add mechanism to override launch cmds (#300)

"
llnl_hiop;a34e2d478759c45ca2de5ba7dcbb3e90227d360b;Asher Mancinelli <asher.mancinelli@pnnl.gov>;1588978279;"breaking top-level cmake into smaller find-module scripts
"
llnl_hiop;a35796d154f8390c89ac25b9d973b97a29060cff;Cosmin G. Petra <petra1@llnl.gov>;1663603239;"split raja vector into impl .h and cuda .cpp
"
llnl_hiop;a35825549d49d7a00b87aca59b4b74468f2571b4;Cosmin G. Petra <petra1@llnl.gov>;1694101346;"change log and upped version
"
llnl_hiop;a35a5f42d481e11022f666c032f8124067ae5ca9;Cosmin G. Petra <petra1@llnl.gov>;1589332475;"added eta_phi option and improved some output messages

""eta_phi"" ->  ""Parameter of (suff. decrease) in Armijo Rule""
"
llnl_hiop;a361656d3dbe09bc3559e6ec061a7225ae571c75;Cosmin G. Petra <petra1@llnl.gov>;1672177842;"removed old header from cmake install
"
llnl_hiop;a3796193113cc4402f034aa6f6b8bd785574f756;rcrutherford <robert.rutherford@pnnl.gov>;1607581557;"Fixed bug in createRawArray in hiopLinAlgFactory.cpp
"
llnl_hiop;a37a7a677884e95d1c0ad37936aef3778fc91c3e;Asher Mancinelli <ashermancinelli@gmail.com>;1646244749;"Fixes for magma inertia fix (#414)

* update MAGMA solver to use new version of magma

* Fix lambda capture for pridec ex9 (#400)

* Fix lambda captures in pridec ex9

* change cmakelist

* Resolve warnings and HIP targets

* Correct spock variables script

* Update environment modules

* Increase time limit, make incline job optional

* Add missing modules for ascent CI

* Style guide fixes, only std::abs outside RAJA

* Fix lambda decls and include limits

* Fix calls to abs and fabs

Co-authored-by: Nai-Yuan Chiang <chiang7@llnl.gov>"
llnl_hiop;a3821d339f926f84d617a98461f55b61b0c8a7d7;Cosmin G. Petra <petra1@llnl.gov>;1674749901;"cuda vector implementation of new copy to/from ""vectorpar""
"
llnl_hiop;a39da8025037c7c8ae2eb31234eb80cc73bec2af;Cosmin G Petra <petra1@llnl.gov>;1633023337;"Merge pull request #331 from LLNL/develop

release 0.5 [develop -> master]"
llnl_hiop;a3a5d4a33b2f30bf7d515c33e9b591b5827cb7b5;Nai-Yuan Chiang <chiang7@llnl.gov>;1675705194;"Implementation of `hiopVectorHip` (#590)

* first draft

* use exec_space_ to copy and alloc vectors

* address comments
"
llnl_hiop;a3a7dd89fc2a49ae445bcd1d78715041a75acb4a;Cosmin Petra <petra1@llnl.gov>;1576606300;"updated doc for linsys
"
llnl_hiop;a3afb82b872ea2357ec587a690917639b9ec995b;Chiang <chiang7@sephiroth.llnl.gov>;1641516250;"fix bug introduced by rebase
"
llnl_hiop;a3c62fcfb94bce8f3b4072f96f8e3ba3cfe1286e;Nai-Yuan Chiang <chiang7@login1.ascent.olcf.ornl.gov>;1670224128;"fix
"
llnl_hiop;a3c9c5bba24f943b16399b396136fdbcedb7fb98;Tucker Hartland <tucker.hartland@gmail.com>;1752507597;"proper indentation
"
llnl_hiop;a3d9f94491ebcab0ab96636cced7cdd4083b1738;Cameron Rutherford <robert.rutherford@pnnl.gov>;1677818297;Remove nfs file [skip-ci]
llnl_hiop;a4070db8ad3ac6bd45e17f8cbfef2815f532ea15;Cosmin G Petra <petra1@llnl.gov>;1747937682;"updated options info
"
llnl_hiop;a407828c548fe96bdb72c063565c726d415b5a46;Rutherford, Cameron <robert.rutherford@pnnl.gov>;1676937081;"Update PNNL mirror action name.
"
llnl_hiop;a417d277c8abb7b220f39df1d28bec950a7c8924;nychiang <sorakid507@gmail.com>;1661586198;"change function name and add comments
"
llnl_hiop;a41e912c2be94c80b5363e96fcec1c2dbbfee811;Cosmin Petra <petra1@llnl.gov>;1575680985;"GPU solve - basic performance report (time and Tflops)
"
llnl_hiop;a425ddf1d5018216872ed65998169eb11806cfb6;nychiang <sorakid507@gmail.com>;1654737672;"add hiopVector::is_equal and its unit tests
"
llnl_hiop;a4316dde3ef908919b8514a69b3eb02eaa86755c;Chiang <chiang7@sephiroth.llnl.gov>;1622157889;"fix RAJA code
"
llnl_hiop;a432da4b5670644ef076a29b864d23c2937bd491;Cameron Rutherford <robert.rutherford@pnnl.gov>;1677821654;Add debugging
llnl_hiop;a4366820b3baaf9f722c5b0cc0170d83a8cc7576;Cosmin G. Petra <petra1@llnl.gov>;1653329212;"reviewer's comments
"
llnl_hiop;a443ce63bfa167ef22797fbd0e09326583319dd6;Cosmin G. Petra <petra1@llnl.gov>;1673477257;"changes for cuda backend
"
llnl_hiop;a44d355d3e8c05b0ee5f75e8c15b20bc8093f6c3;Cosmin G Petra <petra1@llnl.gov>;1742247000;"fixing ci runtime errors
"
llnl_hiop;a44e9b42d6257606591efa81a1235a5bdd79d048;rcrutherford <robert.rutherford@pnnl.gov>;1620858455;"Add basic export configuration. TPL incompatible.

modified:   CMakeLists.txt
            Added basic exporting section
            Attempted to export everything under HiOp::
            Added version configuration as well

new file:   cmake/HiOpConfig.cmake.in
            Added including of exported targets file

modified:   src/CMakeLists.txt
            Added EXPORT hiop-targets to the installed libraries
"
llnl_hiop;a44efae6a5f35d962b9f5b3168b0425b8ad5ed6c;Cosmin G. Petra <petra1@llnl.gov>;1626108129;"added support for options file in PriDec
"
llnl_hiop;a46fa8aa31a9627702e99801ee80df42f16c5f6c;kswirydo <kasia.swirydowicz@gmail.com>;1654108133;"Update hiopLinSolverSparseCUSOLVER.cpp

typo fix"
llnl_hiop;a470c1101a389399dbe59edf570a6092cea2c040;Cosmin Petra <petra1@llnl.gov>;1583172485;"implemented a second print matrix for sparse complex matrices
"
llnl_hiop;a47b26b641ceeb508a0e4d58fae370d4b1c69fb0;Nai-Yuan Chiang <chiang7@login1.ascent.olcf.ornl.gov>;1620101538;"fix bug
"
llnl_hiop;a4848924620815aebda1e137ed083f58a660d5f6;Nai-Yuan Chiang <chiang7@llnl.gov>;1637961274;"Gradient scaling on device (#367)

* fix bug in gradient scaling
"
llnl_hiop;a486ada29920ef803a2147eed94f6d375bf3070d;Cameron Rutherford <cameron.rutherford@me.com>;1731008687;Specify openblas in a different way
llnl_hiop;a4982e7e304310b3012d1d62167008fc87d7b6c6;Nai-Yuan Chiang <chiang7@llnl.gov>;1608250685;"support for different factorization acceptors  (#149)

* all kkt linsys classes share common factorization acceptor classes that implement the inertia regularization logic "
llnl_hiop;a4aedfdf6dd6426ba81ad0dd997d532aa5aaab48;nychiang <sorakid507@gmail.com>;1655251888;"include chrono
"
llnl_hiop;a4b57b6c03ad1a2bd0314e55c0ba20ef6b7f8958;Chiang <chiang7@llnl.gov>;1647084715;"fix error caused by merge with develop
"
llnl_hiop;a4c2528cffbfc085b67d38624f073de34b7ea1f9;Chiang <chiang7@sephiroth.llnl.gov>;1629749619;"use index_type and size_type in new functions
"
llnl_hiop;a4d1d2100a4915c06f051a8d4bb7a346b4a7b9f8;Cosmin G Petra <petra1@llnl.gov>;1673225471;"Update of RAJA-based dense matrix to support runtime execution spaces (#580)

* renamed raja dense matrix class, added cuda implementation file

* cuda implementation file

* added temporary define for raja dense matrix  for OMP

* fixed compilation errors

* update of LinAlg Factory for MatrixDenseRaja

* added Omp Dense Matrix impl cpp

* blended (templated) Raja Vector with Raja dense matrix

added hip implementation file

* propagated new class name

* removed old header from cmake install

* memory management in dense RAJA matrix via execution space templates

* added AMD/HIP .cpp file to the build"
llnl_hiop;a4ecded12d6a97605481725228bdb6b9e84e4c5e;Jaelyn Litzinger <jaelyn.litzinger@pnnl.gov>;1636744053;"export sparse config variable
"
llnl_hiop;a51882294e158c4456ad5cdec673317b978034b4;Nai-Yuan Chiang <chiang7@llnl.gov>;1685500158;"use compound vec in bicg IR (#621)

* use compound vec in bicg IR

* run without mpi

* add deepcheck

* use hiop iter/resid in krylov solver

* fix raja unit test

* correct names and add comments"
llnl_hiop;a5363d4ba64679421c85974da88bbf402552ede9;nychiang <sorakid507@gmail.com>;1641274908;"fix create_raw_array in ex4
"
llnl_hiop;a5427791c15fcdc98ff03a09167daa072d3f4f96;Weslley da Silva Pereira <weslley.dasilvapereira@nrel.gov>;1757626695;"Fix bug in EvaluationManager.retrieve_results(). Add a queue lock, so that submit_tasks() can be called asynchronously with retrieve_results().
"
llnl_hiop;a5641b3e1da637d25262ae76a72c5f85333f665d;kswirydo <kasia.swirydowicz@gmail.com>;1655267040;"fixed options for inner IR, fixed bugs
"
llnl_hiop;a565040e2e307a850dc9b05f2032cf24492fa746;ryan.danehy@pnnl.gov <dane678@we45149.pnl.gov>;1691537654;"Attempt 4 at Getting pipeline status to show up
"
llnl_hiop;a56909b6e7abeda282689187cc8abad184624c95;nychiang <sorakid507@gmail.com>;1606860946;"use type long long
"
llnl_hiop;a58037af7de7358502f98d80bfc0165e743d0ef0;nychiang <sorakid507@gmail.com>;1744242267;"add authors
"
llnl_hiop;a5878836dba203bc62e3596a539ea07d358a57cd;Cosmin G. Petra <petra1@llnl.gov>;1604446303;"added PriDe formulation
"
llnl_hiop;a58eb0001313711e31b74f977d2201db66daf55b;Juraj Kardos <juraj.kardos@usi.ch>;1565714081;"new_lambda is false in the call responsible for Hessian structure evaluation
"
llnl_hiop;a5bb7ee9cc612c6d476eeba5cb54a2e1b845ec4b;Asher Mancinelli <asher.mancinelli@pnnl.gov>;1588113893;"adding refactor of cmake to do with umfpack
"
llnl_hiop;a5c488fcd1100d2a82291a58d690a5e7895f9230;Cosmin Petra <petra1@llnl.gov>;1574210962;"added addToSymDenseMatrix to matrix classes
"
llnl_hiop;a614e76f0ad9cf7d6ddaef8a0b3db54c9b9af032;Cosmin G. Petra <petra1@llnl.gov>;1652970340;"Merge branch 'develop' into csr-ker-add-dev
"
llnl_hiop;a63cfa1fe0277ff347a98b552d7cedbf56074d12;Cosmin G. Petra <petra1@llnl.gov>;1673478556;"update of LinAlg factory

cuda tests are passing
"
llnl_hiop;a6430fe1a714b163b1866d49a7e59e9b10c534be;rcrutherford <robert.rutherford@pnnl.gov>;1622233880;"Cleaning up FindHiopCudaLibraries
"
llnl_hiop;a644020b4923d78f054c027c81ef3faa2c20caef;Cosmin Petra <petra1@llnl.gov>;1595913730;"finished instrumentation with timers and moved magma LinSys code to .cpp file
"
llnl_hiop;a653458857c4fec1aa6a6a5e40bfc1375696167a;nychiang <sorakid507@gmail.com>;1601146367;"Add example for sparse case; Fix bugs and white space issue.
"
llnl_hiop;a664e35d635299155f63b6577ea7cf7d42b0f380;Cosmin G Petra <petra1@llnl.gov>;1726248287;"added example on how to use checkpoint API
"
llnl_hiop;a67b94b91dfe6005b3d8053dd299f4a223598e12;Cosmin G. Petra <petra1@llnl.gov>;1631726173;"Merge branch 'develop' into zero-length-vec-fix

Conflicts:
	src/Drivers/nlpMDS_raja_ex4.cpp
	src/Drivers/nlpMDS_raja_ex4.hpp
"
llnl_hiop;a68e29a1479ee0e3a83915f5839d6efbc2590fbd;Asher Mancinelli <asher.mancinelli@pnnl.gov>;1587834660;"cleaning up comments and adding warnings/options libs
"
llnl_hiop;a691516cf399dc233220ef2a2255ac89d742bb63;Cosmin G. Petra <petra1@llnl.gov>;1602622815;"Merge branch '0p3-release' of github.com:LLNL/hiop into 0p3-release
"
llnl_hiop;a692a13192fa0c7a42def0608469266d68db3eb0;Slaven Peles <peless@ornl.gov>;1691958614;"Clean up of the solve method in ReSolve interface.
"
llnl_hiop;a696c6b45599447666d5b5164ae69faa4dc69152;Asher Mancinelli <asher.mancinelli@pnnl.gov>;1620238601;"Remove legacy cmake logic for drivers
"
llnl_hiop;a697f99ce880d80e81cdfa3acc18bf4bdac4f12a;Nai-Yuan Chiang <chiang7@llnl.gov>;1678884493;"update usermanual (#607)

"
llnl_hiop;a69e2e02dc4fdddb7a23ad40235f6999021b9a32;rcrutherford <robert.rutherford@pnnl.gov>;1683303226;"Add working incline CI.
"
llnl_hiop;a6a05690910cf351a7157ec6850a8d04af17ef02;Cameron Rutherford <robert.rutherford@pnnl.gov>;1726691935;Update spack_build.yml
llnl_hiop;a6b5b9e2f0c766a99c448cfcc534e1d12445e2d0;nychiang <sorakid507@gmail.com>;1681778298;"fix ipm alg
"
llnl_hiop;a6bcc7c8b2a83abd4efdcf4a91d606f552736af7;ni7660@kit.edu <ni7660@hkn1993.localdomain>;1673993283;"Add options to configure Ginkgo GMRES
"
llnl_hiop;a6c809468580354bc3f66154b68f2d522796909c;Cosmin G. Petra <petra1@llnl.gov>;1493763338;"Registered new options and added supporting code
"
llnl_hiop;a6e37ef45da01258f6983706844dca5182a2f8c2;Cosmin G. Petra <petra1@llnl.gov>;1590536657;"Merge branch 'master' into dev/GlobalConv
"
llnl_hiop;a6ebb4133f2b1f63a1e00ed438059b737d9cdb33;Nai-Yuan Chiang <chiang7@llnl.gov>;1698636168;"Merge 6e9aad2a45a367ebd9ff5ff33ea31a743c6794b3 into 27f24cea1f53f4770f9adbbb2064326df79d90ff
"
llnl_hiop;a723fc1bd2cb64ecb286dfd51fbfcee5dd532ca5;Peles, Slaven <slaven.peles@pnnl.gov>;1591117479;"Resolved small issues with matrix unit tests addressed in #21
Also added tests specific to hiopMatrixDense
"
llnl_hiop;a7419056baa05b74c89dc211954d16623ab2c08c;Cosmin G Petra <petra1@llnl.gov>;1751999510;"added example of how to instrument with memory space aware allocation(s)
"
llnl_hiop;a74e79e0113b40a380e04b99edec25cc2b328a0c;Cosmin G. Petra <petra1@llnl.gov>;1622477073;"fixed broken syntax
"
llnl_hiop;a76791127ccf2eeb12944084694b8f10d2e50d98;Asher Mancinelli <asher.mancinelli@pnnl.gov>;1636134655;"trying to fix segfault
"
llnl_hiop;a781ef25eeb27e4c16f407c66e3e0b07ce2057ee;Cosmin Petra <petra1@llnl.gov>;1588382679;provided an end-of-month update
llnl_hiop;a79346d83bf4388d9ce3fed93832ad403223be81;nychiang <sorakid507@gmail.com>;1656315425;"address C's comments
"
llnl_hiop;a79e228cbe445b92894847b7ea90cdc7261396ff;Juraj Kardos <juraj.kardos@usi.ch>;1565388659;"starting with exact hessian, switching to QN - doesn't help, QN still doesn't converge
"
llnl_hiop;a7aa4e0dc030b3030c82c872308d2e753129cffe;Asher Mancinelli <asher.mancinelli@pnnl.gov>;1620762627;"Update build script to use dependency environment (#231)

"
llnl_hiop;a7b0644f7ac44429af0aea8aa9578bfa6b68d523;nychiang <sorakid507@gmail.com>;1665448895;"create branch; fix the ci tests
"
llnl_hiop;a7b086b0295da251700baed6902ffab33f5e048f;Cosmin Petra <petra1@llnl.gov>;1598489611;"inertial correction via Magma's dsidi
"
llnl_hiop;a7bb28cf18a5b76ae38a198127986f0ec2638e5b;nataliarodriguez-uc <natalia_rodriguezuc@berkeley.edu>;1755208193;"fixed bnb stopping criteria, need to update lower bound sync to smt
"
llnl_hiop;a7c3da2ab59c8db013881134a30c33627677d282;Asher Mancinelli <asher.mancinelli@pnnl.gov>;1607716121;"Merge branch 'full-build-matrix-dev' of github.com:LLNL/hiop into full-build-matrix-dev
"
llnl_hiop;a7d4a3a80657d05c6d8383bcdfe3ff900d838c23;Cosmin G. Petra <petra1@llnl.gov>;1641316074;"Merge branch 'develop' into condensed-linsys-dev
"
llnl_hiop;a7d4ac322229b5aeb3d229f94d8e68f459276d81;Cosmin Petra <petra1@llnl.gov>;1577376248;"intermediary update MDS KKT LinSys solve
"
llnl_hiop;a7ec2a7bd21543d71842957e0066ad8ac21972a1;Cosmin G. Petra <petra1@llnl.gov>;1589819448;"Merge C API branch 'michel2323-master'
"
llnl_hiop;a80ec215eaa2150f21994ab3367239b5c96bdad3;Cosmin G Petra <petra1@llnl.gov>;1752523806;"misc devs
"
llnl_hiop;a8220b254638816ebaae88f7d7e2b801de28d4fa;nychiang <sorakid507@gmail.com>;1755882366;"add log
"
llnl_hiop;a8323be9788e99187f90981aa250f9f0573d59a3;Cosmin G. Petra <petra1@llnl.gov>;1482456094;"updated 'timesVec' method that computes the product of the low-rank Hessian with a vector based on the recursive low-rank representation. All KKT (both augmented and reduced) check out.
"
llnl_hiop;a83d560ebf2be3e407c9c8ca1f9d3c636be5261a;Tucker Hartland <tucker.hartland@gmail.com>;1756917154;"README update with HiOpBBpy information (#742)

* first cut at readme update including more information about HiOpBBpy

* adding example usage of HiOpBBpy to README

* updating the manual

* updating authors of user manual and a small change in hiopbbpy section

* parallel run info

* cleaner way to define LpNormProblem

* changing author order

* updates following review from NY

* updates following review from NY

* fiing capitalization

* small update to the README pointing to the user manual resource

* updates to the user manual and README. env MPI4PY_FUTURES_MAX_WORKERS ... --> mpirun -np 4 python -m mpi4py.futures python_script.py"
llnl_hiop;a84db62efcc1faa3d93c7f505a1e774af69e222b;Chiang <chiang7@sephiroth.llnl.gov>;1631325471;"modify raja_ex4 to support empty sparse row
"
llnl_hiop;a8591f62f96413aa1714e3a4de025e91e48e9a8e;Nai-Yuan Chiang <chiang7@llnl.gov>;1640715544;"Re-engineer the code to do FR inside FR, and add a unit test. (#372)

* fix force_update

* add test for feasibility restoration

* option for the name of options file for feasibility restoration

Co-authored-by: Chiang <chiang7@sephiroth.llnl.gov>"
llnl_hiop;a85fbcea1362f69377c2f469f6a638efe20a3c09;nychiang <sorakid507@gmail.com>;1648533353;"use global fortran-C defination
"
llnl_hiop;a882c12fdc8d9882a39974f87701b443a3a0fe9d;Cosmin G. Petra <petra1@llnl.gov>;1648647561;"update cmakefile in linalg
"
llnl_hiop;a89830f5d1eb246dc6b6999fb066a75cb04630d9;Cameron Rutherford <robert.rutherford@pnnl.gov>;1677792848;"PNNL GitLab Pipeline Status posts to GitHub (#599)

* Remove waiting for pipeline status.

* Update PNNL mirror action name.

* Add reporting of status to PNNL pipelines.

* Add TODO for getting pipeline status functioning.

* Add valid runner for CI status runners."
llnl_hiop;a8a9d0f176252c3bcaabb122065f843f696924a4;nychiang <sorakid507@gmail.com>;1603231316;"add dynamic cast
"
llnl_hiop;a8d4183313cb4a0433d8966381b21d89f17b167d;nychiang <sorakid507@gmail.com>;1678344242;"pass LLNL ci
"
llnl_hiop;a8df9f7b8445d93f800ca7ea241d11d89c059374;Slaven Peles <peless@ornl.gov>;1657665558;"Fix bugs in CUDA kernels, code style compliance fixes.
"
llnl_hiop;a8e88281bcdc6791bfbb89f26d5f00be77f82391;Cosmin G Petra <petra1@llnl.gov>;1638488228;Update CHANGELOG.md
llnl_hiop;a8f2cff8776de453090c4a0ccbb4638bfd46f16f;Cosmin G. Petra <petra1@llnl.gov>;1652810783;"added transpose for CSR CUDA from CSR CUDA (csc2csr)
"
llnl_hiop;a8f5e5ee55f312ef75a8d4e852c685bea1c6677e;nychiang <sorakid507@gmail.com>;1742415868;"create branch
"
llnl_hiop;a90060cda59922dcc8184521942875bd328dff76;Cosmin G. Petra <petra1@llnl.gov>;1657511194;"added forgotten initialization
"
llnl_hiop;a90b8b11e3b1ee694c9f2072c7d7f1fcc12a7509;Fritz Goebel <fritz.goebel@kit.edu>;1697570276;"update Ginkgo interface to accept data on GPU through mem_space
"
llnl_hiop;a912c765326d69c17b1154ce26e587d67a4771f9;Katarzyna Swirydowicz <kswirydo@login1.ascent.olcf.ornl.gov>;1679626234;"number of iters now consistent
"
llnl_hiop;a913ab44e7193d87d26964a930b7cf9f9c07a37d;Chiang <chiang7@sephiroth.llnl.gov>;1627445179;"add an option to control min step size in LS
"
llnl_hiop;a9290ec24ba13d9f735b787b696f71cca7fc683d;Chumbipuma <chumbipuma1@croagunk.the-lab.llnl.gov>;1750460823;"Add mini driver for NlpDenseConsRajaEx2 example
"
llnl_hiop;a92db8b17be9267fc62b668967792af264bd49f2;nychiang <sorakid507@gmail.com>;1634607083;"add path to CAMP
"
llnl_hiop;a9688c41f4cd06b6c66b24c90b5e344ada160280;Asher Mancinelli <ashermancinelli@gmail.com>;1651622499;"Add ci scripts to latest develop branch
"
llnl_hiop;a9697fb1c9b6a3a876061a4b72f385171959249c;Asher Mancinelli <asher.mancinelli@pnnl.gov>;1636428893;"debugging
"
llnl_hiop;a9856ae0af786b17b53077d1a3a337eac5ca6e97;kswirydo <kasia.swirydowicz@gmail.com>;1657738727;"fixing merge conflicts
"
llnl_hiop;a9b86133a1c24ed7ba4cabb815fca57b34231daf;Cosmin G. Petra <petra1@llnl.gov>;1584658409;"replaced deprecated function std::ptr_fun with equivalent lambda function
"
llnl_hiop;a9c204f2c201dbbee3b4350db7b16ec26c4e9f27;fritzgoebel <fritz.goebel@kit.edu>;1707835078;"Merge 7630d4b3f72f3f75b7bf7f07f01c60be395a10ec into 6161396d9b562c39e7e6fe686ab46a2ec7927482
"
llnl_hiop;a9c80e60d03a215d115fb232822a05a5a52a9915;Slaven Peles <peless@ornl.gov>;1684512379;"Move the system matrix to RefactorizationSolver class.
"
llnl_hiop;a9cba4b40e8e5b654265ed7467fbad590821a72c;Asher Mancinelli <asher.mancinelli@pnnl.gov>;1609868159;"Fix for double pipeline trigger (#172)

* lightweight builds to avoid timeouts

* full builds available to run manually"
llnl_hiop;a9cc8824891044afd64778fde7b092898887535b;Cosmin G Petra <petra1@llnl.gov>;1756918053;"addressing review comments
"
llnl_hiop;a9e2697b00aa13ecf0ae4783dd8a41dee11dc50e;Cosmin G Petra <petra1@llnl.gov>;1650493816;Update CHANGELOG.md
llnl_hiop;aa08df939f0cf95c23ca96854c05af0e83122416;Cosmin G. Petra <petra1@llnl.gov>;1586800947;"fixed issues when dimensions or nnz are zero
"
llnl_hiop;aa184d628ec9cf8cca03986a32912b00966195f3;Cosmin G Petra <petra1@llnl.gov>;1617901061;"patch release 0.4 as 0.4.1 (#208)

* addresses a couple of small items forgotten when releasing 0.4.

closes #208 "
llnl_hiop;aa407058e3ad0b68884179ced678cc6768007163;Nicholson Koukpaizan <koukpaizannk@ornl.gov>;1676574568;"Used gcc/9.1.0-based GINKGO module on Ascent for consistency
"
llnl_hiop;aa567e2f73bcd06d9b282fe522b1f1594da15a44;kswirydo <kasia.swirydowicz@gmail.com>;1657318944;"formatting changes, cleanup
"
llnl_hiop;aa6149233d6f6c59683e163be0adb18e81ed976f;Asher Mancinelli <asher.mancinelli@pnnl.gov>;1591198557;"Removing PNNL build script
"
llnl_hiop;aa6186f895ca0f89c5b588cce35c683f2c581357;Cosmin G. Petra <petra1@llnl.gov>;1655845671;"fixing CI compilation errors
"
llnl_hiop;aa68d0d8fc56dcf5613f138f453520b13a0351d6;nychiang <sorakid507@gmail.com>;1654813903;"test
"
llnl_hiop;aa6d26f76d92c028e4dc8d556435e30b321ab70c;Cosmin Petra <petra1@llnl.gov>;1678547727;"cmake fix for AMD
"
llnl_hiop;aa77c056d28b159f296b93db3d0291aeaf9a8029;Cosmin G. Petra <petra1@llnl.gov>;1590715105;"used for loop instead of memcpy
"
llnl_hiop;aa8e3fd1f371aa38d0d9bf10aecdec1d73ed3b6a;Asher Mancinelli <ashermancinelli@gmail.com>;1646244749;"Fixes for magma inertia fix (#414)

* update MAGMA solver to use new version of magma

* Fix lambda capture for pridec ex9 (#400)

* Fix lambda captures in pridec ex9

* change cmakelist

* Resolve warnings and HIP targets

* Correct spock variables script

* Update environment modules

* Increase time limit, make incline job optional

* Add missing modules for ascent CI

* Style guide fixes, only std::abs outside RAJA

* Fix lambda decls and include limits

* Fix calls to abs and fabs

Co-authored-by: Nai-Yuan Chiang <chiang7@llnl.gov>"
llnl_hiop;aac98a8c163917f96984398caa735ba109f18ad3;Cosmin G. Petra <petra1@llnl.gov>;1591491636;"documented addSubdiagonal

and removed commented code
"
llnl_hiop;aaefe13844a91112909e847f1a33762429f81375;Slaven Peles <peless@ornl.gov>;1653333293;"Split options for cuSOLVER Cholesky and LU solvers.
"
llnl_hiop;ab2491fe7711c46ee543af83af1b2098cff7d296;Cosmin G. Petra <petra1@llnl.gov>;1636484478;"fixed mem leaks (run_single)
"
llnl_hiop;ab2e86c7da2b32e8dc6b33214f75b3ab37aee2e5;Cosmin G. Petra <petra1@llnl.gov>;1678124755;"Merge branch 'develop' into membackend-rajasparse-dev
"
llnl_hiop;ab2f7fb345b7d0affcefb3afc5f4c03f186b328f;Cosmin G Petra <petra1@llnl.gov>;1629232300;Update hiopLinSolverIndefDenseMagma.cpp
llnl_hiop;ab3791bf61a57153f5ebfec319d749cce18ddcb0;Cosmin G. Petra <petra1@llnl.gov>;1642783582;"documented method and updated TODO
"
llnl_hiop;ab40ef078257e5f174699a5ff61617cef150e100;Cosmin G Petra <petra1@llnl.gov>;1522699278;"relaxed fixed variables
"
llnl_hiop;ab482fd359f8d120916e071bd708795a83284762;Frank Wang <wang125@llnl.gov>;1626909328;"fixing constructor error
"
llnl_hiop;ab4e64ce70f4e9c32dfcce6adb5565131f58aade;nychiang <sorakid507@gmail.com>;1754088456;"add logger
"
llnl_hiop;ab5472872d9378fbac64459721999d1faa33e8ad;Alex Tyler Chapman <100869159+chapman39@users.noreply.github.com>;1710949794;"Update cmake paths to use 'project' counterpart (#684)

"
llnl_hiop;ab64081c4d2db0c3261aad731a340e6a164191cc;nychiang <sorakid507@gmail.com>;1683072696;"fix memory leaks in inertia-free alg and condensed linsys
"
llnl_hiop;ab715b8b3ad0f0b32d4610e195e09a064c3f1c85;Asher Mancinelli <asher.mancinelli@pnnl.gov>;1591126433;"removing trailing whitespace
"
llnl_hiop;ab7df7fd4d1b318693b64deba24c0a759697c30b;Cosmin G. Petra <petra1@llnl.gov>;1628617439;"Merge branch 'develop' into buka-gpu-dev
"
llnl_hiop;ab9666147f9416fd8e9051bbf860f1f9c999ce72;Juraj Kardos <juraj.kardos@usi.ch>;1564521783;"adding remaining solver routines defined in the interface
"
llnl_hiop;ab98ad9d0c23d600c6471cd2fc29d6e49186827a;nychiang <sorakid507@gmail.com>;1634144866;"compute scaling factor from user specified initial point
"
llnl_hiop;abba804f1895b6e192cd004231a3cdeed2fb0c3a;Tucker Hartland <tucker.hartland@gmail.com>;1761406617;"updating notebook
"
llnl_hiop;abc7c88e69933792ed9674c488d844215dd74f65;Tucker Hartland <tucker.hartland@gmail.com>;1751489690;"reverting change, as I was able to determine CI issue
"
llnl_hiop;abd1e64b588705cc93ac3d4dc08e19354498a691;nychiang <sorakid507@gmail.com>;1631751779;"fix zero-length dense matrix
"
llnl_hiop;abdcd2d97da020b9272aff319fcc23ca52e9bc87;nychiang <sorakid507@gmail.com>;1654817389;"correct scripts
"
llnl_hiop;abeebacf402f18a3f9d4f7cb513db6f270d02ea9;Cosmin G Petra <petra1@llnl.gov>;1613835291;Update README_developers.md
llnl_hiop;ac059356a7eeb4b81172cf9a5ed3b6eb94bdc806;Philip C. Roth <rothpc@ornl.gov>;1680885525;"Add debugging for contingency index NB comm ops.
"
llnl_hiop;ac062ffc133a1f8702ed5d3984365d3d68e4f9ae;Jonathan Wong <jonwong12@users.noreply.github.com>;1577318436;"Merge 2a025d1cb2c1cdb474a96e1b7ad0b1e17d2ef2d1 into d0dd75ba3f879c1f98670459eddfd603152839ec
"
llnl_hiop;ac20b3d943ed6b8991e3e98181455e8996d9dcb2;Cameron Rutherford <cameron.rutherford@me.com>;1730923248;Update spack_build.yml to fix cmake pulling llvm
llnl_hiop;ac25b47318dc183f8eacc65fcbb1be340d63d820;nychiang <sorakid507@gmail.com>;1658819603;"use the latest csr development
"
llnl_hiop;ac4e4751c951b6472619322852d9355ccc8419ba;Cameron Rutherford <robert.rutherford@pnnl.gov>;1676317083;Remove uneccessary LLNL rule
llnl_hiop;ac65d1d7905566a5cb46857525b6258f27df1f05;pelesh <peless@ornl.gov>;1648572002;"Remove fake inertia and fix example 6 accordingly (#440)

* Remove fake inertia and fix example 6 accordingly

* Removing fake inertia for cuSolver from duals updater."
llnl_hiop;ac760834191b01cc93b40e8f8348ade475cee85e;Tucker Hartland <tucker.hartland@gmail.com>;1750809058;"fixing indentation
"
llnl_hiop;ac76c32aa23fc2e3fef6f5497d901dc83bdc3731;Cosmin G. Petra <petra1@llnl.gov>;1484703077;"added a bit more doc and fixed typos
"
llnl_hiop;ac7aed647d59bf6d4437fd61b1df9e869f8a6447;Cosmin Petra <petra1@llnl.gov>;1582890818;"implemented solve for MA87 solver
"
llnl_hiop;ac8327e4cf0e13423a00b7d5df9fb4c05cd8a5c8;Jingyi Wang <wang125@lassen708.coral.llnl.gov>;1607573757;"fixing conflicit
"
llnl_hiop;aca17cae1cd25715e4c9fa75c66d2af1b2071430;Cosmin G Petra <petra1@llnl.gov>;1755011765;Added Weslley to contributors
llnl_hiop;aca9786ecf84614091ea65f1680dbd08749c1f4c;Cosmin G. Petra <petra1@llnl.gov>;1647990225;"updated code with the new Seq/Host CSR matrix name
"
llnl_hiop;acae7dc0750efc599fd22597bdb4d34908b42599;nychiang <sorakid507@gmail.com>;1755038899;"update logger
"
llnl_hiop;acaf4c5e275064f4b2ba43b8e89ea207e87d02f1;Cosmin G. Petra <petra1@llnl.gov>;1605111292;"build system updates

- builds without STRUMPACK (SparseKKT class was updated)
- add ""dl"" when coinhsl is linked with
- left some further todo items
"
llnl_hiop;acc16601056f47b8898778ba51e5501bad6b1ae0;nychiang <sorakid507@gmail.com>;1645230372;"change cmakelist
"
llnl_hiop;acce5d1d4157ca7d480db5f30180877e42d3dd03;Cosmin G. Petra <petra1@llnl.gov>;1622481682;"rolled back 'hiopInt' to 'int_type'
"
llnl_hiop;acf0f7876a294ca4b10628d2fc0a994d70df0a1b;Nai-Yuan Chiang <chiang7@llnl.gov>;1619737088;"fix initial val and add unit test
"
llnl_hiop;ad0a54564aba7365c8d55890839e82057b622122;Cosmin G. Petra <petra1@llnl.gov>;1628274208;"magma2.6.1 with cuda 10.2.x
"
llnl_hiop;ad0a6dddfa52a3237227adedc8efec169c6af4e6;nychiang <sorakid507@gmail.com>;1605066047;"fix index when print out dense matrix
"
llnl_hiop;ad166bf7c607e2526e14343a17dbe7ed553c4d58;pelesh <slaven.peles@pnnl.gov>;1595217934;"Refactoring vector and dense matrix interfaces (#59)

* Fixing RPATH for installations.

* Enable building with MPI and CUDA code in the same compilation unit

* removing PNNL-specific CI stuff

* boosting cmake min version to 3.12

* Adding new files for hiopMatrixDense

Broke defs and decls into new file
FYI I should have added this to the previous commit

* Replaced all naked news with factory methods

Dense matrix construction is now abstracted away from the individual
implementation such that we will be able to swap new dense matrix
implementations into cosmins kernels

* Use abstract vector interface in all algorithm methods.

* Add linear algebra factory class

* Adding missing LLNL auspices.

* formatting and documentation cleanup

* incremental changes to conform to the style guide

* finalizing correct member var naming conventions

* Use MPI_COM_SELF as default communicator everywhere.

* removed constexpr that was creating compilation errors on macos

Co-authored-by: Mancinelli, Asher J <asher.mancinelli@pnnl.gov>
Co-authored-by: Cosmin G. Petra <petra1@llnl.gov>"
llnl_hiop;ad1aa7767d35b47cb27a85cd830d8f8908c3c441;Tucker Hartland <tucker.hartland@gmail.com>;1755628179;"typo
"
llnl_hiop;ad28b2e5eb3f82aaef57499b2589b06cb9207719;Cosmin G. Petra <petra1@llnl.gov>;1537885601;"replace ex2 with the better behaved ex1 in the test suite for WITH_MPI and 50K size
"
llnl_hiop;ad64ff2ef895b71933d1fa074efe0f0ac0195d51;Slaven Peles <peless@ornl.gov>;1683643683;"Add setup method to iterative refinement class.
"
llnl_hiop;ada90b2dbb18d3c8d659b0c156e607086928a2a2;Juraj Kardos <juraj.kardos@usi.ch>;1566921179;"saving hessian mtx
"
llnl_hiop;adc1520afdd585ffd5fdb6c4110a13858493dd04;Cosmin G Petra <petra1@llnl.gov>;1586240112;fixed typos
llnl_hiop;adc33cac5bced967b0320818d56ec61a1d805fe8;Cosmin G. Petra <petra1@llnl.gov>;1580748577;"updated build system for the new sparse triplet storage template class
"
llnl_hiop;add7b94b550ce2dfff3c245c7df38ff84ab88c26;nychiang <sorakid507@gmail.com>;1654816305;"fix ci.yml
"
llnl_hiop;adf30e6cf51d198c3dc0645e17e8e071c1aef28a;Cosmin G Petra <petra1@llnl.gov>;1727045816;"Merge branch 'develop' into chkpnt-dev
"
llnl_hiop;ae261351d7cf0e912c6031ca6530d7ec7a07bed9;Cosmin G. Petra <petra1@llnl.gov>;1602524071;"updated documentation and readme

 - updated user guide and added src files
 - updated doc on GPUs and MDS
 - updated contributions to 0.3
"
llnl_hiop;ae29537e26dede44551ea1ed605db543818a3093;Mancinelli, Asher J <asher.mancinelli@pnnl.gov>;1583346459;"Merge branch 'dev/unit_tests' into 'dev/ut-mpi'

# Conflicts:
#   tests/LinAlg/vectorTests.hpp
#   tests/LinAlg/vectorTestsPar.cpp
#   tests/LinAlg/vectorTestsPar.hpp
#   tests/testVector.cpp"
llnl_hiop;ae2cc3e6e2ef9c676cce1b4bac63c4bb4c4dd74c;Chiang <chiang7@sephiroth.llnl.gov>;1623479849;"test
"
llnl_hiop;ae2fd23d3f05147ef2c9b62894267a5400a08d95;Cosmin G. Petra <petra1@llnl.gov>;1482960611;"implemented the starting point method
"
llnl_hiop;ae3318a74e2d9737210cae81cf0a0450e03dab4f;Nai-Yuan Chiang <chiang7@llnl.gov>;1635448067;"Sparse kernel development for GPU. Part 3 (#322)

* add RAJA copyDiagMatrixToSubblock and copyDiagMatrixToSubblock_w_pattern

* add unit test

Co-authored-by: Chiang <chiang7@sephiroth.llnl.gov>"
llnl_hiop;ae41f2b3c692004ddfa5560469a2389931ce18d7;Cosmin G. Petra <petra1@llnl.gov>;1602883801;"wraped up the PR

 * updated doc for BUILD.sh and set RAJA and UMPIRE to OFF default values for the build system

 * removed addToSymDenseMatrixUpperTriangle and documented transAddToSymDenseMatrixUpperTriangle

  * added unit tests for addUpperTriangleToSymDenseMatrixUpperTriangle.

  * updated README with minimal RAJA/UMPIRE information
  * put assert / warnings in LA factory when mem space is not available
"
llnl_hiop;ae43b32d0b695bbc2d4563d02e8902a29ce1bd2a;Chiang <chiang7@sephiroth.llnl.gov>;1620165678;"fix alignment issue
"
llnl_hiop;ae51bf6220de80a8361a98839c003832887ebbc6;Tucker Hartland <tucker.hartland@gmail.com>;1761173075;"updating variance upper bound computations, it is working :)
"
llnl_hiop;ae5602c1df2a536099e675aec90b0591fb4d6eca;Nai-Yuan Chiang <chiang7@llnl.gov>;1707150133;"Dense matrix needs RAJA when GPU is used (#676)

* dense matrix needs RAJA when GPU is used

* update CMakeList

* add a description

* have an error message when GPU is on but raja is off."
llnl_hiop;ae75eddb44e52b136eb6a4f08d000449d39c261a;kswirydo <kasia.swirydowicz@gmail.com>;1657318944;"formatting changes, cleanup
"
llnl_hiop;ae8c17821a5c66cbe83a361faff334777f117d22;nychiang <sorakid507@gmail.com>;1742836002;"test CI
"
llnl_hiop;ae8db6d16560e5bd92625d57f381942f03573d31;Fritz Goebel <fritz.goebel@kit.edu>;1647615183;"add missing option for ginkgo
"
llnl_hiop;ae980a9441331491bbb2f1e8b7484861dcc6e6a8;Jingyi Wang <wang125@lassen709.coral.llnl.gov>;1608590746;"first update of ex9 works on single core only
"
llnl_hiop;ae9c643a07afe1a088c74ece11b4f62ba0bf930b;rcrutherford <robert.rutherford@pnnl.gov>;1656449059;"Update marianas variables and disable Newell CI.
"
llnl_hiop;aeafa46b5037aa5fc8838b9fc998afa72068abb8;Chiang <chiang7@sephiroth.llnl.gov>;1617853478;"fix
"
llnl_hiop;aecf61c15476d7464f060c8177bb3dbe280fd08c;pelesh <peless@ornl.gov>;1675967074;Increase verbosity for Ginkgo CUDA test and turning off non-sparse tests temporarily.
llnl_hiop;aed62c8d0f0e2d22ffc26607c16f29c5ace599aa;Asher Mancinelli <asher.mancinelli@pnnl.gov>;1589088597;"whitespace fixes for consistent two-space indentation
"
llnl_hiop;aed6a914009f65e4f8ea51dcc07a6465c8f3ce03;Asher Mancinelli <asher.mancinelli@pnnl.gov>;1606348428;"Adding abs path to openblas on marianas
"
llnl_hiop;aee0bb0500b109ff733e250596fac61d23340334;nychiang <sorakid507@gmail.com>;1611872009;"reverse to the original code
"
llnl_hiop;aee48ef9bdc6f0648b7750bdf551d788885c15e5;nychiang <sorakid507@gmail.com>;1616655751;"move linesearch conditions to a new function
"
llnl_hiop;aef149bd05366e04b0ffd5812eb6dea21c660842;nychiang <sorakid507@gmail.com>;1634244334;"use new version of magma
"
llnl_hiop;aef34343de6cdf1247888798e57833d9c39bcd3d;Nai-Yuan Chiang <chiang7@llnl.gov>;1687550145;"Merge a8d4183313cb4a0433d8966381b21d89f17b167d into c4542f471e8d1379956769cb1cea67072bbbecae
"
llnl_hiop;aef6aa69a23d36fbc15b6330b51b38127402738a;nychiang <sorakid507@gmail.com>;1655316384;"test
"
llnl_hiop;af159efeb9cf9fb4e63ddcb332b65f23f72b6b8c;Asher Mancinelli <ashermancinelli@gmail.com>;1651622499;"Add ci scripts to latest develop branch
"
llnl_hiop;af418165a1f89795246e477845a3a24e7b71c3be;Asher Mancinelli <asher.mancinelli@pnnl.gov>;1615916379;"Update xSDK compliance document
"
llnl_hiop;af5c83ddbdea9b6353b5a380ae10817a444ae47a;Slaven Peles <slaven.peles@pnnl.gov>;1594947447;"Use MPI_COM_SELF as default communicator everywhere.
"
llnl_hiop;af7066a473806904672ef5542ab874829f475679;Nicholson Koukpaizan <koukpaizannk@ornl.gov>;1679675838;"Remove annotation of bicgstab::solve. The range just shows up as 'solve', which gets confusing
"
llnl_hiop;af7628917ec8ac1572b516d0146b86cb517706ba;Cosmin G. Petra <petra1@llnl.gov>;1587085027;"Merge branch 'master' into dev/kronNeMDS
"
llnl_hiop;af7fa1a225d19f37999587f0949c638a598a5db1;nataliarodriguez-uc <natalia_rodriguezuc@berkeley.edu>;1754337760;"needs work on stopping criteria
"
llnl_hiop;af91b0392b6d23ba2fcce0153bdcccaafafca20c;Cosmin Petra <petra1@llnl.gov>;1612196915;"Merge branch 'develop' into duals-init-dev

Conflicts:
	src/Optimization/hiopKKTLinSysMDS.cpp
	src/Optimization/hiopKKTLinSysSparse.cpp
"
llnl_hiop;af9c15cc1610334c4e5003cd7ba2d653ceee66ca;nychiang <sorakid507@gmail.com>;1614357835;"check if sparse matrix are sorted
"
llnl_hiop;afa1fa8b1c53b7385c7d1640867091b3fcc54816;nychiang <sorakid507@gmail.com>;1655349508;"correct sparse ex3
"
llnl_hiop;afaad8007974f68e8c466396e0036d58bebacbf7;Cosmin G. Petra <petra1@llnl.gov>;1652200931;"update notes on the use of ""linear_solver_sparse"" option
"
llnl_hiop;afaae42d108427398f013506aaeae8f4560356f1;Cosmin G Petra <petra1@llnl.gov>;1647540993;"updated timers (#431)

* updated KKT timing to better record and display  Krylov-related solves

* fixed missing or incorrect timer start or stop calls

Co-authored-by: Nai-Yuan Chiang <chiang7@llnl.gov>"
llnl_hiop;afb23f949ea582bf6a4f9ebf51b2abfca3eded05;Nai-Yuan Chiang <chiang7@llnl.gov>;1745869668;"HiOp-v0.0.6 --- support of Nonlinear constraints. (#726)

* add support to solver trust-const; add support to vectorized constraints

* add utils folder

* Update setup.py

---------

Co-authored-by: Cosmin G Petra <petra1@llnl.gov>"
llnl_hiop;afb9dbb8f40cf22d4f7f5e13a09e5203809309ab;Peles, Slaven <slaven.peles@pnnl.gov>;1590197216;"Merge branch 'asher/unit_tests' into 'dev/unit_tests_rebase_master'

Matrix Unit Tests

See merge request exasgd/solvers/hiop!10"
llnl_hiop;afbbe7e806a5207f49143604e19103e18a4d9e68;Slaven Peles <peless@ornl.gov>;1684539082;"Move iterative refinement to RefactorizationSolver class.
"
llnl_hiop;afe5bd4d88ad1182a3a3087b37ba2d1d55fdc6d2;rcrutherford <robert.rutherford@pnnl.gov>;1608160922;"Implemented getLocalElement for matrices and vectors, and removed getNumLocRows, getNumLocCols in matrixTests.hpp
"
llnl_hiop;afeccfc3fbf58dcf1db92a886bc4b81b5a2e2b4c;Cameron Rutherford <robert.rutherford@pnnl.gov>;1717714144;Build ^libevent~openssl
llnl_hiop;afeea3ca5513a2130defa5c831a4c14959918596;Cosmin Gheorghita Petra <petra1@cab670.llnl.gov>;1493678050;"Small updates there were required for CAB
"
llnl_hiop;aff5ca55581671a05bbc0a65545eb7f7877b35f4;Asher Mancinelli <asher.mancinelli@pnnl.gov>;1609182678;"Fixing module names and paths for magma 2.5.4
"
llnl_hiop;b00402f1ac30fe5c9a85f3c9e22ee03ba2ca1d68;Asher Mancinelli <asher.mancinelli@pnnl.gov>;1626989232;"Update umpire version to 5.0.1 (#282)

"
llnl_hiop;b0289f570b42bf7afa87ec7788d71cff10f8c6f4;Chiang <chiang7@sephiroth.llnl.gov>;1646284758;"create subfolders
"
llnl_hiop;b03cb5e6265a9c36c4e3f096a3ae420319ab8938;Cosmin G. Petra <petra1@llnl.gov>;1641495345;"reviewer comments
"
llnl_hiop;b064345e1846f3b995544b6a09413fc25e5a7cb1;Juraj Kardos <juraj.kardos@usi.ch>;1565647854;"safety check
"
llnl_hiop;b0703b5edd73792aa2671bcb872f49cc1babf478;Asher Mancinelli <asher.mancinelli@pnnl.gov>;1637368522;"Added test description to matrixTestsSymSparse.hpp
"
llnl_hiop;b08a3dede735944cc33649058cfc6f95450ee3e3;Juraj Kardos <juraj.kardos@usi.ch>;1566938097;"adding access to optimal dual variables in IPM solver
"
llnl_hiop;b0b617376e5c423bf1a443455ce4e88549b2baad;Cosmin G Petra <petra1@llnl.gov>;1707188998;"Moving limits options  (#681)

* added moving limits options in Quasi-Newton solver

* options for the Newton solver

* updated user manual"
llnl_hiop;b0bca908d97cca72ada4d68f19c6f7aaf2367bf0;nychiang <sorakid507@gmail.com>;1605730549;"fix wrong function
"
llnl_hiop;b0bdf85dd59abd8d945616277c9af52870c559fd;rcrutherford <robert.rutherford@pnnl.gov>;1622233908;"Changing NVCC arch in build scripts.
"
llnl_hiop;b0c10c1392999318952cd13eeebe09c04c68c000;Slaven Peles <slaven.peles@pnnl.gov>;1600999604;"Preempt potential issues in dense RAJA matrix implementation.
"
llnl_hiop;b0d1212ff476eeaba15467aa26c5be7f7d289acb;Cosmin G. Petra <petra1@llnl.gov>;1636569360;"RAJA implementations for copy_from_indexes and axpy
"
llnl_hiop;b0d7b2a4e37b316ef0cd97603db2cd025bb5fa93;Tucker Hartland <tucker.hartland@gmail.com>;1759265591;"bnb incorporated into the branch. this will help me parse the code as each of the logical components will be organized as we have organized hiopbbpy
"
llnl_hiop;b0eeffb7eb83b7e86dda8bffb0c28ce84084c281;Nai-Yuan Chiang <chiang7@llnl.gov>;1616106282;"Merge pull request #197 from LLNL/adjust-var-dev

Adjust slacks and relax var/con bounds before solving the problem"
llnl_hiop;b0f53c08c7edf1ead7f1cb6c1e3d61e6aff702ea;Tucker Hartland <tucker.hartland@gmail.com>;1755628087;"small update
"
llnl_hiop;b0f60236156e09c15cc1bfad30f3b7c0f3b78819;Asher Mancinelli <ashermancinelli@gmail.com>;1645573567;"Update environment modules
"
llnl_hiop;b107558e2d15a783b70b83d9168d11e8bb79fb26;nychiang <sorakid507@gmail.com>;1675737204;"address issue 513
"
llnl_hiop;b111c25d8f2026026749d7ad7790dbe456c5ffdc;Cosmin G. Petra <petra1@llnl.gov>;1582244151;"kron skeleton code builds
"
llnl_hiop;b1144684b514c78c044548269349de913c41632b;Cosmin Petra <petra1@llnl.gov>;1588382886;Update plan/plan.md
llnl_hiop;b12079d09e1090cd73f0cedf9016dcbf915cb0ee;Chiang <chiang7@sephiroth.llnl.gov>;1635914615;"soft FR
"
llnl_hiop;b1208b561be379bf3c5587eeb68fa87867187e89;Juraj Kardos <juraj.kardos@usi.ch>;1565971032;"removing exact AL assembly (for Cosmin to test the AL)
"
llnl_hiop;b17799388cc7b2bda11f970064543893991e3c70;Cosmin G. Petra <petra1@llnl.gov>;1613610462;"CSR iajaaa output contains NLP sizes
"
llnl_hiop;b181fda5077e1771fb14ec778b32f86c119c719a;rcrutherford <robert.rutherford@pnnl.gov>;1607061477;"Made MPI options specifyable through CMake and added configurations to build script.
"
llnl_hiop;b18cabce9264f65ea9230aac6a188f8630c1ff34;Cosmin G. Petra <petra1@llnl.gov>;1615933100;"as per NY's review
"
llnl_hiop;b192a86440d1cf6d1d2ac181a52ac5d6b4141bee;Cosmin G. Petra <petra1@llnl.gov>;1673379001;"renamed device namespace to cuda or hip
"
llnl_hiop;b1a7219df8fb8874c5e5b5e3d030fb57bf14b416;Cosmin G Petra <petra1@llnl.gov>;1638488228;Update CHANGELOG.md
llnl_hiop;b1a7eb09dcc4d445b384ce99d65b4528744c9d94;kswirydo <kasia.swirydowicz@gmail.com>;1657841280;"fixing some weird copy-paste errors
"
llnl_hiop;b1adf644bbf11dbc95ff781a417536c920c5aba4;Ryan Danehy <ryandanehy4@gmail.com>;1699014764;"Merge 5887aace178b43ed24bd9eeb2289bc2c3660feb4 into 27f24cea1f53f4770f9adbbb2064326df79d90ff
"
llnl_hiop;b1afcd0bb0555c60fbfac3eb93cc14d2da0fc8ca;Cosmin Petra <petra1@llnl.gov>;1608662364;"updated documentation
"
llnl_hiop;b1b4f856895e744aff0dfb3fe428d4fe90d028a9;nychiang <sorakid507@gmail.com>;1690441792;"correct typo
"
llnl_hiop;b1d5d0a9880bf21ecb43c1fd01084da8ee88491e;Asher Mancinelli <asher.mancinelli@pnnl.gov>;1636407811;"still trying to go around protected method
"
llnl_hiop;b1df54c7ada86beb021f528cca8ca3c76dffb718;Nai-Yuan Chiang <chiang7@llnl.gov>;1668644480;Update hiopNlpFormulation.cpp
llnl_hiop;b1f0645d4c2ee5962a68e5847087008da5ffde9b;Asher Mancinelli <ashermancinelli@gmail.com>;1624320821;"Update ascent to use moduels
"
llnl_hiop;b213f126c81a12bd3a018ced2564542ca5d6701b;nataliarodriguez-uc <natalia_rodriguezuc@berkeley.edu>;1753806568;"upload bb
"
llnl_hiop;b2186ce5d604cffc9746a8d12eac1c1fe2a0df23;Chiang <chiang7@sephiroth.llnl.gov>;1630713725;"clean the code
"
llnl_hiop;b21c3c59cada2abae9510380f165b34f078eb6ae;Cosmin G Petra <petra1@llnl.gov>;1726088989;"instrumentation for saving quasi-Newton internals to sidre
"
llnl_hiop;b22802b0312adbf99b4bd22342f1c6333ed0ce46;Cosmin G. Petra <petra1@llnl.gov>;1586993357;"added interface methods for full-body constraints
"
llnl_hiop;b250b8f12f25e79333294a31d333f11011162de2;nychiang <sorakid507@gmail.com>;1601146367;"Add example for sparse case; Fix bugs and white space issue.
"
llnl_hiop;b25163291b4037de7830a8ef9c667f974a92fc1d;Cosmin G Petra <petra1@llnl.gov>;1575318392;updated readme.md
llnl_hiop;b25580f70652ed0555ab90af67b483f6aba56f89;nychiang <sorakid507@gmail.com>;1741652396;"add files into the correct folders
"
llnl_hiop;b25661c6f6989ef9142e6a762ba88a204db68ba7;Fritz Goebel <fritz.goebel@kit.edu>;1649339731;"Fix �issue when building without COINHSL
"
llnl_hiop;b25e090851b72a06b85436f47b241df7f1eafe51;nychiang <sorakid507@gmail.com>;1660694713;"correct indentation
"
llnl_hiop;b27727ccea92f0bc3432a6bf4a21da17a4d41266;Nai-Yuan Chiang <chiang7@llnl.gov>;1626298800;Merge branch 'develop' into sparse-gpu-kernel-2-dev
llnl_hiop;b283b07fd66df77c4d2c3955ed64f9860be5cf08;Cosmin G Petra <petra1@llnl.gov>;1742416828;"fixed bug in new B0 code
"
llnl_hiop;b29c84105cdc01666c58022006c638d8a6a58883;nychiang <sorakid507@gmail.com>;1606860684;"support distributed (MPI) vectors
"
llnl_hiop;b2ac31194d8694597a75913bdec4fc94b3c012b8;Slaven Peles <slaven.peles@pnnl.gov>;1607638544;"CMake cleanup.
"
llnl_hiop;b2d1fd2a481515a0b84cc81b05dd6a0e9045730b;rcrutherford <robert.rutherford@pnnl.gov>;1608163334;"Implemented verifyAnswer for vectors in matrixTests.hpp
"
llnl_hiop;b2d2db4fd3e4217cda93b879222fcef63699335d;Cosmin Petra <petra1@llnl.gov>;1596000949;"Merge branch 'master' into gpu-devperf

Conflicts:
	src/LinAlg/hiopLinSolverIndefDenseMagma.hpp
"
llnl_hiop;b2fa3c66b957382f5fc20bc50f2cdc3f9716585e;nychiang <sorakid507@gmail.com>;1655852095;"change grid/block size
"
llnl_hiop;b30751b773fb67ec235b79bdc27553801185b88e;Nai-Yuan Chiang <chiang7@llnl.gov>;1632415080;"add return value (#329)

"
llnl_hiop;b30df8bb2d248413b9d5e340f10dd43cb44c30c4;Cosmin G. Petra <petra1@llnl.gov>;1613002311;"Merge branch 'develop' into pridecomp-dev
"
llnl_hiop;b31bec0566529f94b06187f1472be3a7240730b4;Juraj Kardos <juraj.kardos@usi.ch>;1564531197;"implementing update strategy similar to LANCELOT
"
llnl_hiop;b323b4c35222218c39f33ea985604b4e5a878ae3;nychiang <sorakid507@gmail.com>;1607115618;"fix bugs in convertToCSR in sparse matrix
"
llnl_hiop;b328027ead344521364d27d5d155ace5dbe95e2f;rcrutherford <robert.rutherford@pnnl.gov>;1675890825;"Update ginkgo install on Newell and Deception.
"
llnl_hiop;b33a6c8fe6239f82702a65280477b6731193ca8d;Cosmin G. Petra <petra1@llnl.gov>;1664554739;"user manual pdf
"
llnl_hiop;b35fe1cc918d46386ae1e5b410f415f1fe31d49c;rcrutherford <robert.rutherford@pnnl.gov>;1608672711;"Enforced THROW_NULL_DEREF at end of implementation specific test functions when conversion of base class to derived class fails.
"
llnl_hiop;b3662a86a6ed949c5662c34b22c17156a17f7bf8;Cosmin G Petra <petra1@llnl.gov>;1747324510;"addtl workaround UMPIRE issues with not recognizing its own allocated memory
"
llnl_hiop;b38da1df256ac930c2bff78f3038b88612fce972;Cosmin G Petra <petra1@llnl.gov>;1639783198;"coding styleguide
"
llnl_hiop;b38da418772f1d770f3812dad18d129cc5cfcf56;Jaelyn Litzinger <jaelyn.litzinger@pnnl.gov>;1636745539;"export use_coinhsl config through cmake
"
llnl_hiop;b392dd9b94366a56e2815b05e7ec81dfca16b7d9;nychiang <sorakid507@gmail.com>;1611823821;"fix projectIntoBounds_local in hiopVectorPar.cpp
"
llnl_hiop;b3a3cf5d720d6c88a8fa496d516a46e24809b5c6;Nai-Yuan Chiang <chiang7@llnl.gov>;1685122503;"Update IPM algorithm for the dense solver (#616)

* fix ipm alg

* rename files"
llnl_hiop;b3bf2a71e31dfb011ff0d3758e939f6f5da974d1;nychiang <sorakid507@gmail.com>;1651615568;"re-engineer the code
"
llnl_hiop;b3dc70d491dfbcd3af17eb4f78787d9912fe174c;Asher Mancinelli <asher.mancinelli@pnnl.gov>;1631558659;"Merge pull request #312 from LLNL/cameron/cusolver-rebase-dev

Cuda configuration fix"
llnl_hiop;b3e93630a7029f5bc41996138bc2b7a612d014c8;Asher Mancinelli <asher.mancinelli@pnnl.gov>;1607716910;"Adding documentation
"
llnl_hiop;b404552e542a6547d88e6908f6a877184afd44c8;Jonathan Wong <jonwong12@users.noreply.github.com>;1528394018;"Merge 2a025d1cb2c1cdb474a96e1b7ad0b1e17d2ef2d1 into 0b8869c91a5880fc36d441243c0df0082a34061c
"
llnl_hiop;b40dda57af6d349e7743ba8bb00e765e33a5bdf8;Asher Mancinelli <asher.mancinelli@pnnl.gov>;1619101284;"Handle kronred sources better
"
llnl_hiop;b43e0b3b6cb1849615bfc086523ae2176bd26bc0;Cosmin G Petra <petra1@llnl.gov>;1756226104;"large bound duals warning is displayed only once
"
llnl_hiop;b463786deabd1c0e95b949c914ed37d6cee3e4e7;Asher Mancinelli <asher.mancinelli@pnnl.gov>;1636479974;"Added pre and post conditions
"
llnl_hiop;b464601f88b34f3bd869f951097587416efa3fff;Cosmin G Petra <petra1@llnl.gov>;1606972859;Update README_summit.md
llnl_hiop;b4d4b74d32673666bbf93e79c63cd94e8e377802;nychiang <sorakid507@gmail.com>;1683322908;"use inf norm
"
llnl_hiop;b4df8822909e9e4adbbf665d9f9263caeee10726;kswirydo <kasia.swirydowicz@gmail.com>;1653709509;"CUSOLVER class cleanup and reorganization
"
llnl_hiop;b5133dfbec6eb929dccc31d4b7ebf9c285217ad4;Frank Wang <wang125@llnl.gov>;1612978155;"update ex9
"
llnl_hiop;b5166ca2f407ca896bfb47353d95a3c2e5967075;Cosmin G Petra <petra1@llnl.gov>;1643233103;"fixed compilation warning from ibm compilers
"
llnl_hiop;b51759900e3cf4cec28320caece222a0e8368afb;nychiang <sorakid507@gmail.com>;1634596533;"bug fix
"
llnl_hiop;b5247539cd3c93ca261f0a4b0a72116577871a82;Asher Mancinelli <asher.mancinelli@pnnl.gov>;1583203279;"squashing new tests into a single scope
"
llnl_hiop;b53069522f929c131d0a9e749806d32d424d402b;Nai-Yuan Chiang <chiang7@llnl.gov>;1614059082;"Merge 413992172ee0923a195d57cd4dcf545641871cee into 9eb026768bc5e0a2c1293d0487cc39913001ae19
"
llnl_hiop;b533dc56f263dced53fc6f2abf4b03eceb66bb47;nychiang <sorakid507@gmail.com>;1706912384;"have an error message when GPU is on but raja is off.
"
llnl_hiop;b534fa05a5e2b6f62a9236250ad9ba18fb7882c3;rcrutherford <robert.rutherford@pnnl.gov>;1667924820;"Update CMake cache for full cuda arch matrix.
"
llnl_hiop;b54baff9688ed5bf44c0bb30eaf4629a0844989b;rcrutherford <robert.rutherford@pnnl.gov>;1622233797;"Fix NVCC arch + sep. comp. + change Magma conf.
"
llnl_hiop;b55b74fe23964f2cf901defafda93d7ceb44e46c;Frank Wang <wang125@llnl.gov>;1637605664;"small update
"
llnl_hiop;b580958e094933ff34ba23dd4a737a273a869027;Cosmin G. Petra <petra1@llnl.gov>;1588952322;"added addSubDiagonal (for a constant l-operand) in matrix classes
"
llnl_hiop;b5843574106922cf67c48571302bd8ae34a8d3c7;Cosmin G. Petra <petra1@llnl.gov>;1656077768;"added trasnfer to CSR CPU matrix
"
llnl_hiop;b5a65c6e8c00499b617025473bc1bfeff26e3087;Cosmin G. Petra <petra1@llnl.gov>;1671407250;"fixed merge compilation errors
"
llnl_hiop;b5a8790e1003abfb92551456811b5dec01a2bf57;Cosmin G Petra <petra1@llnl.gov>;1666387214;Update README.md
llnl_hiop;b5bae232400c560420e9245962d197c92dd13234;Jaelyn Litzinger <jaelyn.litzinger@pnnl.gov>;1658955065;"update newell variables to centos8 version
"
llnl_hiop;b5e5062850dfee250aa7536c8ae47d3f3d87492a;nataliarodriguez-uc <natalia_rodriguezuc@berkeley.edu>;1757534107;"working on new sigma^2_L formula
"
llnl_hiop;b5e5dff9ec42e69ebe3e0db87381f6acdce02a89;Nai-Yuan Chiang <chiang7@llnl.gov>;1649961035;"A temporary solution to the magma-hip bug (#444)

* add method to symmetrize a dense matrix

* fix RAJA implementation, and metis issue

* Update hiopMatrixRajaDense.cpp

Co-authored-by: Nai-Yuan Chiang <chiang7@login2.crusher.olcf.ornl.gov>"
llnl_hiop;b5f15a3a9d61555d64951f72a6384b27da38fa46;Chiang <chiang7@sephiroth.llnl.gov>;1631650566;"remove inclusive_scan
"
llnl_hiop;b5fefccd149632a5649273dbeca3309e785af5ba;Chiang <chiang7@sephiroth.llnl.gov>;1643414549;"fix pointer
"
llnl_hiop;b5ff44dfe7488daff63095d5dc1361d5ef58bef4;nychiang <sorakid507@gmail.com>;1613621940;"failed line search
"
llnl_hiop;b5ffcf05519d7e76f378ce64df7072520952f436;Tucker Hartland <tucker.hartland@gmail.com>;1759254833;"merging in master
"
llnl_hiop;b61dd9546c6e0ca2014d8e42aa5616872aa6db41;Cosmin Petra <petra1@llnl.gov>;1607974605;"updated the KKT linsys to work with new classes
"
llnl_hiop;b62199fc2c7a127bbc1782b1479bfa14ec4788b0;Cosmin G. Petra <petra1@llnl.gov>;1493938035;"Added readme
"
llnl_hiop;b64c056d0ae049e97e08dbaa4bbc6240393a2b0f;Cosmin Petra <petra1@llnl.gov>;1577126936;"update Matrix' addSubDiagonal
"
llnl_hiop;b651915e4740a5d46a88c466804a0e456d42fee2;rcrutherford <robert.rutherford@pnnl.gov>;1621290567;"Look for magma_v2.h in Magma find module.
"
llnl_hiop;b68b009fc408925c15f3d4c132ba7b5f1fe6da87;Cosmin G. Petra <petra1@llnl.gov>;1585004445;"KRON reduction updates
"
llnl_hiop;b69afcd9fae6d4e07cd9974af7cd1e311f0a2a72;Cosmin Petra <petra1@llnl.gov>;1582830417;"added tests for the newly implemented slice methods
"
llnl_hiop;b69cc2448fbc2996cbf5996e24a2adc9b3e60398;kswirydo <kasia.swirydowicz@gmail.com>;1654722289;"fixing options for cusolver IR
"
llnl_hiop;b6bf6d8394c1e14e815c1f93031503bcee5b2683;Weslley da Silva Pereira <weslley.dasilvapereira@nrel.gov>;1749851179;"Adds evaluation manager to utils
"
llnl_hiop;b6bf751ea40c95578de4f40c63774b905c2ca1a2;Asher Mancinelli <ashermancinelli@gmail.com>;1589398441;"Spaces in between most operators

Co-authored-by: pelesh <slaven.peles@pnnl.gov>"
llnl_hiop;b6c9e2ca87d42948a3368387e7be4ea1cd869f13;Juraj Kardos <juraj.kardos@usi.ch>;1564011576;"being careful about the types when calling Ipopt interface, long long vs Ipopt::Index
"
llnl_hiop;b6d501103c825f0665c6f5639ed8ede788af675c;Tucker Hartland <tucker.hartland@gmail.com>;1744671673;"other batch_types added
"
llnl_hiop;b6dd9e690e719d7dfbb0fdac39057c644ab89ed1;Cosmin G. Petra <petra1@llnl.gov>;1587014519;"updated the driver to support testing
"
llnl_hiop;b6ec9149db37860fe732e6f9168d3c932f21dbc9;Cosmin G Petra <petra1@llnl.gov>;1586867253;"Merge pull request #17 from pelesh/dev/NewtonMDS-cmake indev/NewtonMDS

Quick fix of improper/redundant quotes in cmake->set  in dev/NewtonMDS"
llnl_hiop;b6f192ba47c4e96481d92d141ceb6329a5f61ee4;Cosmin G Petra <petra1@llnl.gov>;1758924895;"improved output formatting
"
llnl_hiop;b6fee4898883f19ec6547cc137869faf345b90dc;nychiang <sorakid507@gmail.com>;1697041504;"fix typo
"
llnl_hiop;b706322672429197fe8a42123745a3ad504e1e9d;Cosmin Petra <petra1@llnl.gov>;1608251697;"fixed bad merge

an else branch appeared to be pasted twice and the code was not compiling
"
llnl_hiop;b70e2bfd11fccf84b113bbfcaa040926be061676;Cosmin G. Petra <petra1@llnl.gov>;1632755561;"fixed latex syntax and alignment
"
llnl_hiop;b715d90b7ef582a9247ccce00574771f562ace45;nychiang <sorakid507@gmail.com>;1752565502;"use sequential jobs due to unknow authentication error happened in the parallel setting
"
llnl_hiop;b72d163d52c9225c3196ceb2baebdc7cf09a69de;Cosmin G Petra <petra1@llnl.gov>;1629425145;"update HiOp's Magma solvers to v2.6.1  (#294)

* gpu interface for Bunch-Kaufmann

"
llnl_hiop;b7363f560f1b6cce5298f0f6d4f3a9c5bf822efe;Cosmin Petra <petra1@llnl.gov>;1577376851;"changed multDinvMult method to const

multiplication struct info is mutable in hiopMatrixSparseTriplet

also added isDiagonal method for the symmetric matrix hiopMatrixSymSparseTriplet class
"
llnl_hiop;b752ccbcb728f6fd8c0e038ba6bad5b38f7096b6;Cosmin G. Petra <petra1@llnl.gov>;1519244777;"fixed a ""negative curvature"" fin-dim-specific assert that appears for the inf-dim version
"
llnl_hiop;b756e5c9e59aeaa38118333f1abdb9900854cea4;Asher Mancinelli <ashermancinelli@gmail.com>;1634770093;"Fix issue with invalid device function
"
llnl_hiop;b78547549bab638d4f69ba85aa0620a1f3f2594c;Cosmin G Petra <petra1@llnl.gov>;1726273086;"testing and clean up
"
llnl_hiop;b79109357854f093d2a5a7a7b414b985f927dd38;Cosmin G. Petra <petra1@llnl.gov>;1589243494;"inertia correction follow up commit

for the previous commit -> loop in XDYcYd
"
llnl_hiop;b7b146dda0365caf4b73c6446f4fa3cd436f06a2;Nai-Yuan Chiang <chiang7@llnl.gov>;1647551563;"Fix FR by using Example 10 (#421)

* create ex10 and fix FR

* fix FR and add comments

* add CI test

Co-authored-by: Chiang <chiang7@sephiroth.llnl.gov>"
llnl_hiop;b7b7eb5ab01cdc96922460aa94ab4d4c60854fc1;Fritz Goebel <fritz.goebel@kit.edu>;1663840310;"Fix segfault, remove nonsymmetric ginkgo solver
"
llnl_hiop;b7d5205212424e8a794ae950c6da5f05f5d90cd0;nychiang <sorakid507@gmail.com>;1675891177;"add back comments in derived class
"
llnl_hiop;b81f2773e1aa4ede5e7804d99fc4a9e1206eb216;Slaven Peles <peless@ornl.gov>;1654105979;"Make firstCall a private method.
"
llnl_hiop;b870841f58d7ddde6be8173e02bdf426d08cc818;Asher Mancinelli <ashermancinelli@gmail.com>;1626893429;"Disable strumpack by default, enable it manually
"
llnl_hiop;b88a0f47c1994c0a42d05fa1c2ad71cfdf4f1915;Tucker Hartland <tucker.hartland@gmail.com>;1761345244;"consolidation
"
llnl_hiop;b895bc75fe57023a7ae5b6f70629883600107857;rcrutherford <robert.rutherford@pnnl.gov>;1607560663;"Enforced usage of specific vector type in setLocalElement.
"
llnl_hiop;b8aa6b954b788d0a33b2481a14284bf334f26404;Cosmin G. Petra <petra1@llnl.gov>;1648742781;"codestyle and removed tabs
"
llnl_hiop;b8b5c741e7b5395c137e42fdaec005927aadf487;Cosmin G. Petra <petra1@llnl.gov>;1642116707;"fixed memory leaks and issues
"
llnl_hiop;b8bf6e933247f78ac82ab34732be8698152bfff4;Chiang <chiang7@sephiroth.llnl.gov>;1624509829;"add unit test
"
llnl_hiop;b8c088237f504441acd8a1d59ba61894f11d11f1;Frank Wang <wang125@llnl.gov>;1629406512;"fixing issues
"
llnl_hiop;b8d8ea5ce913e31978d7fb86f69a152ae6b25fdb;nychiang <sorakid507@gmail.com>;1660969512;"fix RAJA code
"
llnl_hiop;b8fe505ffc8df2075ad041ec51c957ad3d4c82c8;nychiang <sorakid507@gmail.com>;1649971282;"rebase to latest develop; fix conflicts
"
llnl_hiop;b90c52cf641ea746e7c4f38e6cd6f7db7e260e7c;Frank Wang <wang125@llnl.gov>;1638423048;"small changes
"
llnl_hiop;b924dbe4e96665af0322d7322990675370272457;nychiang <sorakid507@gmail.com>;1650494346;"add parenthesis to match the non-raja code
"
llnl_hiop;b94b91e3eb17eec0400b799ca11f38384eb6a21b;nychiang <sorakid507@gmail.com>;1678748458;"cuda reduce kernel
"
llnl_hiop;b96b90b9b27ed55b8d1f099ad8fbeafb7831683d;Cosmin Petra <petra1@llnl.gov>;1575318049;"gpu support in cmake
"
llnl_hiop;b9742c2f310037887d49bf7314e6bc20494c00cf;Cameron Rutherford <robert.rutherford@pnnl.gov>;1677818703;Add E4S buildcache after spack
llnl_hiop;b995ecf943c47dd11e1ba9956a26c67b9ff2b90d;Cosmin G. Petra <petra1@llnl.gov>;1589243143;"added getter
"
llnl_hiop;b99db82f5e093f0c2dcbe4731c57c9ff644d68ad;Chiang <chiang7@sephiroth.llnl.gov>;1641417380;"add const to input args
"
llnl_hiop;b9b72fce7c87986022f231b91b41fe21bd58ce90;Cameron Rutherford <robert.rutherford@pnnl.gov>;1677864193;"Add debugging to pipeline status stage

Also remove space from job name"
llnl_hiop;b9e06284f3aed79ad464a13b29d6db33cbef6e56;nychiang <sorakid507@gmail.com>;1663219629;"create branch; switch to safe mode when close to convergence
"
llnl_hiop;b9f75e77b35996467b182ad65c5fd30fdb4910d9;nychiang <sorakid507@gmail.com>;1660926476;"address C's comments
"
llnl_hiop;b9fde1fa563b3e97430bd7902de88a605116581b;Cosmin G. Petra <petra1@llnl.gov>;1482372701;"code that builds and solve with the compact representation for inverse(BFGS+LogBarDiag) - initial commit: some debugging is still needed
"
llnl_hiop;ba0fb3b3968a33815ab74a9e87cc26dd667b9866;Cosmin G Petra <petra1@llnl.gov>;1648748840;"support for different LSQ linear solvers. (#441)

* added support for using different LSQ linear solvers."
llnl_hiop;ba165f738b4f058708cd996b6a719531601a6350;Chiang <chiang7@sephiroth.llnl.gov>;1643241373;"cache some vectors, add comments
"
llnl_hiop;ba1e9e067e2633bb74118d60e76d2669b3241312;nychiang <sorakid507@gmail.com>;1759459936;"use srun
"
llnl_hiop;ba31d6d3fbaa9548154367ae35a29fe13dd51901;Slaven Peles <slaven.peles@pnnl.gov>;1625196839;"Disable temporarily sparse test 7.
"
llnl_hiop;ba7e741df8327afc47298c2c98482881a0be552a;Cosmin G. Petra <petra1@llnl.gov>;1573865375;"adapter working properly

valgrind-ed it
"
llnl_hiop;ba860f99e703f1b19c398347ff619a20622361c0;Cosmin G. Petra <petra1@llnl.gov>;1482963262;"finished the implementation of the linesearch. Code seems to be working fine. More testing in progress.
"
llnl_hiop;ba9bfb2bc28ad3e02df9ea2565a25835ccd88c73;Cosmin G. Petra <petra1@llnl.gov>;1728136791;"updated member methods names
"
llnl_hiop;baa69b2f5e5ef50560c4e7b0f29313f1f0590e75;Chumbipuma <chumbipuma1@croagunk.the-lab.llnl.gov>;1750961350;"Updated NlpDenseConsRajaEx2Driver.cpp
"
llnl_hiop;bab7e6524eae11b198f9272d09fbf208ea478b87;Cosmin G. Petra <petra1@llnl.gov>;1604446303;"added PriDe formulation
"
llnl_hiop;bac46a6438cb9d6a41a630da337dfb726bf4cfb6;Asher Mancinelli <asher.mancinelli@pnnl.gov>;1606328870;"Removing RAJA from github actions build
"
llnl_hiop;bacf09c15389bb73b69c299995c80951787129ff;nychiang <sorakid507@gmail.com>;1759294892;"add token
"
llnl_hiop;bad29cdfd90057e835316075954d90cf303b5896;Nai-Yuan Chiang <chiang7@llnl.gov>;1693970431;"fix issue 657 (#658)

"
llnl_hiop;bad496013cc7b81bcea123c40916318c646e42a3;nychiang <sorakid507@gmail.com>;1653431650;"sparse c api
"
llnl_hiop;bada4b5a6295ae294bf32ae92fb8147d61bc24ba;Cosmin Petra <petra1@llnl.gov>;1606972517;"fixed build system fix and updated documentation

now should build and run with GPUs on
"
llnl_hiop;baeec961e54be637c0033d51270e7530dd01571a;Cosmin G. Petra <petra1@llnl.gov>;1566964547;"with blas and lapack from essl
"
llnl_hiop;baf41f03ae5bcaa6723a52668ef99f53cf5b86a8;nychiang <sorakid507@gmail.com>;1616643964;"new branch to add soc
"
llnl_hiop;bafbaf20bc0f1ffc6782d05e9a37df65edf01325;Cosmin G. Petra <petra1@llnl.gov>;1536956980;"cleaned up the file a bit
"
llnl_hiop;bb0d84bd907823e45b777b9b0ea823d102ad9a8f;Cosmin G Petra <petra1@llnl.gov>;1752531730;"derivative checker  (#731)

* gradient finite differencing

* updated gradient error output

* generic perturbation - update of hiopVector get_elem set_elem

* added fd for RAJA

* get set elem for vec for CUDA and HIP

* fixed bugs cuda and hip

* compilation errors

* added tests for vector set_elem and get_elem

* misc bug fixes

* fixing umpire error

* addtl workaround UMPIRE issues with not recognizing its own allocated memory

* finalized output for gradient

* added disabler of NLP transformations to make it easier to call user provided functions

* Jacobian working

* updated options info

* fixed inaacuracy in option description

* reorganized nlp transforms; updated and reformated some warning messages

* fixed bugs and consolidated code related to nlp transformations

* fixed compilation error for non-mpi

* Hessian methods: EOD

* Derivative check for Hessian of object

* left note and todo about second order derivatives

* fix ci (#735)

---------

Co-authored-by: Nai-Yuan Chiang <chiang7@llnl.gov>"
llnl_hiop;bb1802259ce7d3fbd1b0ddcc44b4c32536a30884;nychiang <sorakid507@gmail.com>;1691019122;"add more options to control NLP scaling
"
llnl_hiop;bb199275c1f0a9b8f002847853752e77a8e0e813;Nai-Yuan Chiang <chiang7@llnl.gov>;1636409292;"add CI example for pardiso linear solver (#352)

Co-authored-by: Chiang <chiang7@sephiroth.llnl.gov>"
llnl_hiop;bb1bd6e3803c84a3080f08d44da34f6b2d5f0caf;Nicholson Koukpaizan <koukpaizannk@ornl.gov>;1652899599;"Update Ascent CI script with a more recent version of Ginkgo
"
llnl_hiop;bb45d9ea80fc551078dd7ad5c2ec51eab94c81fa;Cameron Rutherford <robert.rutherford@pnnl.gov>;1726790343;Update .github/workflows/spack_build.yml
llnl_hiop;bb5b5efd99f890decd8195f99b3a356235015466;Cosmin G Petra <petra1@llnl.gov>;1605424212;Update README.md
llnl_hiop;bb666efe9d30ef6380d5cf959954dc4978b2cde9;nychiang <sorakid507@gmail.com>;1605065081;"correct index when print out the sparse matrix
"
llnl_hiop;bb69d564bfe18f23112c20ccecbdc2b953b7799f;Mancinelli, Asher J <asher.mancinelli@pnnl.gov>;1600992025;"Integrate Raja/umpire linear algebra with HiOp nonlinear problem formulation
- Works on GPU with UVM only.
- Add RAJA version of Example 4 for verification
"
llnl_hiop;bb987b8e02c640498f7dd344e7c64a02c534c722;Asher Mancinelli <asher.mancinelli@pnnl.gov>;1609280758;"Fixing yml syntax
"
llnl_hiop;bb9c8ab50e25fe0ad9158cad5c0f8bc788cf4aca;rcrutherford <robert.rutherford@pnnl.gov>;1609276966;"Updated exception handling in sparse matrix implementation specific tests.
"
llnl_hiop;bba1f85e67cc7f3bb1eba9c56d3ad69b6dbf8076;Nai-Yuan Chiang <chiang7@llnl.gov>;1660921665;"Use hiopVector for regularizations (#519)


* vectorize regularization delta(s)

"
llnl_hiop;bbb15a551c6b32e61113baa852df99df82fe2555;Nai-Yuan Chiang <chiang7@login5.summit.olcf.ornl.gov>;1606155360;"set cmakedefine variable later since we may change it
"
llnl_hiop;bbbb1fabe4c1ba2d0059f5d4ca6b39fd4264690b;Chiang <chiang7@sephiroth.llnl.gov>;1645917550;"fix FR and add comments
"
llnl_hiop;bbbc3ba860cb40b8c05d4254a7aefdea276eada9;Cosmin G. Petra <petra1@llnl.gov>;1480549697;"added class to deal with the log barrier problem-specific terms in the function and gradient evaluations
"
llnl_hiop;bbd2f7ed734ee030232248cf28c8ce74441900e1;Cosmin G Petra <petra1@llnl.gov>;1747938169;"fixed bugs and consolidated code related to nlp transformations
"
llnl_hiop;bbe680f7f24852e7506804238ef5d9231cac6762;Asher Mancinelli <asher.mancinelli@pnnl.gov>;1593190365;"removing changes to build script
"
llnl_hiop;bc045fe59261ccc00f2351c0981b3bc3605ceffb;Nai-Yuan Chiang <chiang7@llnl.gov>;1655160515;"Add is_equal to hiopVector (#491)

* add hiopVector::is_equal and its unit tests
"
llnl_hiop;bc04d859058812b187e4906d00a1af2b735c328b;Cosmin Petra <petra1@llnl.gov>;1612196956;"Merge branch 'duals-init-dev' into develop
"
llnl_hiop;bc324e20031af5c0500fce9fce8123e9786c72c5;nychiang <sorakid507@gmail.com>;1656115050;"add hiprand, re-engineer the code
"
llnl_hiop;bc5933be111554515942225c1d11936951dbab91;Cosmin G. Petra <petra1@llnl.gov>;1587057868;"fixed a bug in the Jacobian computation
"
llnl_hiop;bc5b04c909d0665f960980b4c72c78bfe4eed07a;Asher Mancinelli <asher.mancinelli@pnnl.gov>;1606344082;"adds pipeline trigger git push action
"
llnl_hiop;bc74096e258605978d2822e38d4225b3f62d8564;Jaelyn Litzinger <93339979+jaelynlitz@users.noreply.github.com>;1661382149;"Fix CI testing on Newell (#531)

* update newell variables to centos8 version

* rebuild newell modules

* don't allow Newell pipeline to fail

Co-authored-by: Jaelyn Litzinger <jaelyn.litzinger@pnnl.gov>"
llnl_hiop;bc7bfbd011faad19b65cb3fb5df0f74ff9d842d6;Nai-Yuan Chiang <chiang7@lassen708.coral.llnl.gov>;1600887375;"add support to sparse linear algebra. Code can be compiled. Without test for functionalities
"
llnl_hiop;bc9d91aa8d611a44889724ce8c5080eb6e92dc65;jwang125 <wangjingyi09@gmail.com>;1637961281;"Merge e6181ab0b9fb93d9900d3de0075979e3ee59f1cb into 09340ce2d1a9c7e3716c5ffc0305f19ce77b4519
"
llnl_hiop;bca10187be13c2ca65ec1bb862ae67a859abed26;Chiang <chiang7@sephiroth.llnl.gov>;1641940674;"minor fix
"
llnl_hiop;bcbc7e820e5134f2aa978ac65e6a9c293c683b73;Cosmin G. Petra <petra1@llnl.gov>;1647542600;"cleaning up
"
llnl_hiop;bcc3a02265b6264dc9fde1e96fa525849d9e4b56;Nai-Yuan Chiang <chiang7@llnl.gov>;1752706096;"use LLNL-CI for hiopbbpy (#736)

* use LLNL-CI for hiopbbpy

* fix

* split CI jobs to two pipelines

* use sequential jobs due to unknow authentication error happened in the parallel setting

* add lassen CI

* update credential"
llnl_hiop;bccc7b7df066a352101ff2db28479df259b7010c;Slaven Peles <slaven.peles@pnnl.gov>;1608781698;"Removed warnings, updated comments and cleaned up code.
"
llnl_hiop;bce0213bb71c3980d19c965b1663a018c8b12d52;nychiang <sorakid507@gmail.com>;1604613315;"add STRUMPACK for sparse indefinite sys. fix CMAKE files
"
llnl_hiop;bce127d05ed7b2fb0316f62ff47f1c3f151b1de9;Mancinelli, Asher J <asher.mancinelli@pnnl.gov>;1594776777;"Use abstract vector interface in all algorithm methods.
"
llnl_hiop;bce62f4ed194b36ec683ac905a0f4e2e64142ff6;Cosmin G Petra <petra1@llnl.gov>;1589256804;Updated readme with instructions on how to build with non-standard external library installations
llnl_hiop;bd00ee5a4e600f291c0fc708a04268b5f6dcd599;Slaven Peles <slaven.peles@pnnl.gov>;1606243356;"Minor fix in linear algebra CMake config.
"
llnl_hiop;bd0f5f8091e7f81a677b1ff51cc8f810191b278e;nychiang <sorakid507@gmail.com>;1667965782;"create branch; start implementation
"
llnl_hiop;bd5eb7546670527eff0bee3639e6f218aa0a6f05;Michel Schanen <mschanen@anl.gov>;1602203710;"Run CMake tests on Github
"
llnl_hiop;bd64970160c9c1308f4d978adf45dfa439458177;Asher Mancinelli <asher.mancinelli@pnnl.gov>;1589321877;"Merge branch 'staging-rebase-master'
"
llnl_hiop;bd7af1f578eb2d1aeba7f3a24691fcdef9a5efd3;Chiang <chiang7@sephiroth.llnl.gov>;1635198049;"minor fix
"
llnl_hiop;bd978ba496b8cb0c0adf2198fb9c933aa62bcd17;Cosmin G. Petra <petra1@llnl.gov>;1618251211;"Merge branch 'develop' into linsolv-modes-dev
"
llnl_hiop;bdbbe3ab2dbf9397ca52a10ed78620252850ec1f;Frank Wang <wang125@llnl.gov>;1638245129;"fixing small issues
"
llnl_hiop;bdcd368d5a5e79571e95b9ca2aa4a3f9afe7da77;Nai-Yuan Chiang <chiang7@llnl.gov>;1654209315;"C/Fortran interface (#484)

* sparse C api

* example for sparse ex1 in C

* CF interface

* add hs071 example

* add ex1 Fortran version
"
llnl_hiop;bdd70fc8990d4b83c36da2a89af262e243421864;Cosmin G. Petra <petra1@llnl.gov>;1655937155;"added creaters for CSR in Linear Algebra factory
"
llnl_hiop;bdde361352c6bd2e5a9dadd6b929ac1d49648d7c;nychiang <sorakid507@gmail.com>;1756963632;"mention ipopt is optional in the document
"
llnl_hiop;bde6ae25751301538c22e2bf842e3f597c6865a5;Cosmin G. Petra <petra1@llnl.gov>;1630036799;"fixed an incorect free call for pinned memory
"
llnl_hiop;bded3f075f9f3e2e55130eca4540f2179bfd819b;Cosmin G Petra <petra1@llnl.gov>;1643234283;fixed typo
llnl_hiop;bdf826260f7b002f5b69b9f45402d65efa769450;Cosmin G. Petra <petra1@llnl.gov>;1648675376;"added (delayed) checker for options consistency
"
llnl_hiop;bdf95b5af78738868da20798c4ec44b2f028a70c;Cosmin G. Petra <petra1@llnl.gov>;1674840728;"replaced copy to dev method with vectorpar-based transfer
"
llnl_hiop;be0067082fcb540ffb9cdaf68ae5ea857ac3e383;Cosmin G. Petra <petra1@llnl.gov>;1603154247;"updated usermanual with info on Raja

via latex file
"
llnl_hiop;be3b16c78d0b44020484c185c7e0d97b5432a152;Nai-Yuan Chiang <chiang7@llnl.gov>;1694055617;"try to fix the CI tests on github (#654)

* try to fix the CI tests on github

* try to fix the CI tests on github

* add deepcheck

* pass quartz CI

* build on lassen

* remove some unused var

* fix PNNL CI v1

* try to fix ginkgo issue"
llnl_hiop;be6ac6cf9955a164c584c05b2fe5a346003200c4;Fritz Goebel <fritz.goebel@kit.edu>;1676062811;"Use Ginkgo triangular solver as default instead of vendor implementation
"
llnl_hiop;be93095c223a2a902e69b8eae4591a7403a15744;Jingyi Wang <wang125@llnl.gov>;1648581194;"added one line for alpha
"
llnl_hiop;be9c984ed928b3a29f809f85f37fc9fabcfbf1b5;nychiang <sorakid507@gmail.com>;1656132097;"add MathHostKernels
"
llnl_hiop;beae48fe1f46adfd70fc9763be6a4e1c4f37320d;nychiang <sorakid507@gmail.com>;1654621141;"add CI tests
"
llnl_hiop;beb585246353f45afdaae704ceab9bce97183a02;nychiang <sorakid507@gmail.com>;1655140620;"update comments
"
llnl_hiop;beb7f2e4ac3681dedfc409f4b376674058ec5d10;Slaven Peles <slaven.peles@pnnl.gov>;1608939991;"Make dense matrix' getLocalData a const method.
"
llnl_hiop;bebc6f939cabb8f69237213d78c01204993bbce2;Cosmin G. Petra <petra1@llnl.gov>;1487441440;"follow up on the previous commit
"
llnl_hiop;bec7a4c40f83d3f547d209028ff809a78a962901;Cosmin G. Petra <petra1@llnl.gov>;1672177620;"propagated new class name
"
llnl_hiop;bec8e29914eb835b9cb621bc2b13cfc9f2c57999;Asher Mancinelli <asher.mancinelli@pnnl.gov>;1605729482;"Adding preliminary CMake fixes
"
llnl_hiop;bed1dbef260e53a9d139ccfb77d2e83a98aab216;Nai-Yuan Chiang <chiang7@llnl.gov>;1615310414;"fix bug in Hess evaluation (#199)

"
llnl_hiop;bed6ac821d30c0d3286ead023535b5b635841cf7;nychiang <sorakid507@gmail.com>;1677736711;"update cmake file
"
llnl_hiop;bedd805bbee09caa0d0ec21b36d385b4315bd49c;Cosmin G. Petra <petra1@llnl.gov>;1623125939;"Merge branch 'develop' into pridecomp-dev
"
llnl_hiop;bee1099f70b687b0811badfbb3de7f73d6ae5aec;Cosmin G Petra <cosminpwork@gmail.com>;1513776142;deleted temp file
llnl_hiop;beec437fed8da3fd74c31bc918c062213ab2fa81;Juraj Kardos <juraj.kardos@usi.ch>;1563928049;"first draft of the Aug Lagr solver
"
llnl_hiop;bef7ecc02f3b78c5ca9df7a1941104c82b432d17;Asher Mancinelli <asher.mancinelli@pnnl.gov>;1605812846;"Removing legacy build script. see #117 (#118)

"
llnl_hiop;bf05489a1a297fe36a616d8276ca8298ec40537b;nychiang <sorakid507@gmail.com>;1759305895;"remove CI on lassen
"
llnl_hiop;bf2604a3b1359622824946c30edf319c3a8a5420;Frank Wang <wang125@llnl.gov>;1625175571;"update
"
llnl_hiop;bf38dbb2502a87d07f7cdf0d59c2c5dbe5e6e091;rcrutherford <robert.rutherford@pnnl.gov>;1607366429;"Fixed issue with using const long long* in RAJA kernels.
"
llnl_hiop;bf392c8e4632147fb37556118f9612d51b39825e;Asher Mancinelli <ashermancinelli@gmail.com>;1624384251;"Fix newell modules path
"
llnl_hiop;bf79f0d93f9d5ab424b47adca5d611285c17f57b;Cosmin G Petra <petra1@llnl.gov>;1741986514;"exposing mass matrix in the example
"
llnl_hiop;bf8a73c7f8430fa527c380dab7f47c9943212b9e;Cosmin G. Petra <petra1@llnl.gov>;1544716843;"better error message for when the bounds on the variables or on the ineq. constraints are inconsistent (and the problem is infeasible)
"
llnl_hiop;bfa47122d2684fd2d144102b7a9b20930c524fe3;rcrutherford <robert.rutherford@pnnl.gov>;1621455926;"Only configure MPI and OpenMP in HiOpConfig.cmake.in
"
llnl_hiop;bfad087e15c1e00ad0e972511766be260c0a4861;Cosmin G Petra <petra1@llnl.gov>;1639783198;"coding styleguide
"
llnl_hiop;bfc2252be1be88a38f95d65a657447bf30fb0fc4;rcrutherford <robert.rutherford@pnnl.gov>;1622234130;"Finding CUDAToolkit in CMake config
"
llnl_hiop;bfe1b407af32c15d7e42ad8d22ba05bf8911e7d6;Cosmin G Petra <petra1@llnl.gov>;1726148373;"updated iteration counter to keep track of total number over restarts
"
llnl_hiop;bfebb7636fe29c38848b7b27104e91f0a5f73e0f;Jingyi Wang <wang125@lassen708.coral.llnl.gov>;1607573920;"fixing conflict
"
llnl_hiop;bff3d055bf8ca1c50d9e52d8db07a5e1ef6532f2;Cosmin G. Petra <petra1@llnl.gov>;1663609280;"blended in mem backends with exec policies backends
"
llnl_hiop;bffdbc560e384a7ee1ee7c3765c4e6f5beeeeca7;Cosmin G. Petra <petra1@llnl.gov>;1652397996;"added symamd-eigen option
"
llnl_hiop;c01b811a6b9b8ba8905530bafbbab88541a83928;Chiang <chiang7@sephiroth.llnl.gov>;1623481299;"test
"
llnl_hiop;c01d84e8e9080d4efa57b2f533fcea83dace79ff;Cosmin G Petra <petra1@llnl.gov>;1747956373;"Hessian methods: EOD
"
llnl_hiop;c0390f670c5a8ba53e7e02943bb3836a448a2bd9;nychiang <sorakid507@gmail.com>;1693513076;"fix issue 657
"
llnl_hiop;c0394af4d84ebb84b7d2b95283ad65ffd84e0d45;Nai-Yuan Chiang <chiang7@llnl.gov>;1620317229;"Fix row_max_abs_value() in RAJA implementation (#225)


* fix function row_max_abs_value

* use latest spack env on ascent

* add user option to control if MDS_ex4 has empty sparse row in constraint Jacobian

* add new unit test according to MDS_ex4 with empty sparse row in constraint Jacobian

Co-authored-by: Nai-Yuan Chiang <chiang7@login1.ascent.olcf.ornl.gov>
Co-authored-by: Chiang <chiang7@sephiroth.llnl.gov>"
llnl_hiop;c03c4c3cbbdcc57a37342eaac7ea2233c9574cb5;Cosmin Petra <petra1@llnl.gov>;1583363915;"removed a bug in the computation of the kron reduction

and some cosmetic stuff
"
llnl_hiop;c0542b23ebbd804a6679ad3f385fd92689b34d57;Asher Mancinelli <ashermancinelli@gmail.com>;1634783835;"Fix ascent modules
"
llnl_hiop;c070687f7d6fd74077e4cc31ca89ea5afc63177a;Slaven Peles <peless@ornl.gov>;1647298439;"Removing obsolete 'fake inertia' calls from cuSOLVER interface.
"
llnl_hiop;c086b1a19b724c9412268aeecf680ca95451e542;Cosmin G. Petra <petra1@llnl.gov>;1674750797;"build error fixes
"
llnl_hiop;c0ae07cf7a7c40f075b32e32d4c4f16aee95eeda;Cameron Rutherford <robert.rutherford@pnnl.gov>;1683303897;Remove `--exclusive` from all jobs
llnl_hiop;c0efb59de659492bee5b693e9a5889e8669f8fd4;Chiang <chiang7@sephiroth.llnl.gov>;1631250999;"fix code style and ex7
"
llnl_hiop;c10fdd38ee44a1b0ac4d3d5fcebd52cce3267da1;Asher Mancinelli <asher.mancinelli@pnnl.gov>;1587832300;"working cmake refactor (no gpu)
"
llnl_hiop;c115aff39ba7ebacddc0b0f1284988e619a8e9b4;Cosmin G. Petra <petra1@llnl.gov>;1676655410;"release 0.7.2 preparations
"
llnl_hiop;c11febc1efa787627769534eee4ecfd94dca6412;Michel Schanen <mschanen@anl.gov>;1602204075;"Merge branch 'master' of github.com:LLNL/hiop into github-test
"
llnl_hiop;c13075c2d6b84591a28f9b375bc7e441a7f6e223;Chiang <chiang7@sephiroth.llnl.gov>;1643767683;"fix typo
"
llnl_hiop;c131800bfb154e2873f9eb251afdc84216ab24bf;Cosmin G. Petra <petra1@llnl.gov>;1605421687;"updated user manual for NLP sparse
"
llnl_hiop;c1339801c2b94e72b3b66ef32a16adc2d3e81333;Cosmin G Petra <petra1@llnl.gov>;1752680891;"Merge branch 'develop' into infdim-ipm-dev
"
llnl_hiop;c1387e5df88c8dc971ecfe9ea6846236f2bd948a;Cosmin G Petra <petra1@llnl.gov>;1648747260;Update CHANGELOG.md
llnl_hiop;c1551f10603ba953d7133110835e45fe2e44962a;Cosmin G. Petra <petra1@llnl.gov>;1652288388;"left comments about changes in the condensed linear algebra

required to match CUDA API
"
llnl_hiop;c16a5e060b891414a746745bece3b6d1c0cff483;rcrutherford <robert.rutherford@pnnl.gov>;1607461615;"Defined reduceReturn in vectorTests.hpp
"
llnl_hiop;c1851ece4dbdbbfa90a2083853726d9b9a2f0ded;Chiang <chiang7@sephiroth.llnl.gov>;1623699049;"test
"
llnl_hiop;c18bbaa9700072133b693782f89ab74e0d820206;Juraj Kardos <juraj.kardos@usi.ch>;1565222503;"working AL with exact hessian
"
llnl_hiop;c18ee06612fa6cf8938607b3935080069ceb82f8;nychiang <sorakid507@gmail.com>;1684726542;"fix raja unit test
"
llnl_hiop;c1c16351c106f35bbb29f8f61c1a0c4b08c0d859;nychiang <sorakid507@gmail.com>;1698453971;"add cxx flag NDEBUG to test CI
"
llnl_hiop;c1d415af30dc2665d920ac2e3ddb12e7b81cfc60;Cosmin G. Petra <petra1@llnl.gov>;1625430893;"create_vector changes proposagated e
"
llnl_hiop;c1dcd0af79986db1a2b86a0f89b6e1f9a94e21cf;Juraj Kardos <juraj.kardos@usi.ch>;1565303946;"option to initialize lambda by the user in the TNLP::get_starting_point()
"
llnl_hiop;c1deb68094a1b0ac3d7abda8018a28fceca55d2f;Nai-Yuan Chiang <chiang7@llnl.gov>;1666018871;"Condensed/normaleqn linear system without CUDA/RAJA (#557)

* compile without raja

* fix RAJA code"
llnl_hiop;c1e09eadfb46ee55d171b568cbaa8f39235b513f;Cosmin G Petra <petra1@llnl.gov>;1563399364;Update README.md
llnl_hiop;c1e1de7c1e05ccee3fb615c66ddf5566a3a28a4b;nychiang <sorakid507@gmail.com>;1689231527;"support MPI with only 1 rank
"
llnl_hiop;c209354174514ba17f399d7bc1b6582d1153a2d8;Asher Mancinelli <ashermancinelli@gmail.com>;1651082809;"Install drivers for example 4 (#460)

"
llnl_hiop;c20d9e785ecc7ce1c33ac3e2b5de3197b443aace;ryan.danehy@pnnl.gov <dane678@we45149.pnl.gov>;1692375915;"add states to after check jobs
"
llnl_hiop;c22c1f62fea0eca97042b16e0ad061a24ac18912;Cosmin G. Petra <petra1@llnl.gov>;1605422931;"clean up documentation

also renamed a couple of methods too look more uniform with the rest
"
llnl_hiop;c233d8283177893ab6e9cb0576e5832f322c618b;Slaven Peles <peless@ornl.gov>;1691956069;"Triangular solver takes data directly from GPU when available there.
"
llnl_hiop;c23a66d17ce8a3b685f464ba29d586ba2b936f00;nychiang <sorakid507@gmail.com>;1742588022;"remove ipopt as a dependency
"
llnl_hiop;c23aecf8f92fb3ad39656197c005f166110f98f6;Cosmin G Petra <petra1@llnl.gov>;1657143051;"updated user manual with options needed for condensed linear algebra (#512)

"
llnl_hiop;c23c4924c8854f8d6ef976f0e7de05e7c5e27d58;Fritz Goebel <fritz.goebel@kit.edu>;1647610133;"remove no longer needed arrays
"
llnl_hiop;c25b8a0d6dcc4feaf260d14be4595cb2d5f2cea2;Cosmin G. Petra <petra1@llnl.gov>;1572902779;"fixed a problem in call LAPACK for problems with no constraints
"
llnl_hiop;c26b1d27dadb58e3da8fb7e63c21fbd996cde0b2;Frank Wang <wang125@llnl.gov>;1655505695;"update
"
llnl_hiop;c27a8066d09d5bc20179b0189add6c298256270f;Cosmin Petra <petra1@llnl.gov>;1574099288;"added LA factory methods for Jacobians
"
llnl_hiop;c284ff5f4b7d980fc6465af8b49ef919bd962ad5;Chiang <chiang7@sephiroth.llnl.gov>;1643352694;"tune the parameters
"
llnl_hiop;c2adfc3a233f86c7772e44bc65c46095ae08e460;Juraj Kardos <juraj.kardos@usi.ch>;1564418993;"fixing leading dims when N=0, max(1,N)
"
llnl_hiop;c2ae4a319abdd9e5fd9fbc9dbec090b9ce04675b;Tucker Hartland <tucker.hartland@gmail.com>;1759254907;"renmaing modified boalgorithm file
"
llnl_hiop;c2c20df9340799dc7f5110ae38f3871737afef42;Cosmin G. Petra <petra1@llnl.gov>;1587083415;"updated documentation for timesMatTrans

in the distributed dense matrix class
"
llnl_hiop;c2d04f2ba2be54120e993d16b213203cefbb580e;Juraj Kardos <juraj.kardos@usi.ch>;1565988017;"warmstarting QN AL with Cosmin
"
llnl_hiop;c2e859fa195a5e97d73bcfb687c1844953aa5dc3;Cosmin G Petra <petra1@llnl.gov>;1725049552;"fixed a LNNL typo left over (#692)

"
llnl_hiop;c2eb535617e6a01ae1bdfe325f216311438ca471;Slaven Peles <peless@ornl.gov>;1679163714;"Preliminary adaptive IR tolerance for cuSolver-LU.
"
llnl_hiop;c2f79af20b849a2efc3330ccf181f01009d81b4f;Slaven Peles <peless@ornl.gov>;1684121648;"Separate cuSolverLU solver control logic from implementation details.
"
llnl_hiop;c353580456c4776c50811b97cf8ff802dc27b90c;jwang125 <wangjingyi09@gmail.com>;1626989459;"fix x vector dimension error (#285)

* fix x vector dimension error introduced by a previous PR

* fixing constructor error"
llnl_hiop;c365db3e19ca60cf04f0b7db88895060ec6efd60;Tucker Hartland <tucker.hartland@gmail.com>;1759442721;"small bnb update and updating my notebook
"
llnl_hiop;c36e3c4560c0aaf594ae780020d966aa51131b6d;Asher Mancinelli <ashermancinelli@gmail.com>;1645313502;"Correct spock variables script
"
llnl_hiop;c3ade7af0d06f6a1cecee2aa0be4fefd55324417;Tucker Hartland <tucker.hartland@gmail.com>;1751471407;"version change and more descriptive variable name for objective evaluator in anticipation of adding other evaluators
"
llnl_hiop;c3ba69cf9fda6ed423648e4767e5ca220d0c500b;Rutherford, Cameron <robert.rutherford@pnnl.gov>;1678139071;"Use curl based image for pipeline status stage.
"
llnl_hiop;c3c135ee12866bf2655a486f1e83f0456a4a787f;Cosmin G. Petra <petra1@llnl.gov>;1482972320;"fixed a problem in computing the global number of complementatrity variables
"
llnl_hiop;c3d0455387cfc85274c059d25f67c78528486f2f;Asher Mancinelli <asher.mancinelli@pnnl.gov>;1605729482;"Adding preliminary CMake fixes
"
llnl_hiop;c3d0d9dc6543add2a2bcbe28dcd9020048075ed9;Peles, Slaven <slaven.peles@pnnl.gov>;1594776777;Use abstract vector interface in all algorithm methods.
llnl_hiop;c403581fea71293b55ec74055ad734511eb67c2d;nataliarodriguez-uc <natalia_rodriguezuc@berkeley.edu>;1758836334;"check again
"
llnl_hiop;c41c3eaa1a3c95ec1404a85addd2a41910842f6a;Cosmin G. Petra <petra1@llnl.gov>;1586966941;"cleaned up header

move methods implementation to .cpp file
"
llnl_hiop;c41d028a50e30727ee8d1f9c9fe80aecedfbb5aa;Asher Mancinelli <ashermancinelli@gmail.com>;1623267633;"Remove operator[] from hiopVectorInt
"
llnl_hiop;c4542f471e8d1379956769cb1cea67072bbbecae;Nai-Yuan Chiang <chiang7@llnl.gov>;1685977037;"Add support to MPI in C/Fortran examples  (#633)

* fix C interface with MPI

* add support to fortran mpi compiler"
llnl_hiop;c4588b210e9b930c0437a6d9876cf51a4a6b5882;Cosmin G. Petra <petra1@llnl.gov>;1585110190;"fixed build issues for when HIOP_DEEPCHECKS=OFF
"
llnl_hiop;c46878d47c807313e3991447c0a5a8d5e4ec7ef1;Shrirang <shrirang.abhyankar@pnnl.gov>;1586405200;"Merge branch 'NewtonMDS-missing-headers' into 'dev/NewtonMDS'

NewtonMDS: Add missing headers.

See merge request exasgd/solvers/hiop!11"
llnl_hiop;c49e81bf297c1dd8bfcc93ba8f2e2db63954428e;Nai-Yuan Chiang <chiang7@login5.summit.olcf.ornl.gov>;1606193418;"fix issues according to Asher's suggestions on 11/23/2020
"
llnl_hiop;c4a67d879fc584f719db7166f36ebd9a1b353405;nychiang <sorakid507@gmail.com>;1608586608;"use HiOp option to decide the mode of STRUMPACK (cpu/hybrid); fix bug: use nullptr in full sparse linear system
"
llnl_hiop;c4dd061245a35038cdcdbd0cf71898bb9f88b50a;Cosmin G. Petra <petra1@llnl.gov>;1663610565;"renamed file for umpire memory backend
"
llnl_hiop;c4e00d1d730202fd4b333e09e9286a2241fa29b3;Slaven Peles <slaven.peles@pnnl.gov>;1624594237;"Fixing warnings for vars that are used in assert() only.
"
llnl_hiop;c4e097d428bfae575c7dacfab84e50cb6d58ceb7;Nai-Yuan Chiang <chiang7@llnl.gov>;1627451346;"use exact bound limits in FR problem
"
llnl_hiop;c4ed55086ba57ffdc1b5e73a3755944cd1d4fed2;nychiang <sorakid507@gmail.com>;1655939953;"update bank info
"
llnl_hiop;c4edad36c4f7cb4a17d3d2021e544482c6b956c9;Cosmin G. Petra <petra1@llnl.gov>;1589476836;"updated IpoptAdapter for one-call constraints
"
llnl_hiop;c4f00e29ae10d4affff8d92e2da5bc078e735b24;Fritz Goebel <fritz.goebel@kit.edu>;1647615183;"add missing option for ginkgo
"
llnl_hiop;c51cc92fc2300be732349c570a87be79e751a8a2;Cosmin G. Petra <petra1@llnl.gov>;1606697921;"doxygen style doc for hiopInterfaceBase

and some cosmetic improvements in other places
"
llnl_hiop;c52a6f6b9baaaa2d7f233a749aa98f901349723f;Cosmin G. Petra <petra1@llnl.gov>;1544721439;"support for RELATIVE tolerance
"
llnl_hiop;c52c4f7ac3c20e85b8b23d5fb2a6cb6cea097c57;Asher Mancinelli <asher.mancinelli@pnnl.gov>;1617077580;"added example 9
"
llnl_hiop;c54faaabcdc3e1f376dfb4316229b39f71525c08;Slaven Peles <peless@ornl.gov>;1646455871;"Addressing Asher's suggestions in #415.
"
llnl_hiop;c550b6ef1b67ca870400933f5b96108f0118ecef;Chiang <chiang7@sephiroth.llnl.gov>;1617855068;"update document
"
llnl_hiop;c555bcb35382ac96476f1b6f6154630cb18fe53b;Chumbipuma <chumbipuma1@croagunk.the-lab.llnl.gov>;1752078055;"Add local_data_host() override to hiopMatrixDense for host data access
"
llnl_hiop;c559149f6cef1b71ebdea03cb56f820f29c2fde1;Chiang <chiang7@sephiroth.llnl.gov>;1623266999;"rebase to develop; fix RAJA code
"
llnl_hiop;c55f9e4345ad62a7208ec6c977394841f5975025;Peles, Slaven <slaven.peles@pnnl.gov>;1596566503;"Implement RAJA-based sparse matrix classes.
"
llnl_hiop;c5904adc7677314c1227c2b4c917db326c47201b;Juraj Kardos <juraj.kardos@usi.ch>;1565970519;"less agressive rho update
"
llnl_hiop;c5afa8997f62eb46aed59a94db7a913a5f206a52;Cosmin G Petra <petra1@llnl.gov>;1674495940;"Instrumentation of host vectors with execution spaces (#584)

* vectorpar with exec spaces
"
llnl_hiop;c5bd9f01dd88fd5c041b1c84e5816ea5a6d1db70;Cosmin G. Petra <petra1@llnl.gov>;1648255044;"logic for instantiating linear solver in XDYcYd KKT
"
llnl_hiop;c5c6dd76e7a61d5ce4fbba020cd8600525c87ced;Asher Mancinelli <asher.mancinelli@pnnl.gov>;1594866052;"Merge branch 'matrix-interface-dev' of ssh://gitlab.pnnl.gov:2222/exasgd/solvers/hiop into matrix-interface-dev
"
llnl_hiop;c5ccb07f811375259e58ce5f950044f9a6b67637;Cosmin G. Petra <petra1@llnl.gov>;1652971375;"renamed files accordingly to coding styleguide
"
llnl_hiop;c5cdae5884965a2e2ca4552f9fee8fd8b999e61d;nychiang <sorakid507@gmail.com>;1601675104;"correct IpoptAdapter for sparse matrix. Add unit test
"
llnl_hiop;c5d9e041bf155caddb5db7d35dfb967d54e0482c;Cosmin G. Petra <petra1@llnl.gov>;1647541951;"cleaning up
"
llnl_hiop;c5daf347df527b9fd6a61f3f3bb7b9a376e77a1f;nataliarodriguez-uc <natalia_rodriguezuc@berkeley.edu>;1755979436;"new info added from smt
"
llnl_hiop;c5e156c6f27d046f590dc35114980e3f9c573ca6;Nai-Yuan Chiang <chiang7@llnl.gov>;1697228033;"Fix the approach used to update mu (#664)

* fix mu update

* update example solutions

* remove typo"
llnl_hiop;c5f813af7a2e1a73ae87abe482aa2860ff85516e;Asher Mancinelli <ashermancinelli@gmail.com>;1625244765;"Update build system to work with cusolver
"
llnl_hiop;c60b0c2466da5db8fe930c7c944aa935eab1e2a6;nychiang <sorakid507@gmail.com>;1602032109;"add example 7
"
llnl_hiop;c611084bf90ab4e835c672ea12aeb0ffadf47a37;nychiang <sorakid507@gmail.com>;1742840972;"address comments
"
llnl_hiop;c62987b40378429df82eb776ff59165a99346915;Jingyi Wang <wang125@lassen709.coral.llnl.gov>;1606536802;"update PrimalDecomp with outer iteration of the optimization
"
llnl_hiop;c62d32c1e347455a8eece72916d16795e0c9f437;Cosmin Petra <petra1@llnl.gov>;1574470772;"added note on the Hessian's lambda order of components (eq-then-ineq)
"
llnl_hiop;c66324053b0becd196f7a8a0f283620d4adee3bc;rcrutherford <robert.rutherford@pnnl.gov>;1621451429;"Add HiOp::HiOp as exported target and fix METIS issue
"
llnl_hiop;c6983ce95638fce3f2a3bf4d1d060894800cd10c;Cosmin G. Petra <petra1@llnl.gov>;1589390619;"fixed bug in IPM filter

when adding, the order of theta and phi was switched
"
llnl_hiop;c6c13026f45235816e1473494c60be7e1c7552e4;Tucker Hartland <tucker.hartland@gmail.com>;1761342508;"cleanup
"
llnl_hiop;c6f167f6944b34197cc8f380992eceb8d24924c0;Cosmin G. Petra <petra1@llnl.gov>;1677628225;"added logic in LinAlgFactory for sparse matrix instantiation
"
llnl_hiop;c6f94d2d6e36499eeac16eeeb3dd24428d30ee6c;Nai-Yuan Chiang <chiang7@llnl.gov>;1697228018;"Fix a bug in copying an empty matrix into a bigger matrix (#666)

* add unit test; do not copy empty matrix

* delete variables

* fix typo"
llnl_hiop;c70487cdba4265f8aee4d6e9989d3f353cecbd51;Asher Mancinelli <ashermancinelli@gmail.com>;1639699373;"Add incline build/test to CI
"
llnl_hiop;c708b8d8747e870118a01390b5c079fd09b53086;rcrutherford <robert.rutherford@pnnl.gov>;1606773216;"Updated testing commands and build script
"
llnl_hiop;c71a1823c5d1d046b6212c22ffa1817ac596eb2c;Cosmin G. Petra <petra1@llnl.gov>;1474992071;"added 'Drivers' dir
"
llnl_hiop;c736e8a1c83824ef4d05926b7cf8f6a03795bca7;Nai-Yuan Chiang <chiang7@llnl.gov>;1656353981;"Update user guide for v0.6.2 (#505)

* update user guide

* add citation for notations

* fixed typos, left refs to the appendix' sections

* updated pdf user manual

Co-authored-by: Cosmin G. Petra <petra1@llnl.gov>"
llnl_hiop;c740a9c32480386c760699765a78956d7d38c840;Nai-Yuan Chiang <chiang7@llnl.gov>;1648135543;"Iterative refinement from the full KKT system (#422)

* generalize IR for compressed system

* add support to raja functions

Co-authored-by: Chiang <chiang7@sephiroth.llnl.gov>
Co-authored-by: Nai-Yuan Chiang <chiang7@login1.ascent.olcf.ornl.gov>"
llnl_hiop;c75e38230277aaad756dc430f8208d5896e1628e;pelesh <slaven.peles@pnnl.gov>;1606350123;Merge branch 'develop' into pipeline-trigger-fix
llnl_hiop;c77b988ae4a595cf4c559ea271e93f91c4901c73;Cosmin G. Petra <petra1@llnl.gov>;1662395129;"Hardware backend in Cuda Csr
"
llnl_hiop;c77c581c6194480c71da2b8b864836b00f85b5bb;Cosmin Petra <petra1@llnl.gov>;1667594949;"implemented memory backend for hip
"
llnl_hiop;c7cbaccbfce3396199296e4a0a280d15f9b7f72e;Cosmin G. Petra <petra1@llnl.gov>;1602522602;"Hess evaluated separately in starting procedure

* so that the Hessian is evaluated with computed multipliers
"
llnl_hiop;c7ceff14884fa9cb131b765d49b59459987cd4b4;nychiang <sorakid507@gmail.com>;1654139736;"add dense example
"
llnl_hiop;c869277ff0a7047e58faac2ce675e940163b0ce4;Cosmin G. Petra <petra1@llnl.gov>;1611162793;"added module use to properly find magma library on ascent
"
llnl_hiop;c869fbc77a624bd8461ca744abd39c63df224069;Cosmin G. Petra <petra1@llnl.gov>;1630359312;"fix Ex4 RAJA to work in the device memory space
"
llnl_hiop;c87e5da8e0d96d8987bb1b119a19478ee5bbe90f;Cosmin G. Petra <petra1@llnl.gov>;1663622495;"removed hiop_raja_defs.hpp
"
llnl_hiop;c890a3213ca4062f7194089a2ca26c112f4b9a51;Cosmin G. Petra <petra1@llnl.gov>;1532980774;"removed a driver that is not used anymore
"
llnl_hiop;c8a42d8646125370a947dd734a971dd649913b55;Cosmin G. Petra <petra1@llnl.gov>;1555364134;"option for disabling the linesearch
"
llnl_hiop;c8a69233f059c998deb9690451505196a4bb891a;Cosmin G. Petra <petra1@llnl.gov>;1573086334;"added wrapper class for sparse matrices
"
llnl_hiop;c8a965181526323cd626e41f0d19dfe20b4bb4a5;Cameron Rutherford <robert.rutherford@pnnl.gov>;1726757362;Update spack_build.yml with correct Spack commit SHA
llnl_hiop;c8bcbf8d9cf52437a85c4b6a8b43a2d2f293fef1;Cameron Rutherford <robert.rutherford@pnnl.gov>;1677824068;Attempted debug of submodule update issue
llnl_hiop;c8c2bf65036f9f9424b62d95cf4b827af4270d02;ryan.danehy@pnnl.gov <dane678@we45149.pnl.gov>;1692372589;"Put pending jobs in matrix
"
llnl_hiop;c8cb601420f71608eaa300f9cd694c5b52dc8255;Cosmin G. Petra <petra1@llnl.gov>;1586913881;"implemented Ex4OneCallCons NLP
"
llnl_hiop;c8e3a917e08b473f72ee7046b3f09356f6d9427e;Fritz Goebel <fritz.goebel@kit.edu>;1647610133;"remove no longer needed arrays
"
llnl_hiop;c8f9238e6af898bb6b8ce1d0b227e7fcace5b207;Cosmin G Petra <petra1@llnl.gov>;1639781755;"cleaned NLP formulation base class
"
llnl_hiop;c8ff0d52191120894d817bb1b51689727df9f88d;Cosmin G Petra <petra1@llnl.gov>;1747429255;"added disabler of NLP transformations to make it easier to call user provided functions
"
llnl_hiop;c90c45dd8ed736867f804b417a9b06fcb40517fe;Cosmin G. Petra <petra1@llnl.gov>;1573510586;"added sketch of FullNewtonIPM and abstractized Hessian obj

- HessianLowRank fakely inherits from a matrix to match the type of FullNewtonIPM Hessian
"
llnl_hiop;c90d12bb679d417039740a596e2e9d2a6d820e74;Cosmin G. Petra <petra1@llnl.gov>;1619821627;"zero initialization of iteration class

also removed from Alg class code specific to linear system option
"
llnl_hiop;c91b166e6571d32d05897c7d5049c72b91a446db;nychiang <sorakid507@gmail.com>;1606860684;"support distributed (MPI) vectors
"
llnl_hiop;c92167a2e039fd6a27e2a917c6a4f3cbb943a174;Cosmin G. Petra <petra1@llnl.gov>;1482973580;"fixed another bug in shift rows
"
llnl_hiop;c92239ef43c857dac37cb73e38b177b69f4f8aef;Cosmin Petra <petra1@llnl.gov>;1600486922;"added 'linsol_mode' option and robustified outer alg loop
"
llnl_hiop;c934c6e86d2355284ec3e8134ef33dd33d07cb84;nychiang <sorakid507@gmail.com>;1654731724;"wait for is_equal
"
llnl_hiop;c98b24374098a97b18a02190a4ef0977564839a4;kswirydo <kasia.swirydowicz@pnnl.gov>;1683680481;"backup - small changes in cUSOLVER
"
llnl_hiop;c9deb19e2177970f8e569f18adab073560d20a8b;nychiang <sorakid507@gmail.com>;1625700132;"create branch for the RAJA scan issue
"
llnl_hiop;ca0231e5fbd8bdc278b6ff4924dbdd9475f6a9ba;Cosmin G Petra <petra1@llnl.gov>;1656699387;"Fix compilation issues with latest RAJA/Umpire (#511)

* remove umpire-related header from NLPFormulation

* moved raja/umpire headers and code in a separate compilation unit

* consistent filenames"
llnl_hiop;ca55bbc7135664e795f6fb503cb431f61ec14f0d;Asher Mancinelli <asher.mancinelli@pnnl.gov>;1606356662;"Pipeline trigger fix (#126)

* adds pipeline trigger git push action

* Adding abs path to openblas on marianas

Co-authored-by: pelesh <slaven.peles@pnnl.gov>"
llnl_hiop;ca5ca58af3c3973dbc38904b4f89eaf9d5ccbe9f;Nai-Yuan Chiang <chiang7@llnl.gov>;1645150616;"Update hiopAlgFilterIPM.cpp

fix timer"
llnl_hiop;ca776edc820b9c830535eb50eb38f1d0f63eb3cf;Tom Epperly <epperly2@llnl.gov>;1684255323;"Use integers instead of strings
"
llnl_hiop;ca8dfeb10df9b376069230d2461a1072e95330ea;Nai-Yuan Chiang <chiang7@llnl.gov>;1624478926;"Feasibility restoration problem for MDS system (#239)

* Feasibility Restoration for MDS

* add unit test and fix RAJA code

Co-authored-by: Chiang <chiang7@sephiroth.llnl.gov>"
llnl_hiop;ca964bbcd763daac2ffa72b457f46d431fc2d9e2;Chiang <chiang7@sephiroth.llnl.gov>;1623697735;"test
"
llnl_hiop;caa0e6b0e559ed1212205c8c7aedf5cb9f0aa417;Nai-Yuan Chiang <chiang7@llnl.gov>;1629175882;"Add support to PARDISO solver in CPU mode (#278)

* add support to PARDISO

* add support to unsymmetric matrix

* use one thread by default if OMP_NUM_THREADS is not set

Co-authored-by: Chiang <chiang7@sephiroth.llnl.gov>"
llnl_hiop;cab209f9f0d7abd4deae3449b47601437c29776f;Cosmin G Petra <petra1@llnl.gov>;1741370765;"addressed MPI issues
"
llnl_hiop;cab7c2796edc8428ffd3b4d0dd71bae3f61073ec;Slaven Peles <peless@ornl.gov>;1684512379;"Move the system matrix to RefactorizationSolver class.
"
llnl_hiop;cac5e086b136159b1112f80dd15eee5eeff42d41;Cosmin Petra <petra1@llnl.gov>;1582575279;"Merge branch 'dev/kronNeMDS' of github.com:LLNL/hiop into dev/kronNeMDS
"
llnl_hiop;cad3c036c5a88df3f5f8ae20513c25129e84e405;Nai-Yuan Chiang <chiang7@llnl.gov>;1651326825;"fix bugs (#462)

"
llnl_hiop;cb0d45d82628f93b8f417640976665dc915c9373;Cosmin G. Petra <petra1@llnl.gov>;1670081543;"fixing (last) OpenMP error
"
llnl_hiop;cb2900ed0c04e297258852599c5e615d3696f132;nychiang <sorakid507@gmail.com>;1675889727;"fix
"
llnl_hiop;cb2a66f7129f7bc9c2fece87e58e32e422a111b4;Nicholson Koukpaizan <koukpaizannk@ornl.gov>;1679671076;"Instrument a few more CUSOLVER function with ranges
"
llnl_hiop;cb439167610c97f0d9b5ccd599c67d5fa9612de9;Cosmin G. Petra <petra1@llnl.gov>;1572903520;"fixed a memory leak
"
llnl_hiop;cb70f5c1f0abf8b805be79834c2d68da37b0c0b8;Fritz Goebel <fritz.goebel@kit.edu>;1652708851;"Add status to determine of factorization was successful or not
"
llnl_hiop;cb78790b14aafa09d6c74ff1e9c270ccaef73c40;Katarzyna Swirydowicz <swir617@newell01.pnl.gov>;1630522713;"docoupling STRUMPACK and CUSOLVER ifdefs etc
"
llnl_hiop;cb91df27c08600df4efe4948fc0b0ab4a2e1d577;Cosmin G. Petra <petra1@llnl.gov>;1611344978;"implemented the int set_val
"
llnl_hiop;cb95ccb3272f0be0695359b121314832fcaf917d;nychiang <sorakid507@gmail.com>;1678247131;"process bounds and relax fixed var
"
llnl_hiop;cb9bc4d4bb8b33eaa7f5f2ffd383fe7b108a05cd;Fritz Goebel <fritz.goebel@kit.edu>;1650883340;"Review Updates
"
llnl_hiop;cbaeeb3bf688274c1e69b19f9d1e1574f0c7579d;Nai-Yuan Chiang <chiang7@login1.ascent.olcf.ornl.gov>;1670208402;"fix
"
llnl_hiop;cbb08694c07e9e593afdca2b44fd0bd8964b5648;Asher Mancinelli <asher.mancinelli@pnnl.gov>;1602110158;"Extended helper method to support sparse matrices
"
llnl_hiop;cbb9687f70b19b4915fbd6319d88e900f2d8475a;Tucker Hartland <tucker.hartland@gmail.com>;1756477889;"changing author order
"
llnl_hiop;cbbce90a7ededc131a665f5a5be4f214293ecc41;Cosmin G. Petra <petra1@llnl.gov>;1656604248;"reviewer's comments
"
llnl_hiop;cbbd0515bd07e33cd86542881daae8793b201696;Asher Mancinelli <asher.mancinelli@pnnl.gov>;1606929212;"Fix Github Actions CI (#137)

* disabling kron reduction

* disabling hiop_sparse"
llnl_hiop;cbbe7d6d61789d8b6e31987bf2e7f556f6e7b333;Rutherford, Cameron <robert.rutherford@pnnl.gov>;1725637030;"Also exclude openssl.
"
llnl_hiop;cbce4813483490b245fa3c5b15812111db61fc3c;Cosmin G. Petra <petra1@llnl.gov>;1614101413;"added tril and triu to automatically detect whether the matrix is symmetric and whether it is lower or upper triangle
"
llnl_hiop;cbcf7a77b427722482f6dcb3e364977b3ad820b1;Cosmin Petra <petra1@llnl.gov>;1578072046;"added C+11 requirement in the build system

not yet used, but planning to use its features
"
llnl_hiop;cbd14f772000176a2967f33fed4de972441063bf;nychiang <sorakid507@gmail.com>;1669199735;"all functions
"
llnl_hiop;cbe3a5331a710a2294a2a741b6377ce342c55d1d;nychiang <sorakid507@gmail.com>;1677734957;"fix cusolver for hybrid mode
"
llnl_hiop;cc248b2b078d03188b655a9c4570c13b4014a355;nychiang <sorakid507@gmail.com>;1637368334;"fix bug in gradient scaling
"
llnl_hiop;cc4222054d6bb3d7c33dfff1ca2636447be3b7bb;Nai-Yuan Chiang <chiang7@llnl.gov>;1685726060;"Use bicg ir in the dense solver (#620)

* use bicg ir in the dense solver

* fix FOOTPRINT_INTERVAL_RESET

* wrong mpi results

* fix after rebase

* fix

* fix after rebase, add dense ex4 to CI

* remove safe/forcequick mode selection from quasi-newton solver"
llnl_hiop;cc490f84b6375efedc8286bac39056b012a572c2;Chiang <chiang7@sephiroth.llnl.gov>;1626119371;"add support to unsymmtric matrix
"
llnl_hiop;cc4ce3c78c48bfdd5474af90653daf8457ead5ed;Asher Mancinelli <asher.mancinelli@pnnl.gov>;1589998523;"resolved all conflicts between dev/unit_tests and master
"
llnl_hiop;cc5e95ab6c5bfb08f358df9d091c75227158dac3;Cosmin G. Petra <petra1@llnl.gov>;1491330056;"'make test' in CMakeLists.txt

Added tests for 'make test' based on nlp_dense2 driver using '-selfcheck' command option
"
llnl_hiop;cc881c50a0bf7df688b7d8f5b877c7edd984fae4;Rutherford, Cameron <robert.rutherford@pnnl.gov>;1678140097;"Print curl command before running.
"
llnl_hiop;cca3501eaffd13ff9ba3f813096b9d26070099ad;Jingyi Wang <wang125@lassen709.coral.llnl.gov>;1608590645;"update ex8
"
llnl_hiop;ccaebe27bf16874f527bfc9328b622b957ddb1d0;nychiang <sorakid507@gmail.com>;1667547736;"fix culibos issue
"
llnl_hiop;ccb311914dbd40a1b3c747b5ce134ebbde8bd8ca;Cosmin G. Petra <petra1@llnl.gov>;1653075205;"added form CSR diagonal matrix from vector
"
llnl_hiop;ccc4fbe1d2790c6be9b7d7ad4813a8106ec62299;Cameron Rutherford <robert.rutherford@pnnl.gov>;1677816847;Update spack_build.yml
llnl_hiop;ccd29a46fe1ba0a9325b6084e41d9751c65f63cd;Juraj Kardos <juraj.kardos@usi.ch>;1564168802;"adding missing functions
"
llnl_hiop;ccdea971c3b5d447c9e0a8d809b12a910630d22c;Cosmin G Petra <petra1@llnl.gov>;1707516260;v1.0.3 update CHANGELOG.md
llnl_hiop;cce24fa603f6f201e5a1a69a287f3d3e73176f8f;Cosmin G Petra <petra1@llnl.gov>;1691169780;Update solver_options.tex
llnl_hiop;ccf88d843c0925d6157ea625162569bb7e441209;Cosmin Petra <petra1@llnl.gov>;1586239541;added a list with small things to be done
llnl_hiop;cd0fe2a23d8c4e4bf78f9943f10a3f03fdb17cc2;Asher Mancinelli <asher.mancinelli@pnnl.gov>;1583204004;"fixing include ordering
"
llnl_hiop;cd176c4d9b525e26786e8726e1ac35f44648ec63;Cosmin G. Petra <petra1@llnl.gov>;1492564819;"Support for user callbacks (iteration and solution)
"
llnl_hiop;cd377d9756c29b4fd43e1c9d9b1206bfc40dc9af;Asher Mancinelli <asher.mancinelli@pnnl.gov>;1636422691;"explicitly symmetrize now works, can't call it
"
llnl_hiop;cd5a5246993a20fdc3f28026ff22049f479c95cc;nychiang <sorakid507@gmail.com>;1654917227;"fix randomized alg
"
llnl_hiop;cd5d21bfa284659cee5756f5df2db164701ba098;Harmen Stoppels <me@harmenstoppels.nl>;1742201786;"spack v1.0 support: `%foo +bar` -> `+bar %foo`

Spack v1.0 will parse `pkg %gcc +foo` as ""pkg with direct dependency gcc
with variant foo enabled"" instead of ""pkg with variant foo enabled and compiler
gcc"". Reorder as `pkg +foo %gcc` to be compatible with Spack v0.x and
v1.0.
"
llnl_hiop;cd6b236d56920b6f36d12c6b983fdf8b0a7df13f;Cameron Rutherford <robert.rutherford@pnnl.gov>;1677817140;Remove debugging from spack
llnl_hiop;cd867f362017cff80c5e0dd84c6587313d2119ce;Slaven Peles <peless@ornl.gov>;1646940272;"Addressing Nai-Yuan's suggestions.
"
llnl_hiop;cd9703ce167ea4c85142cfa0483e0a6b3a4d87b4;Cosmin G. Petra <petra1@llnl.gov>;1587063416;"fixed a memory leak

missing constructor
"
llnl_hiop;cda5098fc63593fe928ef37213a49d2b7def2fca;Peles, Slaven <slaven.peles@pnnl.gov>;1596566503;"Implement RAJA-based sparse matrix classes.
"
llnl_hiop;cda5e77b2260b849e3b5c5668e1b8e5a141cdf6d;Nai-Yuan Chiang <chiang7@llnl.gov>;1616947651;"Using one norm instead of infinity norm to compute primal feasibilities in line search (#202)

* use one norm to measure constraint violation


Authored-by: Nai-Yuan Chiang <chiang7@login1.ascent.olcf.ornl.gov>"
llnl_hiop;cdabf43de5393f2f469d1ba20b363e4e4d9512e2;Chiang <chiang7@sephiroth.llnl.gov>;1640668354;"pcg solver and its unit test
"
llnl_hiop;cdb03f7628f0fe4d7313d553024d6a8b4c284cb4;Cameron Rutherford <robert.rutherford@pnnl.gov>;1677822366;Add debugging to failing E4S cache commands
llnl_hiop;cdd1dc3a230fe1d1e8e657029f98d653ea59f4e7;Cosmin G. Petra <petra1@llnl.gov>;1652398706;"Merge branch 'develop' into csr-ker-add-dev
"
llnl_hiop;cddf526b9ba40c2b18637732277eaa25cd0095d3;Juraj Kardos <juraj.kardos@usi.ch>;1565309583;"enabling file option overwrite in the code, controling supbroblem verbosity_level
"
llnl_hiop;cdebe799ecda56d0b4c6a36ca7398317905b1999;Cosmin G. Petra <petra1@llnl.gov>;1508961017;"added InnerProdWeight class and started to instrument the code with this functionality
"
llnl_hiop;cdf118015b322b082b0abaef6b27e18df5ce8d31;Frank Wang <wang125@llnl.gov>;1622525533;"some formatting issues
"
llnl_hiop;ce185c9b3597766a146ae26267c9e88c30b23978;Chiang <chiang7@sephiroth.llnl.gov>;1635197865;"minor fix
"
llnl_hiop;ce21a53cb60325bb30fbc8ec4e73e8e468ead3f2;Cosmin G. Petra <petra1@llnl.gov>;1519245088;"(manual) scaling for the big runs
"
llnl_hiop;ce38c4b5c3c7b4660672ba385b4fa47e4b187231;Chiang <chiang7@sephiroth.llnl.gov>;1631912129;"add CI example for pardiso linear solver
"
llnl_hiop;ce3a1356c005df97ec0d146e22b8349b8f5cb553;nychiang <sorakid507@gmail.com>;1653631244;"CF interface
"
llnl_hiop;ce5970cadeca08185c2dcc5e959788b569897458;Slaven Peles <slaven.peles@pnnl.gov>;1608014110;"Minor fixes to refactored vector tests.
"
llnl_hiop;ce6bcae461f131ce57a067cb109b06a9b0873a49;Frank Wang <wang125@llnl.gov>;1655403567;"update pridec local option
"
llnl_hiop;ce74e04db492051f9e5427199d5a5045e41eb1ef;Cosmin G Petra <petra1@llnl.gov>;1739398051;"improved log output for NLP ObjGrad scaling
"
llnl_hiop;ce80fb222d223db0c4f4c4c6f43dd111e7f3b711;nychiang <sorakid507@gmail.com>;1616704950;"check Filter condition after Armijo
"
llnl_hiop;cea5adbaf7a6f50a24d29ad5331f7cfdcbf38384;Cosmin G. Petra <petra1@llnl.gov>;1619452030;"fixed issue in matrix class when having 0 local vars in the mpi rank
"
llnl_hiop;ceb0a33b1a1fd09a9ab721635c60f917496718ba;Zack Galbreath <zack.galbreath@kitware.com>;1614875707;"Merge f55d259d1d06628ffdd7d3243250efa330240646 into 5468f82d149996579c15aca8873471675f766166
"
llnl_hiop;cebb02849428f9ca001d96aa46ddef88b64460ae;pelesh <peless@ornl.gov>;1654110794;"Use HiOp options to configure cuSOLVER-LU (#485)

* Add cusolver-lu configuration options

* Make `firstCall` a private method.


Co-authored-by: kswirydo <kasia.swirydowicz@gmail.com>"
llnl_hiop;cebee523e999000f32a34fa9367104ccb1952d04;Tucker Hartland <tucker.hartland@gmail.com>;1752594317;"adding sys import
"
llnl_hiop;ced65f1a555e8c6a70ad33c0e5a61c36c0fa14cf;Cosmin G Petra <petra1@llnl.gov>;1655912255;"Scale rows implementation CSR Cuda matrix (#500)

* added scale rows for cuda csr matrix

* improve efficiency of adding the diagonal log-barrier and primal regularization
"
llnl_hiop;cefb502d7a83f5d0418d1eb1cda6d8101b718917;rcrutherford <robert.rutherford@pnnl.gov>;1608161237;"Removed unused funciton globalToLocalMap in matrixTests.hpp
"
llnl_hiop;cf054a5e903ebca019598e7321cd98c9e12100b7;Chiang <chiang7@sephiroth.llnl.gov>;1646465585;"no compiling issue
"
llnl_hiop;cf2340f98ffbba19505100b393704bd19a4fcfcc;Cosmin G. Petra <petra1@llnl.gov>;1625455571;"propagated create_vector_int with mem_space as a parameter
"
llnl_hiop;cf3308125b4e4024151737c76c5343220914cd7b;Frank Wang <wang125@llnl.gov>;1637610061;"update the manual to include existing options
"
llnl_hiop;cf3388a4a0f8ebda76f980c6b06aeacce11a19a5;Cosmin G. Petra <petra1@llnl.gov>;1731281364;"fixed incorrect extension in file name comment
"
llnl_hiop;cf34ff463309b13e89d971e0998d65d25ff88c53;nychiang <sorakid507@gmail.com>;1614238900;"fix chain rule in hiopNlpTransform
"
llnl_hiop;cf439f6d2253afb924ce0e8aeedc45e56da1f579;nychiang <sorakid507@gmail.com>;1658815444;"address C's comments
"
llnl_hiop;cf4e0d88ff88f1840bf1c09fc7b38889561ab516;Harmen Stoppels <harmenstoppels@gmail.com>;1750118947;"Merge cd5d21bfa284659cee5756f5df2db164701ba098 into e96d63ccb0d9f855d9f1bf241c05b1b7aa481a06
"
llnl_hiop;cf5cbd41791ec8da5234e6e7402980ed6323c20b;Cosmin G. Petra <petra1@llnl.gov>;1474991960;"added 'Optimization' directory
"
llnl_hiop;cf7a86a429eb21a1385dfbfea53ff9854dcbef8b;Slaven Peles <slaven.peles@pnnl.gov>;1583029229;"Reorganize tests.
"
llnl_hiop;cf90cc835d029c267d8de1c5a52dc0bcd8104c8c;nychiang <sorakid507@gmail.com>;1654204686;"update comments
"
llnl_hiop;cf9430ca60a90094995a66c080c89b644eab7c2f;Tucker Hartland <tucker.hartland@gmail.com>;1752592154;"updating tests and using a uniform interface for parsing arguments
"
llnl_hiop;cf9cd012a669d7cae21aa3e00d4bbc5c0900f54a;Tucker Hartland <tucker.hartland@gmail.com>;1759265724;"moving my demo Jupyter notebook to drivers
"
llnl_hiop;cfa526ddc07cb758d190c59832d1ab262b4b2268;Cosmin G Petra <petra1@llnl.gov>;1632414867;"Preprocessor logic for gpu compute mode (#327)

* changed preprocessor logic to have HiOp stop when GPU linear solvers are not present"
llnl_hiop;cfd782fd29db682c715cca0de8ac4bf03467aa20;Cameron Rutherford <robert.rutherford@pnnl.gov>;1737570352;"Add spack install instructions to README.md (#701)

"
llnl_hiop;cffdeffe5ece6c4718bca71dc24e190a3e15e0b7;Cosmin G. Petra <petra1@llnl.gov>;1572888169;"updated user manual
"
llnl_hiop;d00cdc3e9f2a0f7b680f2101074659b0cefa6aa4;Cosmin G. Petra <petra1@llnl.gov>;1643062528;"some code cleaning
"
llnl_hiop;d0186288794e1016650852b1294773c79118621b;Cosmin G. Petra <petra1@llnl.gov>;1537374521;"streamlined some MPI calls
"
llnl_hiop;d0215ff8474dd605da03fdbcaa352e74bc4cb8ae;nychiang <sorakid507@gmail.com>;1675489172;"final
"
llnl_hiop;d047558d69065c2d220d76d169188f7231826b58;Cosmin G Petra <petra1@llnl.gov>;1675375429;"remove copy from/to device methods in vector classes (#587)

* added new copy to/from hiopVectorPar

* implementation

* raja implementation

* fixed a bug in the templated transfer implementation

* header instrumentation for cuda vector class

* finished raja vector

* added asserts for copy failures (CUDA memory backend)

* cuda vector implementation of new copy to/from ""vectorpar""

* build error fixes

* vector int copy to/from seq implementation

* replaced copy to dev method with vectorpar-based transfer

* copy to/from device are private methods now

* cleaning the code of copy to/from device

* added methods for copying to/from seq vector int

* added documentation

* fixed bugs and updated NlpFormIneq

* remove copy to/from dev methods from int vector interface

* finished removing dev copy methods from NlpFormulation

* reviewer comments"
llnl_hiop;d058fe9abf8a0f65e7747109d36fe405e9685359;Frank Wang <wang125@llnl.gov>;1637610346;"fixing some typos
"
llnl_hiop;d06ca90dcd95d5e7fe75ab22a248ee0a7de157ff;Cosmin G. Petra <petra1@llnl.gov>;1585110245;"implemented assertSymmetry in dense complex matrix class
"
llnl_hiop;d07cab2a3e567369d2da065f66cfa6ea6c2728ea;Cameron Rutherford <cameron.rutherford@me.com>;1731083184;Add some comments and move libevent version spec
llnl_hiop;d095072aa343732aa74f28f57d159db2ec9edab6;Slaven Peles <peless@ornl.gov>;1685925433;"Minor code formating changes to align with HiOp coding style.
"
llnl_hiop;d0a7ce123dff31c0e8be2d69cc52b2f06b0d3b12;Weslley S. Pereira <weslley.spereira@gmail.com>;1760029651;"Merge a5427791c15fcdc98ff03a09167daa072d3f4f96 into e004aba17c51ab22236cb7c8e38b2ac2bab2d32d
"
llnl_hiop;d0ae70aaa0f90d89128fc9e50c13fc422ae9c6dd;Asher Mancinelli <asher.mancinelli@pnnl.gov>;1608249949;"Including needed cmake extensions
"
llnl_hiop;d0d404638d3f1c9957e2cd98d28af6da4e307947;Jingyi Wang <wang125@lassen708.coral.llnl.gov>;1605398331;"asynchronous contingency mpi update 1
"
llnl_hiop;d0dd75ba3f879c1f98670459eddfd603152839ec;Cosmin G. Petra <petra1@llnl.gov>;1576515790;"added missing headers to include dir in distribution/install directory
"
llnl_hiop;d0f57c880d4202a72c62dd1f5c92e3bc8acb9788;Cosmin G Petra <petra1@llnl.gov>;1676930145;"release 0.7.2  (#598)

* release 0.7.2 preparations"
llnl_hiop;d117c6b15d1e485743a0ded9c1ace2c9ee51cd9a;Nai-Yuan Chiang <chiang7@llnl.gov>;1628111307;"modify rowStartInfo for hiopMatrixRajaSparseTriplet (#286)

* update rowStartsInfo; inclusive_scan on CPU

* use index_type and size_type in class RowStartsInfo
"
llnl_hiop;d12a8e63bbabcf9c3f864aed0cffd8fc012a2ff2;Cosmin Petra <petra1@llnl.gov>;1582653167;"cmake now also finds ma86 headers and metis lib
"
llnl_hiop;d1363195f7ed8e1aed459a865ab9c1399e9ea736;Cosmin G. Petra <petra1@llnl.gov>;1641419020;"updated the Krylov ""interface""
"
llnl_hiop;d162cea88794f21f036de1b06e269927c7e43b56;Fritz Goebel <fritz.goebel@kit.edu>;1663863016;"Fix CudaError
"
llnl_hiop;d163f0ac14ea3d0f6b8ff1e5b1182e6659aae04f;Chiang <chiang7@sephiroth.llnl.gov>;1640822960;"remove useless functions
"
llnl_hiop;d16b103953a41aba2236a47c51d84e904e98f706;Cosmin G. Petra <petra1@llnl.gov>;1671496509;"renamed raja dense matrix class, added cuda implementation file
"
llnl_hiop;d16d1803fa542515a22f6d094387f5904bcde561;Cosmin Petra <petra1@llnl.gov>;1582658660;"fixed and documented issues that MA86 headers have with C++
"
llnl_hiop;d186348134b8861e2441e2ac4beaa8c2c795ba36;Cosmin G. Petra <petra1@llnl.gov>;1481045159;"fixed a problem in the update of the eq multipliers
"
llnl_hiop;d1ad5820688c2099788a668fd166b8cb13ddd526;Cosmin G. Petra <petra1@llnl.gov>;1671496812;"added temporary define for raja dense matrix  for OMP
"
llnl_hiop;d1b0401a24f8ccad01edb0542dd259e9b7afe022;Harmen Stoppels <harmenstoppels@gmail.com>;1743376860;"Merge cd5d21bfa284659cee5756f5df2db164701ba098 into f2c38f7aa06d71b69666b8cb75d0847637338841
"
llnl_hiop;d1b92d241670d101d6163620f401f5761a4f0c93;nychiang <sorakid507@gmail.com>;1604012905;"add support for STRUMPACK
"
llnl_hiop;d1ccfaea58d79e8269985b77e229957bfa75b00a;Tucker Hartland <tucker.hartland@gmail.com>;1756394280;"updating authors of user manual and a small change in hiopbbpy section
"
llnl_hiop;d1d1c4d6ced8096ae89388d5db5025ca1136d2b8;nychiang <sorakid507@gmail.com>;1678261259;"cuda/hip implementation & unit test
"
llnl_hiop;d1d2ae5f56453ec034ba6932245d4a6c1da00dd4;Nai-Yuan Chiang <chiang7@llnl.gov>;1656696959;"Use cuRand/hipRand to generate random numbers (#501)


* random val from a to b

* change grid/block size

* add hiprand, re-engineer the code

* add device synchronize for both cuda and hip"
llnl_hiop;d1e5321e0775050ee8670653273dda9604da7ab8;fritzgoebel <fritz.goebel@kit.edu>;1663901421;"Enable CUDA build without RAJA (#549)

"
llnl_hiop;d1eb1a60265cf28cb067d0e0ef8f0a14a0ccd000;Slaven Peles <slaven.peles@pnnl.gov>;1583027842;"Simple example of a unit test.
"
llnl_hiop;d1fb7bc83b3c8334ed51d6b4406a48dcdb7ff172;Cameron Rutherford <cameron.rutherford@me.com>;1628538510;"FindHiopCudaLibraries.cmake Fix (#295)

* Fixes for cuda library names + shared/static linking.
"
llnl_hiop;d1fc18e9a18bc83f5964d2381ed5ad2457cfb30d;Cosmin Petra <petra1@llnl.gov>;1577127288;"added support for sparse matrix x Diagonal x transpose -> dense sym matrix

also includes preprocessing/preparing the sparse matrix for the above operation (row start indexes saved)
"
llnl_hiop;d2130da4e4e240d1c41c258725ea45653a0026eb;Asher Mancinelli <asher.mancinelli@pnnl.gov>;1609280070;"Implements full build matrix in parallel
"
llnl_hiop;d21377479c288af1b664a09ee43e1b39adfb7e9c;Cosmin G Petra <petra1@llnl.gov>;1725467194;"fixed typos in comments
"
llnl_hiop;d22b4028152ee762a3ffa93fe4efcdcc7c0dbd7c;kswirydo <kasia.swirydowicz@gmail.com>;1630555902;"decoupling CUSOLVER and STRUMPACK
"
llnl_hiop;d235c7e5f0b42cdc624db197657003b1be4b7b83;Cosmin G Petra <petra1@llnl.gov>;1739815475;"improved log output for NLP scaling (#709)

* improved log output for NLP ObjGrad scaling

* changed option description"
llnl_hiop;d245d503e9c54260b0d73a89b207ab44a20fd4b1;Fritz Goebel <fritz.goebel@kit.edu>;1649339187;"Add option for ginkgo to examples 6 and 7
"
llnl_hiop;d25f9a152927552abba961b9ebef70c39abad65c;Slaven Peles <slaven.peles@pnnl.gov>;1625196839;"Disable temporarily sparse test 7.
"
llnl_hiop;d269760a234e4a88b52daceb6ab778ee47ef68c8;nychiang <sorakid507@gmail.com>;1661928204;"create branch; update document
"
llnl_hiop;d28155d92777fbc7a21e24b454761c4ad9df083a;nychiang <sorakid507@gmail.com>;1664384963;"update pdf file
"
llnl_hiop;d2a4ea6a94c7bbf16583d0185bfe45152b221f93;Tucker Hartland <tucker.hartland@gmail.com>;1750087619;"consistent style and fixing a few typos, removing old things that are commented out
"
llnl_hiop;d2df66f4eb56a5d10f50a18154e8c9f601914c73;Cosmin G. Petra <petra1@llnl.gov>;1589243399;"full implementation of Inertia correction (XDYcYD)

only partially tested
"
llnl_hiop;d2ece4fc3534b3af32412e021388e64dd9eb1dfc;Cosmin G. Petra <petra1@llnl.gov>;1510355825;"version with BFGS diagonal only. works with distorted meshes.
"
llnl_hiop;d30289c384a223a1816823894eff3b8f2ebee537;Cosmin G. Petra <petra1@llnl.gov>;1671478960;"fixed issues, cleaned up code
"
llnl_hiop;d303ac81f2965a008c3c2bdafc4f3082f31308d2;Cosmin G. Petra <petra1@llnl.gov>;1483555552;"added timer for optimization and estethic changes to the output
"
llnl_hiop;d30590d835fc588c974d8d7ea1de24221ea6b140;Cosmin G. Petra <petra1@llnl.gov>;1487698765;"added timers and output, reorganized the method for the starting point, fixed issues reported by valgrind
"
llnl_hiop;d31ab9e3fc418998bb68c876c52064d108a51e0c;nychiang <sorakid507@gmail.com>;1654281469;"return unscaled duals
"
llnl_hiop;d33b667ac6f7719d40febfa7f16310e4f73a2f36;Chiang <chiang7@sephiroth.llnl.gov>;1643252515;"minor correction
"
llnl_hiop;d348485926effc459d2da54c3962d802da2de9e8;Nai-Yuan Chiang <chiang7@llnl.gov>;1634919737;"update matlab matrix reader for the input files without rhs and sol (#346)

Co-authored-by: Chiang <chiang7@sephiroth.llnl.gov>"
llnl_hiop;d3636e7f46d293da66c756cf66adcc6c0e663a7f;shakedregev <35384901+shakedregev@users.noreply.github.com>;1616612563;Examples 6 and 7 in HiOp
llnl_hiop;d365d12e3d36a3c86acce94b7cc7565511c0017b;Cosmin Petra <petra1@llnl.gov>;1593065640;"added timers for KKT sol and instrumented MDS linear algebra with performance reporting & timers
"
llnl_hiop;d394948f0a6e013b6accc97dc277ddca59ba074c;Chiang <chiang7@llnl.gov>;1611964308;"create branch
"
llnl_hiop;d3958b1a84be8c80ecc95ad460c375ecf61bc810;Tucker Hartland <tucker.hartland@gmail.com>;1756841209;"updates to the user manual and README. env MPI4PY_FUTURES_MAX_WORKERS ... --> mpirun -np 4 python -m mpi4py.futures python_script.py
"
llnl_hiop;d39ce67a532eddb83d1f3ce07329ce01d45abd23;Asher Mancinelli <asher.mancinelli@pnnl.gov>;1608137855;"Updating documentation, fix doxygen targets
"
llnl_hiop;d3acfa2c6d8400486fd0fba65dbd4dd039774104;Michel Schanen <mschanen@anl.gov>;1589409118;"cleaned up for merge in the master

trying to fix merge

-fPIC on entire project

moved -fPIC up

uninitialized variables

fixed uninitialized grad_f

free's in main added

missing free
"
llnl_hiop;d3b30029b0fb0026730e74eb27a50f9499812cc0;Cosmin Petra <petra1@llnl.gov>;1574210751;"added KKTLinSysDense class
"
llnl_hiop;d3b618dc8b6df80e2eb361d2177d7263f61e42ae;Cosmin G. Petra <petra1@llnl.gov>;1656353788;"updated pdf user manual
"
llnl_hiop;d3d1a019efdca033f839339e00fbc27809ac5730;Chiang <chiang7@sephiroth.llnl.gov>;1642204660;"adjust bounds after adjust small slacks
"
llnl_hiop;d3de75b7b344de195431fd74d151a4e9b80b32ee;Cosmin G. Petra <petra1@llnl.gov>;1675186676;"remove copy to/from dev methods from int vector interface
"
llnl_hiop;d3e43646e901265832eb16dba19f16bdb524b0b8;rcrutherford <robert.rutherford@pnnl.gov>;1659729291;"Bugfix test config on marianas.
"
llnl_hiop;d3ed27552f1ac39dc92f4b219434c87c0f689c2f;Cosmin G. Petra <petra1@llnl.gov>;1674841078;"cleaning the code of copy to/from device
"
llnl_hiop;d3fc2ac42d91e08760f233a547f47d98bac8d670;Cosmin G. Petra <petra1@llnl.gov>;1593129961;"added Linear Solve timing and reporting performance
"
llnl_hiop;d405426940ecffce14094477f9e1d1525b8f305c;Cosmin G. Petra <petra1@llnl.gov>;1680287638;"switch nonblocking communication for contingency idxs to blocking
"
llnl_hiop;d40840f6055efda49845de3d0035f49b249e1ded;Cosmin G. Petra <petra1@llnl.gov>;1586556705;"update Makefile for IpoptAdapter driver

with mac hardwired paths
"
llnl_hiop;d41abee381c0ba3d31db4aa5ed23dad2c4d21334;Juraj Kardos <juraj.kardos@usi.ch>;1566921590;"fixing build with -DHIOP_USE_MPI=OFF where some functions were not defined, requested from src/Utils/hiopLogger.cpp: In constructor 'hiop::hiopLogger::hiopLogger(hiop::hiopNlpFormulation*, FILE*, int)': hiopLogger.cpp:62:72: error: 'class hiop::hiopNlpFormulation' has no member named 'get_rank'
"
llnl_hiop;d421f0607b97aa9b52b446c17621482cafe7a0a2;Nicholson Koukpaizan <koukpaizannk@ornl.gov>;1662594788;"Add NVTX as a CUDA library
"
llnl_hiop;d456aea959adabcc1c7d932fe758c52d8381608a;Cosmin G Petra <petra1@llnl.gov>;1613834343;Update README_developers.md
llnl_hiop;d478c8f484e0f1de206bc617e197cf124f147ad4;Asher Mancinelli <asher.mancinelli@pnnl.gov>;1623945894;"Header install hotfix (#260)

* Add hiop types header to cmake install

* Install pridecomp header"
llnl_hiop;d4900a973ab7dd9542118ac4e9b8ee9fa6f8cae4;Cosmin G Petra <petra1@llnl.gov>;1725466653;"semi-operation checkpointing

checkpoint interface complete
additional states need to be saved
"
llnl_hiop;d4979557717ca5736112bf491d9c2ccb9efa7bca;Cosmin G Petra <petra1@llnl.gov>;1725398036;"more work on load checkpoint EOD
"
llnl_hiop;d4a87a5b8c0ea698e09be014ca50b25fff200fc4;Cosmin Petra <petra1@llnl.gov>;1611538724;"added new options for LSQ
"
llnl_hiop;d4ae2c5bafecda07ad516c3e826f31e29423c932;Frank Wang <wang125@llnl.gov>;1621287222;"update Interfact/CMake
"
llnl_hiop;d4afc16ca075f30e3b5e44bdc124469aae0f802d;Cosmin G. Petra <petra1@llnl.gov>;1670450724;"fixed merge-related errors
"
llnl_hiop;d4b0dba86c46ad982963c6b0be41eb51ff01f19a;nychiang <sorakid507@gmail.com>;1669359327;"add unit tests; add hiopVectorIntCuda
"
llnl_hiop;d5298a399ed04e18ecc390699f66207e62080732;Cosmin G Petra <petra1@llnl.gov>;1652209441;updated HiOp-related bib entries
llnl_hiop;d52ce5d8b0c7170bc4cc1a22b1ebe0cca07e3f8b;Nicholson Koukpaizan <koukpaizannk@ornl.gov>;1680281619;"Merge branch 'ir-testing-dev' into nvtx-annotations-ir-testing-dev
"
llnl_hiop;d52d95d73d304dd01ecfa3481bb6c600193d4d81;Cosmin G Petra <petra1@llnl.gov>;1747164083;"generic perturbation - update of hiopVector get_elem set_elem
"
llnl_hiop;d53eab9a4f78a6b8b0f868ae04aa362eb831c9ef;Cosmin G. Petra <petra1@llnl.gov>;1654614680;"additional fixes for warnings
replaced host `abs` with std::abs
"
llnl_hiop;d56787489a4ceaddd614c1a781744a6a624653a4;Tucker Hartland <tucker.hartland@gmail.com>;1756503893;"small update to the README pointing to the user manual resource
"
llnl_hiop;d57ba82f08a806c8c6eaca8e16bf55f99596a408;nychiang <sorakid507@gmail.com>;1656357443;"unified memory fails
"
llnl_hiop;d5923d479f2fd40c5d610cc152eba0f9d9b8725d;Juraj Kardos <juraj.kardos@usi.ch>;1565192892;"computig only lower triangular part of A'A+B
"
llnl_hiop;d59648d9c23f70c2e239ed0a2296fdf6b4f910d7;Cosmin G Petra <petra1@llnl.gov>;1744307715;"Merge d60b25703b0765d0eb7401fefc0e7d4f3f7bcd57 into 02b105e718cc831e5e499ebf98629d19c20654d1
"
llnl_hiop;d5a5d2509bb9ddb74d44018eebcf4d835e05ba32;Asher Mancinelli <asher.mancinelli@pnnl.gov>;1589930850;"adding build directory name
"
llnl_hiop;d5ad5b52089ec8f32d1a0943bcf0e9244488025d;Tucker Hartland <tucker.hartland@gmail.com>;1750186673;"removing having a separate MPI driver and just using the BODriver in a batch setting and with the MPIEvaluator
"
llnl_hiop;d5c23964c6cf402ec6510bffc55ad7ef21d119c2;Cosmin G. Petra <petra1@llnl.gov>;1573086391;"updated the dense matrix class to work with raw pointers (for internal use)
"
llnl_hiop;d5f712190499aeaf0cf523eda030d126d8d0a076;Nai-Yuan Chiang <chiang7@llnl.gov>;1632160789;"Add inertia-free approach (#315)

* new branch for inertia-free approach

* re-engineer the code

* add unit test

* fix code style and ex7


Co-authored-by: Chiang <chiang7@sephiroth.llnl.gov>"
llnl_hiop;d5f805f8f9a36d210963f131086daf1f28d7f0f0;Cameron Rutherford <robert.rutherford@pnnl.gov>;1726757253;Load openmpi, and use git.version spack version
llnl_hiop;d5fd4aa51416480e56b989832716d1192bc2db54;kswirydo <kasia.swirydowicz@gmail.com>;1648587380;"style: long lines, removing couts/printfs
"
llnl_hiop;d5febc558323dcaa97e489679f318ed79e72ca99;Asher Mancinelli <asher.mancinelli@pnnl.gov>;1617043184;"updated comments ex7
"
llnl_hiop;d60b25703b0765d0eb7401fefc0e7d4f3f7bcd57;Cosmin G Petra <petra1@llnl.gov>;1743629441;"fixed return type
"
llnl_hiop;d618a97336ce24ce8e5a0bda2c49b528499f4b92;Nai-Yuan Chiang <chiang7@llnl.gov>;1645037094;"Add a document to describe example 6 and example 7 (#404)

add sparse examples

Co-authored-by: Chiang <chiang7@sephiroth.llnl.gov>
"
llnl_hiop;d622fccc3e42bba120f9dc0f031c7c128e5732a3;Asher Mancinelli <asher.mancinelli@pnnl.gov>;1630078269;"Add job step to watch pnnl ci results (#303)

"
llnl_hiop;d653b804adca537332879b724817fde1e16c9461;Nai-Yuan Chiang <chiang7@llnl.gov>;1622007530;"FR for MDS
"
llnl_hiop;d67711652fa1c0b53451a52e480a79f5eaa85e55;Nai-Yuan Chiang <chiang7@login1.ascent.olcf.ornl.gov>;1623297530;"temp fix RAJA --- use host
"
llnl_hiop;d67aef18f8f1cd3a666acc5a7de0b4a8686ab68d;Cosmin Petra <petra1@llnl.gov>;1614901023;"intermediary update for full GPU HiOp-Magma interface
"
llnl_hiop;d682ec81c065140de14feb05cfb41b28d626b32c;Nai-Yuan Chiang <chiang7@llnl.gov>;1678763764;"Sparse solver on GPU (#600)

* add sparse raja example

* update cmake file

* add driver

* clean the code"
llnl_hiop;d6915c6437bca2c2ff5b0a439269d157c162cad9;nychiang <sorakid507@gmail.com>;1650079399;"add back cusolver example
"
llnl_hiop;d69c310b4a5bc49b043da97d11a79ad9ce8ea86d;Slaven Peles <peless@ornl.gov>;1683662049;"Minor cleanup, remove commented out code.
"
llnl_hiop;d6b3c9943d9f346ab10b194f81130d1aee468317;Asher Mancinelli <asher.mancinelli@pnnl.gov>;1589037855;"working KRON reduction
"
llnl_hiop;d6b5fa54be15d07623b60d1f0ce9ec25a5adc14a;Slaven Peles <peless@ornl.gov>;1684552640;"Minor cleanup and comments added.
"
llnl_hiop;d6b69739a402be950574992c889a797a891d57aa;Cosmin Petra <petra1@llnl.gov>;1606507516;"double pointer to double and new matrix local_data accessors propagates through GPU/RAJA
"
llnl_hiop;d6f9b8fcc775ecd603d634a7ddbb387ef6f3fcdf;nychiang <sorakid507@gmail.com>;1666215893;"fix bugs caused by the latest rebase
"
llnl_hiop;d7077fee99d70681e72649a487c88ec8fe969ba9;Nai-Yuan Chiang <chiang7@llnl.gov>;1635448067;"Sparse kernel development for GPU. Part 3 (#322)

* add RAJA copyDiagMatrixToSubblock and copyDiagMatrixToSubblock_w_pattern

* add unit test

Co-authored-by: Chiang <chiang7@sephiroth.llnl.gov>"
llnl_hiop;d716bf75cae83cb971c84a4fc964c2b7d362f050;Juraj Kardos <juraj.kardos@usi.ch>;1566938170;"adding AugLagr driver, using example one wrapped in ipopt's TNLP interface
"
llnl_hiop;d73021f938629865a21b418562e44cfb81ac9d3f;Cosmin G. Petra <petra1@llnl.gov>;1628205617;"gpu interface for Bunch-Kaufmann

working for hybrid mode
"
llnl_hiop;d73a924e29f0c8f375323803d68c6851f17bf69d;Slaven Peles <slaven.peles@pnnl.gov>;1594947847;"Merge branch 'matrix-interface-dev' of ssh://gitlab.pnnl.gov:2222/exasgd/solvers/hiop into matrix-interface-dev
"
llnl_hiop;d7440cee78e51970b1ae1ced26b16eaf470e022f;Cosmin G. Petra <petra1@llnl.gov>;1482372567;"added smalish linear algebra features
"
llnl_hiop;d749f964a7ddabd69f6e1b5fa24443373eedba3f;Cosmin G. Petra <petra1@llnl.gov>;1666113989;"renabled sparse matrix tests (even when HIOP_SPARSE is off - it is really testing sparse matrices needed by MDS as well)
"
llnl_hiop;d757ea36fbf2ef39bc622a513b42fdfa54c97244;Cosmin G Petra <petra1@llnl.gov>;1614018234;Update README_developers.md
llnl_hiop;d7585955a7bc5e36d50f0607b65ac9d36f8bb86a;Nai-Yuan Chiang <chiang7@llnl.gov>;1647551679;"change some parameter values related to MA57 pivot and filter LS(#424)

Co-authored-by: Chiang <chiang7@sephiroth.llnl.gov>"
llnl_hiop;d75eaa6303cef9386c5ebbd17c6620a6aeb908ec;rcrutherford <robert.rutherford@pnnl.gov>;1607458415;"Fixed implementation of verifyAnswer and getLocalData in vector tests.
"
llnl_hiop;d75f22edbb6beac7ef30775ffeb786647af7a133;Chiang <chiang7@sephiroth.llnl.gov>;1624482452;"add RAJA copyDiagMatrixToSubblock and copyDiagMatrixToSubblock_w_pattern
"
llnl_hiop;d77dcc9373a8971b8f58f935bff95724422eeacf;nychiang <sorakid507@gmail.com>;1649886285;"address Cosmin's comments
"
llnl_hiop;d786dcb650a2cc6b24f712ed8d2f8cdb3795916b;Cosmin G. Petra <petra1@llnl.gov>;1626648411;"left note re: mem space in PriDec interface (and recourse approx)
"
llnl_hiop;d7a34d6bcb47975488bfc2186c43de15d318a655;nychiang <sorakid507@gmail.com>;1654897108;"fix mem leak
"
llnl_hiop;d7a59ee2e0265184b9ad5939005d31ac5a6d50c4;rcrutherford <robert.rutherford@pnnl.gov>;1620969736;"Re-configure finding Magma, hotfix export-config.

modified:   CMakeLists.txt
            Separate FindHiOpMagma into own lib
            Link RAJA and umpire to hiop_tpl

modified:   cmake/FindHiopCudaLibraries.cmake
            Remove inclusion of Magma module here

modified:   cmake/HiOpConfig.cmake.in
            Corrected to use ""@"" instead of ${}
"
llnl_hiop;d7cd21dfc98db77cacfc64c464bed5a81b01f42d;Slaven Peles <slaven.peles@pnnl.gov>;1607651507;"Update documentation with new 'gpu' option.
"
llnl_hiop;d7e4cbcbcaa841a767cc010881d1690899cb736d;Cosmin Petra <petra1@llnl.gov>;1670615317;"fixed compilation errors on hip platforms
"
llnl_hiop;d7ef86af7fb1dc26976c62b88c2a2506868e63d0;Cosmin G. Petra <petra1@llnl.gov>;1589476899;"updated ex5 to have rank deficient Jacobian
"
llnl_hiop;d80085dbdae9805fcaae21ce9dc4d6664ef2217a;Nai-Yuan Chiang <chiang7@llnl.gov>;1661268482;"update function hiopvector::print (#528)

* add stdout to hiopvector::print

* correct indentation
"
llnl_hiop;d810cb451dd86422094c54708c4f1817dd36bd2c;Cosmin Petra <petra1@llnl.gov>;1574376191;"cosmetics and misc
"
llnl_hiop;d83504c8cf1722ed5d0a13cf5aa7d65b8e34ed39;Tucker Hartland <tucker.hartland@gmail.com>;1752507834;"small updates
"
llnl_hiop;d83a3d16f7862bfc0306e0f31af853232223e925;Cosmin G Petra <petra1@llnl.gov>;1597881597;"HiOp dist fixes (#70)

* Kron reduction objs added to the lib and a missing header was added to headers to be installed
* added kron objs for shared lib"
llnl_hiop;d84033d2b00243c0a92f538f423431fe13a8cfce;nychiang <sorakid507@gmail.com>;1604990038;"fix CMake file and bugs in formulating CSR matrix
"
llnl_hiop;d858965eafa78cebc3e5dadde123c1aff5b9b295;Nai-Yuan Chiang <chiang7@llnl.gov>;1661785323;"change function name and add comments (#537)

"
llnl_hiop;d868a9f2dc16654fd991ebb0225e7bfa7a8d4b86;Asher Mancinelli <ashermancinelli@gmail.com>;1645729066;"Style guide fixes, only std::abs outside RAJA
"
llnl_hiop;d873b0d0a937f40d9279b811e57dac9261c41b46;nychiang <sorakid507@gmail.com>;1605669710;"minor fix for integer type and names of functions
"
llnl_hiop;d8762e05150b2040a27f69d8bf6603f22190a869;Cosmin G Petra <petra1@llnl.gov>;1744737286;"preps for minor release 1.1.1 (#725)

* preps for minor release 1.1.1
"
llnl_hiop;d87f1b19472185117085c2381a3d43732a7394e2;Cosmin G. Petra <petra1@llnl.gov>;1585074143;"added a test for slice-general-matrices
"
llnl_hiop;d88115e36e8664537df8d4946ed17bfb812a3e51;Michel Schanen <mschanen@anl.gov>;1589521586;"uninitialized variables
"
llnl_hiop;d89231389adc535301f21c2f472166f2632ca00b;nychiang <sorakid507@gmail.com>;1605065081;"correct index when print out the sparse matrix
"
llnl_hiop;d8960fb967e9e478a664a63434ed2811f5fce864;Cosmin G. Petra <petra1@llnl.gov>;1619567066;"added LinSysDuo files
"
llnl_hiop;d8a03e64ba22fab916988301a65236ac1cb0ae39;Cosmin G. Petra <petra1@llnl.gov>;1584678749;"workaround clang++ issues with complex.h

left pragma message to warn about performance issues
"
llnl_hiop;d8af0160fe9c759b2c1ebfacc3aa75dbb4082f72;Slaven Peles <slaven.peles@pnnl.gov>;1608014110;"Minor fixes to refactored vector tests.
"
llnl_hiop;d8b574a68918c161df1dbaef238ca5e003101d0e;Frank Wang <wang125@llnl.gov>;1615527339;"update Interface files
"
llnl_hiop;d8de1a301e53406f6a8d8dac9aaf20a36d543c66;kswirydo <kasia.swirydowicz@pnnl.gov>;1683740686;"cleanup
"
llnl_hiop;d8de291777dea8eb5c1a997f1e8de388f23e53a0;Cosmin Petra <petra1@llnl.gov>;1586238554;Update plan.md
llnl_hiop;d8f6196ab303188b4100f0595f2ba4cc56427ffb;Cosmin G. Petra <petra1@llnl.gov>;1757522432;"deleted user manual pdf in src
"
llnl_hiop;d8fcaa3217bccf3fe9173ef27f09cf0347a20f37;nychiang <sorakid507@gmail.com>;1688106506;"apply code style to hiopHessianLowRank
"
llnl_hiop;d91acd57733b1f83fa21b5b487b6b0da01bbf8ad;Cameron Rutherford <robert.rutherford@pnnl.gov>;1677816985;Update image for push_mirror
llnl_hiop;d92597a8f76ec4718f9472a897ad5aa8df56c3d8;Cosmin G. Petra <petra1@llnl.gov>;1664562779;"Merge branch 'release070' of github.com:LLNL/hiop into release070
"
llnl_hiop;d93739b46764a310fddc502a2b175feb2be56d74;nychiang <sorakid507@gmail.com>;1657775217;"address C's comments
"
llnl_hiop;d94bea831a6993c0c75f5f72a21b68d7485cfe12;Chiang <chiang7@sephiroth.llnl.gov>;1640316115;"fix typo;add a new vector to record the solution to the FR problem
"
llnl_hiop;d96f811bccd3a89a399c66e073381558745f33cd;Cosmin G. Petra <petra1@llnl.gov>;1642093557;"improved logging and outputing
"
llnl_hiop;d971ca82fa171986106d39b0354cfe12a805ccc7;nychiang <sorakid507@gmail.com>;1617042997;"editorial changes
"
llnl_hiop;d9829825f0c63a83026a0eb3022b4e4b59eac539;Cosmin Petra <petra1@llnl.gov>;1577388436;"added addMDinvNtransToSymDeMatUTri (M*D^{-1}*N) in hiopMatrixSparseTriplet
"
llnl_hiop;d987f3e047f5a76e2d9f3678c91d9032bc10400f;Asher Mancinelli <asher.mancinelli@pnnl.gov>;1639850461;"Add HIP+Clang build to CI (#378)

* Add incline build/test to CI

* Debug PNNL pipeline

* Request exclusive access to nodes

* Disable tests on incline due to slurm bug"
llnl_hiop;d9988b65b4bc106e029cfb54e466eacc6c8e7ca8;Cosmin G. Petra <petra1@llnl.gov>;1669917506;"reviewer's comments: HIP and CUDA are exclusive
"
llnl_hiop;d99e4cfc219a2d90f023ab737444c68bb2235fbb;Nai-Yuan Chiang <chiang7@llnl.gov>;1657297765;"Compilation errors with hip

added warning in the cmake build system when `Flang` is missing"
llnl_hiop;d99f9fe24551f2a93e901083f0b13a096ddd0293;rcrutherford <robert.rutherford@pnnl.gov>;1622236192;"Removing install directory
"
llnl_hiop;d9aed255f9eb20aab18565188685fc0df6d2a194;Cosmin G. Petra <petra1@llnl.gov>;1656000537;"debug
"
llnl_hiop;d9bd0a21d04a0e3568dd3e123811b918ac9cb554;Cosmin G. Petra <petra1@llnl.gov>;1662141143;"instrumented RAJA vector class to use the new backend
"
llnl_hiop;d9db33b636d6a4027e71c040ca5d78decc53ef5b;Cosmin G. Petra <petra1@llnl.gov>;1617900945;"updated user manual
"
llnl_hiop;d9fd2e32a037313c020ba489cd6960a6dfa2bff7;nychiang <sorakid507@gmail.com>;1605318921;"fix conditional jump or move depends on uninitialised value in MA57
"
llnl_hiop;da009a64d01ddb8f9db095a071940a08efcfb71a;Cosmin G Petra <petra1@llnl.gov>;1747264733;"get set elem for vec for CUDA and HIP
"
llnl_hiop;da1294534ab1dc28500b4c6765a5bfc7552a96a2;Chiang <chiang7@sephiroth.llnl.gov>;1631569376;"rebase to develop
"
llnl_hiop;da17f7f8058abd73a3a9a22d50cc427f8edcacaa;Cosmin G. Petra <petra1@llnl.gov>;1641240774;"fix timing and timing reporting for sparse linear solvers
"
llnl_hiop;da2e9be549badbcec613147462e3cba33a020418;Fritz Goebel <fritz.goebel@kit.edu>;1658832481;"Working Ginkgo direct solver on AMD
"
llnl_hiop;da3e5b935289f41793cb48d633dd5c7e33265e35;Cosmin G. Petra <petra1@llnl.gov>;1673477277;"updated tests
"
llnl_hiop;da4a3684d11f5be0d7d828d5296bd596f1593f5c;Cosmin G. Petra <petra1@llnl.gov>;1622483223;"fix incorrect set elem
"
llnl_hiop;da866a94f9cb221b10c0eebd208941f2ab5d5500;Slaven Peles <slaven.peles@pnnl.gov>;1608941117;"Merge branch 'develop' into rcrutherford-matrix-unit-tests-dev
"
llnl_hiop;da8f9f7e166563d95a7a750915b8074fe4aa5848;Nai-Yuan Chiang <chiang7@llnl.gov>;1655235829;"Create LLNL Gitlab CI (#492)

* LLNL ci tests

"
llnl_hiop;da9b6e7211053977e6a1760ff4dea0d67512ee6b;nychiang <sorakid507@gmail.com>;1685502485;"fix C interface with MPI
"
llnl_hiop;daa1adeca3a24b566067e5fc02d261db9f019424;Asher Mancinelli <ashermancinelli@gmail.com>;1649810438;"Add Eigen submodule and buildsystem support
"
llnl_hiop;dab7b857f264c9f1d365005745293738f68f80e9;Cameron Rutherford <robert.rutherford@pnnl.gov>;1644262616;"Install options and warnings target. (#405)

* Install options and warnings target.

* Add -Wconversion to warnings."
llnl_hiop;dac811467a80e4422e060f1ea25b677ad99361e3;pelesh <peless@ornl.gov>;1687935155;"Refactor CUSOLVER-LU module and interface (#634)

* Preliminary adaptive IR tolerance for cuSolver-LU.

* Separate cuSolverLU solver control logic from implementation details.

* Add setup method to iterative refinement class.

* Fixed bug in unfriended IR class (I think).

* [skip ci] Fix formating

* Put IR class in a separate file.

* Implement IterativeRefinement class in separate files.

* Add private methods for (re)factorization and triangular solve to cusolver-lu class.

* Add setup_factorization method.

* Add separate class to store and manage CSR matrix.

* Created RefactorizationSolver class.

* Move the system matrix to RefactorizationSolver class.

* Move iterative refinement to RefactorizationSolver class.

* Remove unnecessary memory allocation in cusolver-lu solve function.

* Separate ReSolve solver from hiopLinSolverSparseCUSOLVER class.

* Minor cleanup and comments added.

* Unfriend ReSolve from its HiOp interface.

* Build ReSolve as a library separate from HiOp

* Possibly fix segfault in CI.

* Rename cusolver -> resolve

* Replace cusolver-lu -> resolve in CMake code and in HiOp output messages.

* Minor code formating changes to align with HiOp coding style.

* Rename header in ReSolve lib, print warning if IR unsuccessful.

* Correct options names, fix IR convergence test and warning messages.

* Rename files containing interface to ReSolve.

* Use flat tolerance for inner iterative refinement."
llnl_hiop;db20bff2ea3161c7468521bd2870f51715f42b8a;Asher Mancinelli <asher.mancinelli@pnnl.gov>;1619099995;"Use cmake macro for library components
"
llnl_hiop;db27ab9d70c5eff488ed695380a7434ec085d658;Cosmin Petra <petra1@llnl.gov>;1582653232;"hiop links with ma86
"
llnl_hiop;db2d885574e1dc61b4e1b8693c21bd70c2ee7625;Chiang <chiang7@sephiroth.llnl.gov>;1646962740;"addressing Slaven's comments
"
llnl_hiop;db30b3aa24588bb7c40e8522dfe92e295b03c3d1;Michel Schanen <mschanen@anl.gov>;1602599069;"GitHub tests (#93)

* Run CMake tests on Github

* source path fixed"
llnl_hiop;db3593654952e61b728f624b0ad59ac40f31d02f;Asher Mancinelli <ashermancinelli@gmail.com>;1624320789;"Update PNNL systems to use modules
"
llnl_hiop;db5662812b1cc95d2b79e4f5354fcf51bebc132b;Asher Mancinelli <ashermancinelli@gmail.com>;1625177470;"Fix CI with cusolver
"
llnl_hiop;db63ed1777d7674f09fc20f109ce56e2f6db850a;Slaven Peles <slaven.peles@pnnl.gov>;1581559297;"Add Cosmin's GPU implementation plan to master.
"
llnl_hiop;db680cc4242a0e2775c513d1845646f93463f05b;Cosmin G Petra <petra1@llnl.gov>;1563399378;Update README.md
llnl_hiop;db694338092efffc2acd5ca186fdd2140850631f;Nai-Yuan Chiang <chiang7@llnl.gov>;1607122808;"use NDEBUG instead of DEBUG in preprocessor directives (#140)

* use NDEBUG instead of DEBUG
"
llnl_hiop;db85cb22d8277ffefcb5f5f3fe0b97676492e9d7;nychiang <sorakid507@gmail.com>;1741641707;"create branch
"
llnl_hiop;db89c6bbb06842b67822e899197bb4569ff794cd;Cosmin G. Petra <petra1@llnl.gov>;1756233936;"updated user manual: derivative check and elastic-relaxfixed-perturbbnds
"
llnl_hiop;db900d617719f1350450e54955bcf3a764386cc1;Cosmin G. Petra <petra1@llnl.gov>;1648505160;"addressed reviewer comments
"
llnl_hiop;dbb4a7201b2dfcf5f8840df5a764f190249fac2e;Cosmin G. Petra <petra1@llnl.gov>;1603210001;"misc fixes caused by a merge

 * `evalNlp_noHess` came in from master branch with `hiopVectorPar` harcoded (causing a dyn_cast exception)
 * contributers listed twice
"
llnl_hiop;dbb783e05ceabb0d4b555e942e0763ca701362c7;nychiang <sorakid507@gmail.com>;1660694296;"add stdout to hiopvector::print
"
llnl_hiop;dbb899be06cb0997b4cfa1fd14fcda93d048dafe;Cosmin Petra <petra1@llnl.gov>;1609129375;"Merge branch 'develop' into magma-inertia-dev

Conflicts:
	BUILD.sh
	src/LinAlg/hiopLinSolverIndefDenseMagma.hpp
	src/Optimization/hiopKKTLinSysMDS.cpp
"
llnl_hiop;dbb8c7ee9d587ae5bf1476a7434501b36353dcf4;Cosmin G. Petra <petra1@llnl.gov>;1592858843;"fixed a bug

was passing by value instead of by ref
"
llnl_hiop;dbd06c5339759ac0cd522c349b2613be089f696d;Cosmin G. Petra <petra1@llnl.gov>;1674840965;"copy to/from device are private methods now
"
llnl_hiop;dbe58d7f38df2b26814e6ccf8b6e5735099aee72;Cosmin G. Petra <petra1@llnl.gov>;1482972250;"- fixed a problem in computing the scaling factors in the residual computations
- streamlined calls to nrm1 of the duals to reduce communication and to some extent computations
"
llnl_hiop;dbe6db899664a0a6eaa2319714df950ca64193fb;Nai-Yuan Chiang <chiang7@llnl.gov>;1642116869;"Address some warnings reported by the c++ compilers (#393)

* replace `long long` with `hiop::index_type`

* remove useless comments

"
llnl_hiop;dbf5a7482f6bc9585b359683d99065b36ce70594;Cosmin G. Petra <petra1@llnl.gov>;1626989127;"updated documentation with the PriDec solver memory space policies
"
llnl_hiop;dbfb651abf8269256a99621c3e2815d9a7ce4457;Asher Mancinelli <ashermancinelli@gmail.com>;1624472605;"Use correct cuda version
"
llnl_hiop;dc30bdeaa2fd62b7271b3eab6a242d1c780e800e;Cosmin G. Petra <petra1@llnl.gov>;1632329412;"changed preprocessor logic to have HiOp stop when GPU linear solvers are not present
"
llnl_hiop;dc3b11b0070b1ae0b3649d97a34d97b1aa880c3d;nychiang <sorakid507@gmail.com>;1706911854;"add a description
"
llnl_hiop;dc53dbc4256f6baa42da8fcce92c742bd4d52c5c;Juraj Kardos <juraj.kardos@usi.ch>;1565642505;"disabling ipopt intro message
"
llnl_hiop;dc564d9abd43d29242ba9377dbf1681b701ca87d;nychiang <sorakid507@gmail.com>;1757535601;"create branch
"
llnl_hiop;dc5893867fa5e0dbbdd407439ed0267a57f78ca8;Cosmin Petra <petra1@llnl.gov>;1574805049;"KKT XYcYd dense also working
"
llnl_hiop;dc5a12165b58ced8b768f160a533ea504ebd1dd5;nychiang <sorakid507@gmail.com>;1653631617;"add comments
"
llnl_hiop;dc706b2e167db6f0fe428d5aa1913a7dfed293c5;Peles, Slaven <slaven.peles@pnnl.gov>;1594161343;"Refactor sparse matrix interfaces.

Added new factory method for sparse matrices. Replaced use of hiopMatrixSparseTriplet
with hiopMatrixSparse in most relevant uses.
"
llnl_hiop;dc7de0a8fe7f02ea3b81db49d2e034cd2fab0e70;Asher Mancinelli <asher.mancinelli@pnnl.gov>;1619131609;"Dont install private headers

Co-authored-by: pelesh <slaven.peles@pnnl.gov>"
llnl_hiop;dc9b9e162646b14bef61d4d508e163b23ca7db4e;Asher Mancinelli <ashermancinelli@gmail.com>;1634753978;"Update newellVariables
"
llnl_hiop;dcaeea2d4085035b6417b0ebd3cdb246431fe9be;Chiang <chiang7@sephiroth.llnl.gov>;1621382523;"fix Raja function
"
llnl_hiop;dccc518a42d06ff5cd9b37e775b9b9d8f61d9730;Tucker Hartland <tucker.hartland@gmail.com>;1762194359;"ability to pass bnb stopping criteria parameters to BO
"
llnl_hiop;dcd44dc832930298ee857a68df16e950f1f7d9db;Cosmin G Petra <petra1@llnl.gov>;1578066275;"updated ""Obtaining matrices..."" with links"
llnl_hiop;dcd80f8469e12217ec83fd47fe61ea7fd464b9f7;Cameron Rutherford <robert.rutherford@pnnl.gov>;1731354126;"Update spack_build.yml to fix cmake pulling llvm (#698)

* Update spack_build.yml to fix cmake pulling llvm

* Update spack_build.yml to specify cmake requirements for all packages, and re-enable build cache

* Move openblas into direct package spec

* Specify openblas in a different way

* Try re-using builds for quicker pipelines

* Add some comments and move libevent version spec"
llnl_hiop;dcd979158ee11fcc56e79c2e4a8b16cd3ac4e9c4;nychiang <sorakid507@gmail.com>;1661540657;"fix
"
llnl_hiop;dcd9d51a4470d092c00c9c29e8fee295ff896375;pelesh <peless@ornl.gov>;1654110794;"Use HiOp options to configure cuSOLVER-LU (#485)

* Add cusolver-lu configuration options

* Make `firstCall` a private method.


Co-authored-by: kswirydo <kasia.swirydowicz@gmail.com>"
llnl_hiop;dd17b932126fcf85a9d7e0c2df28c7aabbc3ef5a;nychiang <sorakid507@gmail.com>;1652913066;"fix bugs after rebase to the latest develop branch
"
llnl_hiop;dd18d1f76b3439bdf3c8d4a1bc90acd709b3ef79;sayefsakin <sayefsakin@yahoo.co.in>;1656350325;"fix gingko integration (#506)

Co-authored-by: Sayef Azad Sakin <ssakin@moonshot.cels.anl.gov>"
llnl_hiop;dd2590689935a548ad82460ae391e067368e7166;Frank Wang <wang125@llnl.gov>;1621143499;"resolving conflict with merge
"
llnl_hiop;dd4b36fc22bc5ad67a746993ced931115b9beefb;Chiang <chiang7@sephiroth.llnl.gov>;1627673103;"fix bug due to merge with previous PR
"
llnl_hiop;dd4d3cc6d00b5410e06139d7f13cde27d2226a22;nychiang <sorakid507@gmail.com>;1655441593;"address C's comments
"
llnl_hiop;dd531ddd1f5bb49f6d9ebe573bbbac7320e6f5eb;Cosmin G. Petra <petra1@llnl.gov>;1671477410;"vector cuda used in cuda csr matrix class
"
llnl_hiop;dd5613c0b491036148779c98dcdf1bb6d307ad45;nychiang <sorakid507@gmail.com>;1675476555;"address comments about the additional const
"
llnl_hiop;dd56382a55fade172832e976e5e541b6b4c530f0;Cosmin G. Petra <petra1@llnl.gov>;1724689937;"fixed a LNNL typo left over
"
llnl_hiop;dd71e91d597f6277cdb8f24b989324d43d61ee44;Cosmin G. Petra <petra1@llnl.gov>;1636491011;"added members pointers to avoid repeated allocations
"
llnl_hiop;dd9215ce02c8481e43a6f60573ed49b942835bb8;Chiang <chiang7@llnl.gov>;1647082655;"merge with develop
"
llnl_hiop;ddb81aa5633d58b8fa28cb1dbc9f7705fc488b37;Cosmin G. Petra <petra1@llnl.gov>;1648675884;"cleaning up
"
llnl_hiop;ddba06139d664b7d5309a5ff73175f4271297695;Asher Mancinelli <ashermancinelli@gmail.com>;1645635948;"Increase time limit, make incline job optional
"
llnl_hiop;ddbcaaee284576449b1689fcf4e4ac74b3b941ec;Cosmin G Petra <petra1@llnl.gov>;1747263613;"added fd for RAJA
"
llnl_hiop;ddd1f0a94b94ea1b6ca735e9651fdbab7bbb91b2;Cosmin G. Petra <petra1@llnl.gov>;1482960647;"added new hov (hiOp Output Verbosity) flags and changed the order between *Verb Linalg and IterScalar
"
llnl_hiop;ddd80e52ca3b52b868c5e7ef9beaf676035eda29;kswirydo <kasia.swirydowicz@gmail.com>;1632336896;"variable names, style
"
llnl_hiop;dddf6a61cbf418b6d550d569333de93b606e3380;Asher Mancinelli <ashermancinelli@gmail.com>;1624322496;"Add module use command for newell
"
llnl_hiop;dde7410b518a5b1d7de4c099a43fa2340175724e;Cosmin G Petra <petra1@llnl.gov>;1638221269;"rescaled obj (#366)

internal obj is rescaled before is being sent to user callbacks"
llnl_hiop;ddea775c92c80b0d56432e29302571595ff400d1;shakedregev <35384901+shakedregev@users.noreply.github.com>;1616612645;Updated description
llnl_hiop;ddf2ca41fda34bba62917e0e8d905fba0a698146;Jingyi Wang <wang125@login3.summit.olcf.ornl.gov>;1614879559;"small change to replicate ex9 issues on summit
"
llnl_hiop;ddf8ccfb834f8a5282f8c8f6f492babf224805c4;Chiang <chiang7@sephiroth.llnl.gov>;1631331270;"remove member variable from RAJA function
"
llnl_hiop;de03b2091c4ea3397e4b3b684f88a4fddfab7e37;petra1 <petra1@tux425.llnl.gov>;1636419191;"fixed memory leaks
"
llnl_hiop;de0ec65545291f37cbbba545b81a23538491475a;ryan.danehy@pnnl.gov <dane678@we45149.pnl.gov>;1692374875;"add states to after check jobs
"
llnl_hiop;de16cc7e527c5325743fbaa64b8ea961bf13fe47;Asher Mancinelli <ashermancinelli@gmail.com>;1624296468;"Update to use new envioronment
"
llnl_hiop;de281f9d620401631be73a642d890e6fc362c0bd;Asher Mancinelli <asher.mancinelli@pnnl.gov>;1594666440;"Replaced all naked news with factory methods

Dense matrix construction is now abstracted away from the individual
implementation such that we will be able to swap new dense matrix
implementations into cosmins kernels
"
llnl_hiop;de482eea7e27b7945d5fda5dc474de39dd080593;nychiang <sorakid507@gmail.com>;1654108642;"dense example
"
llnl_hiop;de68ee0c14900c62464fdd54fc6695f8344759b0;Rutherford, Cameron <robert.rutherford@pnnl.gov>;1678139702;"Fix some comments and add verbosity
"
llnl_hiop;de6dbbb02f1803a0656af7eac0b5935d12c3c12d;Nai-Yuan Chiang <chiang7@llnl.gov>;1642817607;"Update hiopLinSolverIndefSparseMA57.hpp

follow style guidelines"
llnl_hiop;de79a322a717ca423ceaf83c3e3a7df1c350fec7;Asher Mancinelli <ashermancinelli@gmail.com>;1634242883;"Enable cuda separable compilation
"
llnl_hiop;de856ac9556881fdc8cc4f59dea033215f24b7e8;Chiang <chiang7@sephiroth.llnl.gov>;1620778208;"minor changes
"
llnl_hiop;de86d84959678e1b19368c1114094b610fb028b9;Cosmin G Petra <petra1@llnl.gov>;1650382616;"Sparse Linear Solver Interface update (#451)

* renamed sysMatrix member

* sparse linear solver class may not own sys matrices

* updated Chol linear solver class to reuse functionality from base class(es)

* cleaned up code in the Condensed LinSys
"
llnl_hiop;de8a00f6cc1f74edd17924f1b6154879c6acad14;Chiang <chiang7@sephiroth.llnl.gov>;1646465585;"no compiling issue
"
llnl_hiop;dedf7730128bbc3a7bff7465a01cb288af8db191;rcrutherford <robert.rutherford@pnnl.gov>;1620608465;"Bump CMake requirement to 3.18:
"
llnl_hiop;df028e9d9232b9d1d55c8e3c60074e0e1df66264;Cosmin G Petra <petra1@llnl.gov>;1742170548;"log bar weighting functionality in Iterate
"
llnl_hiop;df1dba0ca6085de1c38ab64ccaf1c6922c5a98f3;Tucker Hartland <tucker.hartland@gmail.com>;1752250183;"beginning work on hiopbbpy/mpi CI
"
llnl_hiop;df20efd0af6187d73392b2d281dbd60db3bed12e;Asher Mancinelli <asher.mancinelli@pnnl.gov>;1618590542;"Fix CI for Intel systems (#213)

* Switch link order of blas/nvblas

* Find idle nodes on merianas in ci

* Fix bash strcmp syntax error"
llnl_hiop;df5ca7950abd81a85fca3c49d32e9629254ffe9f;nychiang <sorakid507@gmail.com>;1650493947;"address Cosmin's comments
"
llnl_hiop;df5dae12a75cd0ff496ba6ac9caaca9e908797c9;Cosmin G. Petra <petra1@llnl.gov>;1492466776;"HiopSolveStatus enum moved from algorithm class to interface class
"
llnl_hiop;df6136ef4ff3dad09e4c68e073b3cd93e0311497;Cosmin Petra <petra1@llnl.gov>;1670615628;"added install headers for exe backend
"
llnl_hiop;df65535d0d6de7db51c34aaa1b8597f7567c68fe;Cosmin G. Petra <petra1@llnl.gov>;1594073127;"updated Kron reduction

 - added support for applying the nonaux-to-aux map
 - udpdated matrix classes to suport mat-vec
 - added solve function for single rhs in UMFPACK Z solver
"
llnl_hiop;df69160d01c85da58b5b6a0ebf671b70ddbc0c55;Cosmin G Petra <petra1@llnl.gov>;1619555542;added copyright and author
llnl_hiop;df7d460af74319953f6e9b4f989e8e7436160f19;Cosmin G. Petra <petra1@llnl.gov>;1580789228;"added implementation for the complex dense matrix

and updated the build system
"
llnl_hiop;df8869aba513881d286c9b09de103d520fc70aa7;Cosmin G Petra <petra1@llnl.gov>;1676655887;Update CHANGELOG.md
llnl_hiop;df8a563f808487264dc0736846501dd565ade32b;Slaven Peles <slaven.peles@pnnl.gov>;1597287342;"Fix build issues.
"
llnl_hiop;df9e4dd76efb618cc5473bdb231d85cbaa8c1314;Fritz Goebel <fritz.goebel@kit.edu>;1647607942;"Add prototype for ginkgo solver integration
"
llnl_hiop;dfacc719286e45de9998c353161d69a35e7d6651;Cosmin G. Petra <petra1@llnl.gov>;1674753934;"added (temporary) support for copying to and from non-Umpire pointers withing Umpire memory space
"
llnl_hiop;dfbca40fa33b542960374ccef81c4fecded001f0;nychiang <sorakid507@gmail.com>;1615273409;"build on summit
"
llnl_hiop;dfdb7d374f26f295a784d753c7ee643ba462959d;Cosmin G. Petra <petra1@llnl.gov>;1474993570;"refactored Ex2 into a hpp, cpp, and main file.
"
llnl_hiop;dfebbafd3f1506240c37e2cd33f0c18b8cf757b7;Cosmin G Petra <petra1@llnl.gov>;1752604452;"left comments
"
llnl_hiop;dffedbc8290bc0239ea051488b62cff9b11bbfe5;Cosmin G. Petra <petra1@llnl.gov>;1482865695;"fixed a shiftRows
"
llnl_hiop;e004aba17c51ab22236cb7c8e38b2ac2bab2d32d;Nai-Yuan Chiang <chiang7@llnl.gov>;1760029629;"Fix github secret token issue (#747)

* create branch

* add token

* try to fix

* remove CI on lassen"
llnl_hiop;e008097dfe7ce77ee95e580ce667961b43d038fe;Slaven Peles <peless@ornl.gov>;1691798176;"Refactor ReSolve's triangular solver.
"
llnl_hiop;e00e365922d52f103d0be7418fcecd093d8f573a;nychiang <sorakid507@gmail.com>;1616706277;"fix MPI issue
"
llnl_hiop;e05ffba5c82d0f664c4503e5945d76b6e79a57d9;Slaven Peles <peless@ornl.gov>;1683774754;"Refacror matrixChanged and solve functions.
"
llnl_hiop;e073dccec3afd65e95ea6a4e0de482212d67c387;nychiang <sorakid507@gmail.com>;1701129320;"add cflag Wall and Werror in debug mode; change vsprintf to vsnprintf
"
llnl_hiop;e091cb5e849e61230b14ff8c9acefcd71c952a8a;Cosmin Petra <petra1@llnl.gov>;1590725261;"consolidate and documented assertSymmetry

addresses Issue #35
"
llnl_hiop;e0acb9bf292a98940383c853e2c53b6e9ab10d99;pelesh <peless@ornl.gov>;1657677815;"Fix bugs in CUDA kernels for FGMRES (#518)

* Fix bugs in CUDA kernels, code style compliance fixes.

* Remove nonsymmetric interface to cuSOLVER-LU.

* Set verbosity level in cusolver example to 3."
llnl_hiop;e0b47adf912d5391d308b15b564875f042cbfd7b;Asher Mancinelli <asher.mancinelli@pnnl.gov>;1624583987;"Update README_developers.md [skip ci]

Co-authored-by: pelesh <slaven.peles@pnnl.gov>"
llnl_hiop;e0b5dcc512964f394556da2260838c99fdafb387;Asher Mancinelli <asher.mancinelli@pnnl.gov>;1583203783;"removed warnings as errors and copyFrom to use nontrivial constants
"
llnl_hiop;e0b8dc67e8e0a84c7794989b7d3e955d27c28e9c;kswirydo <kasia.swirydowicz@gmail.com>;1648143930;"backup before major changes, better formatting
"
llnl_hiop;e0c69e1a5c10b3f240f77a40f47933a1d7a702ca;rcrutherford <robert.rutherford@pnnl.gov>;1607559586;"Updated documentation for verifyAnswer
"
llnl_hiop;e0cdae5c7ae20d3fc44796e9cce05c243ba3da30;Cosmin G. Petra <petra1@llnl.gov>;1590192263;"fixed incorrect assert
"
llnl_hiop;e0d1b6441812729410655219857e30e005cc0d3a;nychiang <sorakid507@gmail.com>;1657225856;"fix
"
llnl_hiop;e0e898946e17ab12fdbd0f93bb3c2760bdb6c1f5;Cosmin G. Petra <petra1@llnl.gov>;1652453502;"guarded EIGEN-specific code and added consistency check
"
llnl_hiop;e0f31a1594bc2e3564c5073d1f674eacf6d2a277;Nai-Yuan Chiang <chiang7@llnl.gov>;1626293874;"RAJA implementation for sparse matrix (#259)

* RAJA copyRowsFrom

* add method to hiopVectorInt; unit test for CopyRowsFrom

* update copyRowsFrom; Add copy_rows_block_from

"
llnl_hiop;e107651e370176bfd30e775e9478fd657bd18afa;Asher Mancinelli <ashermancinelli@gmail.com>;1650394953;"Fix options handling with explicit ctest command
"
llnl_hiop;e1213721f56c8860fbd3d2189a2499dcad074b56;Cosmin Petra <petra1@llnl.gov>;1614903572;"Merge branch 'develop' into pridecomp-dev
"
llnl_hiop;e12fd9bda1e2f286c2e70ef7e3e64993398d85ce;Asher Mancinelli <ashermancinelli@gmail.com>;1624470158;"Use function to generate nvblas conf, trigger new CI
"
llnl_hiop;e132e0fe684ad25d2640b463b7b83892d6c9541b;rcrutherford <robert.rutherford@pnnl.gov>;1630439355;"Add STRUMPACK to hiop-targets for exporting.
"
llnl_hiop;e13303fed79295f04ccc66bb5357d4aac24701bd;Cosmin G. Petra <petra1@llnl.gov>;1480729503;"support for linesearch in the optimization's main loop (including duals corrections)
"
llnl_hiop;e17a460c570ab8bddbe1a4908eafd46de70b37cd;rcrutherford <robert.rutherford@pnnl.gov>;1620598944;"Use seq exc. policy for raja in nlpMDS_raja_ex4

modified:   src/Drivers/nlpMDS_raja_ex4.cpp
            Using sequential omp policy temporarily
"
llnl_hiop;e182f843ae4033dfd47251b99d0d445d5e6f12d7;Cosmin G. Petra <petra1@llnl.gov>;1673540957;"vector int with exec spaces
"
llnl_hiop;e1b1373ffcb0ea4fc6d47b9f091519e8a8bb536f;Cosmin Petra <petra1@llnl.gov>;1574802340;"fixed a bug in the computation of the KKT linsys XDYcYd residuals
"
llnl_hiop;e22a808d8463c03a36d44f46047c35ef135c3ed4;ryandanehy <110119005+ryandanehy@users.noreply.github.com>;1666383903;Update .gitlab-ci.yml
llnl_hiop;e23b8998fa8298b6b308c50babf853f8bca1a571;Nai-Yuan Chiang <chiang7@llnl.gov>;1637369889;Update hiopNlpTransforms.hpp
llnl_hiop;e271540e53985abc492b9763a7508e55ee7454e7;Cosmin G. Petra <petra1@llnl.gov>;1656689302;"remove umpire-related header from NLPFormulation
"
llnl_hiop;e281882578ba6dbd2e1e94e393540e04f211d358;Cosmin G Petra <petra1@llnl.gov>;1728493756;"renaming and removed unnecessary member variables
"
llnl_hiop;e29104a18e380f9a537ddc2a960a4e34a95398cf;Cosmin G. Petra <petra1@llnl.gov>;1648509394;"final touches
"
llnl_hiop;e2afa72704fcd27db2f03a1887c3f27d9d7901f2;Nai-Yuan Chiang <chiang7@login1.ascent.olcf.ornl.gov>;1624920925;"update unit test and fix RAJA code
"
llnl_hiop;e2bd9f96f99ba2bde3038bd5e5494c97df6687e0;Cosmin G. Petra <petra1@llnl.gov>;1480549798;"functionality for linear damping terms
"
llnl_hiop;e2d4ae009ffc859c7933889d1129afcbd2412149;Asher Mancinelli <asher.mancinelli@pnnl.gov>;1618251302;"Use new location for blas
"
llnl_hiop;e2d5766a92c26c0991968884afdec6b470572ec9;Cosmin G. Petra <petra1@llnl.gov>;1587084519;"removed redundant quotes from some paths

as per pelesh request
"
llnl_hiop;e2fe0e5a40c76508351806d3847fc3ae2922e3f3;nychiang <sorakid507@gmail.com>;1652232059;"skip function evaluations if LP/QP
"
llnl_hiop;e31ad2a8878216ef44347820ebfc65ffd1fe2655;Cosmin G Petra <petra1@llnl.gov>;1611188220;"Magma device inertia (#156)

* inertial correction via Magma's dsidi

* inertia computation on the device (nopiv class)

* updated the KKT linsys to work with new classes

* fixed bug on allocation of device matrices

* fixed incorrect device lda

* updated magma 2.5.4 CI configuration

Co-authored-by: Asher Mancinelli <asher.mancinelli@pnnl.gov>
"
llnl_hiop;e324040cfaf3df6ff194b9b4c2060a3abec299d8;Cosmin G. Petra <petra1@llnl.gov>;1493687634;"Bug fixing
 - code runs with -O, -O2, -O3 (and -O9), with and without -g
 - code builds and runs with all possible combinations for the build system options (WITH_MPI, DEEP_CHECKING).
"
llnl_hiop;e32b7b4187d68ae9beafffd04fe39e20f89fcb4c;Slaven Peles <peless@ornl.gov>;1684278483;"Implement IterativeRefinement class in separate files.
"
llnl_hiop;e3350bd40dbef7d58ddf8356344eb86e22c07074;Frank Wang <wang125@llnl.gov>;1613967690;"Merge branch 'pridecomp-dev' of https://github.com/LLNL/hiop into pridecomp-dev
"
llnl_hiop;e3460a5242ccad8b6499301e36dbbc0433d29626;nychiang <sorakid507@gmail.com>;1605159216;"fix bugs in system xycyd, add make test, find STRUMPACK module
"
llnl_hiop;e349f3cf74e44e7f6ef2fb35bbbc569d7db37a1f;Cosmin G. Petra <petra1@llnl.gov>;1652970122;"updated build system for cuda sparse kernels
"
llnl_hiop;e365e08ab4f0c9690bd61b0dc08e5d37f318c375;Cosmin G. Petra <petra1@llnl.gov>;1656542981;"condensed KKT: unified use of and switching between cpu and gpu linear solvers
"
llnl_hiop;e3791359aad35e612b0fc00553274fdadbd59fc8;Chiang <chiang7@sephiroth.llnl.gov>;1640305419;"rebase to develop, clean code
"
llnl_hiop;e37e31c78ceb859451a1dc29992f17289dba0f07;Cosmin G. Petra <petra1@llnl.gov>;1492450007;"Fixed a bug for the LSQ-based initialization of the multipliers that occured when no equalities were present.
"
llnl_hiop;e380a8def518347a7a748118964a4ab7d3266ee4;Cosmin G. Petra <petra1@llnl.gov>;1640906641;"fixed crashes happening on large problems
"
llnl_hiop;e3bb5e902b55cea5a657ccaa7e20218f267d93a9;Cosmin G. Petra <petra1@llnl.gov>;1537977894;"testing instructions
"
llnl_hiop;e3d5c3ad482d250afb24e0035a294bd32950573a;Cosmin Petra <petra1@llnl.gov>;1583364765;Update plan.md
llnl_hiop;e3dc4b9861a88ed5f2a3b6ff9c5907280a7733a6;nychiang <sorakid507@gmail.com>;1692818792;"try to fix the CI tests on github
"
llnl_hiop;e3e0bcfca09d655f7bd7322d4606595f3ac12873;Asher Mancinelli <ashermancinelli@gmail.com>;1627340169;"Link against full cublas lib over cublaslt
"
llnl_hiop;e3e74ca6eeba97d46e6fdab56eb1abb55f7a3e54;kswirydo <kasia.swirydowicz@gmail.com>;1657743510;"krylov solver kernels reorf
"
llnl_hiop;e40124b11a6dae029657873158967f20571cda17;Jaelyn Litzinger <93339979+jaelynlitz@users.noreply.github.com>;1637706463;"Export sparse config (#369)

* export sparse config variable

* export use_coinhsl config through cmake

* remove USE_COINHSL flag
"
llnl_hiop;e4014a5c82ee6d23bf7c484354c46723ba9eaef2;Cosmin G. Petra <petra1@llnl.gov>;1606886318;"Merge branch 'interface-dev3' into develop
"
llnl_hiop;e42209675e712e3bc9c60b36b1a712a61e4c0921;Cosmin G. Petra <petra1@llnl.gov>;1604466358;"added a descriptions of how the master problem and associated interface is supposed to work
"
llnl_hiop;e44987f4d9e1b1d60b2c62f9452dbcf57dbd1512;Cosmin G Petra <petra1@llnl.gov>;1747317243;"added tests for vector set_elem and get_elem
"
llnl_hiop;e44c03cc0e2b4d3262c982317f4b62bd7ff978eb;Cosmin G. Petra <petra1@llnl.gov>;1663610224;"renamed CUDA mem backend header
"
llnl_hiop;e4651ed914e8a5d73566c44b5f04fc430affcdf4;nychiang <sorakid507@gmail.com>;1661549744;"add short version to option::print
"
llnl_hiop;e47709926bfd670d6b498368d6452d8fcee63689;Cosmin G. Petra <petra1@llnl.gov>;1657663008;"renamed start_linsolve method to reset
"
llnl_hiop;e48555a20592d729a47473fb3905365a0b84b0ac;nychiang <sorakid507@gmail.com>;1656630865;"add cudaDeviceSynchronize
"
llnl_hiop;e4857d85673fd7b2fb2922f460f5546e645bedff;Tom Epperly <epperly2@llnl.gov>;1746268119;"Address issue 727 (#729)

* Address hiop issue #727

* Add random thing and make style consistent"
llnl_hiop;e496b9e1ed9f34ccde173e8142ac4f0d75cb060b;Cosmin G. Petra <petra1@llnl.gov>;1483555363;"moved the hiop interface member in the parent class
"
llnl_hiop;e4c9bf740c9d559fac2796281da5796774d61597;Tucker Hartland <tucker.hartland@gmail.com>;1752592154;"updating tests and using a uniform interface for parsing arguments
"
llnl_hiop;e4d095ee85e3f6559f9d5ff6b1281450302b854d;nychiang <sorakid507@gmail.com>;1661406090;"create branch; another solution
"
llnl_hiop;e4d16f0b1e9812ece8771c1c5578abf5941c5015;Cosmin G. Petra <petra1@llnl.gov>;1606697921;"doxygen style doc for hiopInterfaceBase

and some cosmetic improvements in other places
"
llnl_hiop;e4da1c29a2fcf66f8fa79ee089822c91caee4d51;Cosmin G. Petra <petra1@llnl.gov>;1603306037;"added sketch of the primal decomposition solver, including

- user problem interface class
- dummy algorithm/solver
- dummy problem implementation
- minimal test driver
"
llnl_hiop;e4de4660464731e33dc73a296095170a0fd7c685;Slaven Peles <peless@ornl.gov>;1683658591;"Unfriended IR and cusolver interface classes.
"
llnl_hiop;e4df3cd74a05bc05c8f9cbc521b8afba894fd529;Cosmin G. Petra <petra1@llnl.gov>;1572910459;"added sketch of the interface for mixed sparse dense problems
"
llnl_hiop;e4eae922a34a50d22c5cd72db4c4e47fcbd3a6e5;nychiang <sorakid507@gmail.com>;1654212506;"address cosmin's comments
"
llnl_hiop;e4edea2597f2ed9ef2f51938e28a0b61e427621b;Cosmin G Petra <petra1@llnl.gov>;1741368609;"clean up, fixed warnings
"
llnl_hiop;e4eecc93f87c393c03dadd8cc08281bbe4b01e5c;rcrutherford <robert.rutherford@pnnl.gov>;1606975057;"Defined setLocalElement in vectorTests.hpp.
"
llnl_hiop;e4efc4ea75b97a24d4f4f64139194f47fbe93108;Cosmin G. Petra <petra1@llnl.gov>;1652970610;"fixed merge error - Normal Equations
"
llnl_hiop;e4f6417dac744e975b9326e7e426cf58c2f34fcd;nychiang <sorakid507@gmail.com>;1616659827;"update output
"
llnl_hiop;e508a9bca96103adaa61e3382acc8be282666502;Cosmin G. Petra <petra1@llnl.gov>;1630359383;"fix for NLP Formulation on the device

fixed bug in RAJA sparse matrix related to device memory space

fixed a device pointer that was accessed on host
"
llnl_hiop;e5204ae1a450b351788812f400e4caa7259db4b7;Chiang <chiang7@sephiroth.llnl.gov>;1620769882;"editorial changes
"
llnl_hiop;e5464ec83fc76c16341b925c4bb7739b15784464;Nai-Yuan Chiang <chiang7@llnl.gov>;1641510835;"Iterative solver --- PCG implementation (#384)

* pcg solver and unit test

* add RAJA unit test on device

Co-authored-by: Chiang <chiang7@sephiroth.llnl.gov>
Co-authored-by: Cosmin G. Petra <petra1@llnl.gov>"
llnl_hiop;e54bb6bee1c3553d123c0d1bbe65b4ca8a4f3c01;nychiang <sorakid507@gmail.com>;1613811421;"adjust slacks
"
llnl_hiop;e57233209ae05427f40570df2edb768bf3c78d42;nychiang <sorakid507@gmail.com>;1696629333;"update example solutions
"
llnl_hiop;e58e92d937c7bc7a5ce4299ebeb99042d12dc572;Asher Mancinelli <ashermancinelli@gmail.com>;1639755400;"Request exclusive access to nodes
"
llnl_hiop;e5a2a4b72b746ef2ee03847daa9ae363e9690d2e;Asher Mancinelli <asher.mancinelli@pnnl.gov>;1593113123;"setting absolute link path to libraries when installing
"
llnl_hiop;e5b8736a316e02e069db817947c40b3a57970a53;nychiang <sorakid507@gmail.com>;1604613315;"add STRUMPACK for sparse indefinite sys. fix CMAKE files
"
llnl_hiop;e5c478c86e640c59a060818434fef7d9b76eebdb;nychiang <sorakid507@gmail.com>;1614405297;"a small convex example that requires restoration phase
"
llnl_hiop;e5d7ffd63c64b1eeb3284ce06a6e79de32e99cba;Cosmin G. Petra <petra1@llnl.gov>;1640356910;"cuSOLVER Chol working
"
llnl_hiop;e5ebe6aac110c2693c8b7de931c9058145a8568a;Asher Mancinelli <ashermancinelli@gmail.com>;1622651493;"Fix magma cmake option
"
llnl_hiop;e60512b218c480bba6429f06e6b2f4deab457cb5;Cosmin Petra <petra1@llnl.gov>;1582576220;"renamed blasdefs header to hiop_blasdefs
"
llnl_hiop;e6099d3582dbfd312fb6bb0282c32c63d4e0f805;ryan.danehy@pnnl.gov <dane678@we45149.pnl.gov>;1691538138;"Attempt 5 at Getting pipeline status to show up
"
llnl_hiop;e6181ab0b9fb93d9900d3de0075979e3ee59f1cb;Frank Wang <wang125@llnl.gov>;1637708065;"fixed a space issue
"
llnl_hiop;e62cdac2eec839deb69be578d6aac060f7add4db;Cosmin G. Petra <petra1@llnl.gov>;1482877773;"fixed the rule for sufficient decrease in the log barrier
"
llnl_hiop;e641045675fe7badcb14184dc464d974a4ef2743;Cosmin G. Petra <petra1@llnl.gov>;1482372618;"added new output verbosity defines (error and warning)
"
llnl_hiop;e646e7c56ea543aff31bbfdbb7c3ae1dc505fe7e;Cosmin Petra <petra1@llnl.gov>;1600896998;"Output reformating
"
llnl_hiop;e6526e74871e530d22eca2c20881426023c7db0f;Cosmin G. Petra <petra1@llnl.gov>;1653069883;"added diag update CUDA kernels
"
llnl_hiop;e661b5cd20efdd428e25ec0a08c8105fb6c4a2e3;Cosmin Petra <petra1@llnl.gov>;1574210793;"interface and some implementation (dense) for LinearSolver interface
"
llnl_hiop;e6980c16ca0fd7e274915beef6b6e8085d02fb4c;Cosmin G. Petra <petra1@llnl.gov>;1671496643;"cuda implementation file
"
llnl_hiop;e6a3b00d1d57c1471f07a314bd2e90075cc70dc3;Cosmin G. Petra <petra1@llnl.gov>;1534376287;"implemented getSolution in the solver class
"
llnl_hiop;e6c0391917ece635ec850380c78fa8f60b6508d6;nychiang <sorakid507@gmail.com>;1602097665;"add unit test; build sparse solver by default
"
llnl_hiop;e6fb2bbefdd7dbf6720ee96c700cedcb1cc7408c;Chiang <chiang7@sephiroth.llnl.gov>;1621379887;"fix Raja function
"
llnl_hiop;e70ea0e17bca2b3eba51cebfc53b698dd0f9d3a4;Tucker Hartland <tucker.hartland@gmail.com>;1762196875;"updates
"
llnl_hiop;e72365a140bacd87ac10b4a1e104e0c7f900f096;Cosmin G Petra <petra1@llnl.gov>;1518624510;"Merge branch 'junkudo-fix/fortran_mangling'
"
llnl_hiop;e73731b416a1e210f80158189a884faeba6df31d;Chumbipuma <chumbipuma1@croagunk.the-lab.llnl.gov>;1752101723;"Fix MPI_Allreduce and buffer usage in HessianDiagPlusRowRank.cpp
"
llnl_hiop;e741f9130ccb7551ed78d0ebe0c7ac802777867c;Asher Mancinelli <asher.mancinelli@pnnl.gov>;1591317717;"Resolving warnings
"
llnl_hiop;e74e03d9897456a7cacbaec56c9c8f6b872bc240;Cosmin G Petra <petra1@llnl.gov>;1574265838;fixed typo in linalg readme
llnl_hiop;e74e296a0beb415da2b19439feacdcaa0252bd12;kswirydo <kasia.swirydowicz@gmail.com>;1657953009;"Fgmres-dev// adding Inner IR for CUSOLVER_LU (#496)

* CUSOLVER class cleanup and reorganization

* Inner iterative refinement via fgmres.

* Use HiOp options to configure cuSOLVER-LU (#485) and inner iterative refinement

* sparse ex 1 setup

* Fix bugs in CUDA kernels for FGMRES (#518)

Co-authored-by: kswirydo <kasia.swirydowicz@gmail.com>
Co-authored-by: pelesh <peless@ornl.gov>
Co-authored-by: rcrutherford <robert.rutherford@pnnl.gov>"
llnl_hiop;e755a6f946a14407791d3999b1e5f410d1a6d72c;Cosmin G. Petra <petra1@llnl.gov>;1493313644;"Added callbacks to the dense2 driver and cleaned the output a bit.
"
llnl_hiop;e7694f5ab09353816b911f8f80f52e81d9240a3b;Cosmin Petra <petra1@llnl.gov>;1588382886;Update plan/plan.md
llnl_hiop;e76b8c0f23889a7de26256c037fd207f9170221b;Nai-Yuan Chiang <chiang7@llnl.gov>;1662134203;"fix the bug that magma returns wrong inertia (#541)

"
llnl_hiop;e76ced619fc93d09e7d342d11a2ca4b6404e1463;jwang125 <wangjingyi09@gmail.com>;1643126843;"Raja ex9 UM mem space (#392)

* adding both ex9 sparse and ex9 sparse raja examples

* recasted TripletSparseMat and VectorPar to parent classes

Co-authored-by: Frank Wang <wang125@llnl.gov>
Co-authored-by: Cosmin G. Petra <petra1@llnl.gov>"
llnl_hiop;e77b1ef5d60b669e6ec0130495f7a78284a750a7;nychiang <sorakid507@gmail.com>;1655332112;"fix llnl gpu/mpi ci
"
llnl_hiop;e793cee510db895911bb87025f5f7ba41f835e7b;Nai-Yuan Chiang <chiang7@llnl.gov>;1740179712;"use latest raja and umpire (#706)

"
llnl_hiop;e7970cd1ec5ba1262fce53a50d14cb2ab8c0fc48;Tucker Hartland <tucker.hartland@gmail.com>;1752679485;"better naming for CI that calls evaluates a function via the EvaluationManager class
"
llnl_hiop;e7a1b5213cfedf75a1b9772e961c452d8b12783b;nychiang <sorakid507@gmail.com>;1652896695;"draft 1
"
llnl_hiop;e7cd283c6c8367e269ab46fed64230a7c60aa96d;Asher Mancinelli <asher.mancinelli@pnnl.gov>;1606869664;"disabling kron reduction
"
llnl_hiop;e7dc51e283fd845ecd4b8198788c4f92657cf709;Cosmin G. Petra <petra1@llnl.gov>;1623129466;"Merge branch 'develop' into indextype-change-dev
"
llnl_hiop;e7e1dac16c5c8b5d8bdffcbed2deb5c663d1418d;Cosmin G. Petra <petra1@llnl.gov>;1643062828;"Merge branch 'develop' into raja-ex9-cpu

Conflicts:
	src/LinAlg/hiopLinSolverIndefSparseMA57.cpp
"
llnl_hiop;e7e59b7f7d35141b21e67a2a488d664c03a344e1;Cosmin G. Petra <petra1@llnl.gov>;1587085418;"Merge branch 'dev/kronNeMDS'
"
llnl_hiop;e7f6b0242df83f59c5082fce22750bcb4f0f9fda;Cosmin G Petra <petra1@llnl.gov>;1537978604;Update README_developers.md
llnl_hiop;e7f6baa4cc80d09e577873338be26dfe8e0ae94d;rcrutherford <robert.rutherford@pnnl.gov>;1609273911;"Initial cleanup of sparse matrix tests.
"
llnl_hiop;e7fee5c325132efafcf18d86fa4599a709d11a73;Cosmin G Petra <petra1@llnl.gov>;1574266078;Update readme.md
llnl_hiop;e809ceeb7605b48fbb6be09b6d0eb7390bec12d2;Cosmin G. Petra <petra1@llnl.gov>;1757532944;"bumped ver num
"
llnl_hiop;e8456a588e9732abc51d05bdb90ff540a0215e3d;pelesh <slaven.peles@pnnl.gov>;1596492431;"Refactor sparse matrix interface (#66)

* Refactor sparse matrix interfaces.

Added new factory method for sparse matrices. Replaced use of hiopMatrixSparseTriplet
with hiopMatrixSparse in most relevant uses.

* Refactor sparse matrix tests to use new abstract interface."
llnl_hiop;e858eefa6b914f5c87c3717bbce811931ea69386;Asher Mancinelli <asher.mancinelli@pnnl.gov>;1623687127;"Intvec refactor (#258)

* Remove operator[] from hiopVectorInt

* Use updated naming conventions for hiopVectorInt
"
llnl_hiop;e8650ac8f640696652123bf1cfff73f12a7c0b0d;Cosmin G. Petra <petra1@llnl.gov>;1672088993;"fixed compilation errors
"
llnl_hiop;e865a91950c1b9881c4c8213968e05d048197e79;Jingyi Wang <wang125@lassen709.coral.llnl.gov>;1604089786;"Ex8 first commit
"
llnl_hiop;e87167eaa24d3d904a04dbfdbc65c25a96a2d154;Fritz Goebel <fritz.goebel@kit.edu>;1649339187;"Add option for ginkgo to examples 6 and 7
"
llnl_hiop;e87682e2ee8bd2f94ab825dabc115be77c4f4f16;Nai-Yuan Chiang <chiang7@login1.ascent.olcf.ornl.gov>;1647474734;"Merge branch 'iterative-refinement-dev' into ny_local
"
llnl_hiop;e899ca170522f919479da90a9fe13aaa8863de39;nychiang <sorakid507@gmail.com>;1626331031;"scan-driver
"
llnl_hiop;e8bbd565962805741cf1f351797c236cfdd6b2df;nychiang <sorakid507@gmail.com>;1691185112;"rephrase the description
"
llnl_hiop;e8d2a5b6626acfbb0b73c43477c8e1910d5ebcc7;Frank Wang <wang125@llnl.gov>;1617744895;"add ex8 ex9 test
"
llnl_hiop;e8d7458761405e5917689099edf8427ec2f43e6c;Cosmin G. Petra <petra1@llnl.gov>;1573058279;"refactorized the NlpFormulation class in anticipation of NlpFormulationGeneral
"
llnl_hiop;e8da5fd0228f50ed29a8d2e7c57418eac364aac7;Tucker Hartland <tucker.hartland@gmail.com>;1753977508;"Parallel Evaluator Upgrade (#734)

* version change and more descriptive variable name for objective evaluator in anticipation of adding other evaluators

* adding mpi4py in case this is the reason why a hiopbbpy test failed in the previous commit to master

* bug fix for CI

* reverting change, as I was able to determine CI issue

* towards using evaluator for multi-start opt

* multistart local search now can be done in parallel. this required removing various lambda functions as they are incompatible with the pickling that is done in the backend of the evaluation_manager

* pulling the main script out of utils/evaluation_manager.py and including it as a CI script. Work needs to be done on MPIEvaluationManagerCI to make it CI ready

* fixing a typo + being more verbose in describing an objective evaluator and a optimization (multi-point local search) evaluator

* beginning work on hiopbbpy/mpi CI

* proper indentation

* small updates

* updating tests and using a uniform interface for parsing arguments

* adding sys import

* making the MPIEvaluator test less time intensive

* using a thread pool executor following up on CI/MPI via mpi4py conversation with Nai-Yuan

* renaming MPIEvaluatorCI to EvaluatorCI since (for now) the file does not explicitly test an MPI evaluator

* better naming for CI that calls evaluates a function via the EvaluationManager class

* version change and more descriptive variable name for objective evaluator in anticipation of adding other evaluators

* adding mpi4py in case this is the reason why a hiopbbpy test failed in the previous commit to master

* bug fix for CI

* reverting change, as I was able to determine CI issue

* towards using evaluator for multi-start opt

* multistart local search now can be done in parallel. this required removing various lambda functions as they are incompatible with the pickling that is done in the backend of the evaluation_manager

* pulling the main script out of utils/evaluation_manager.py and including it as a CI script. Work needs to be done on MPIEvaluationManagerCI to make it CI ready

* fixing a typo + being more verbose in describing an objective evaluator and a optimization (multi-point local search) evaluator

* beginning work on hiopbbpy/mpi CI

* proper indentation

* small updates

* updating tests and using a uniform interface for parsing arguments

* derivative checker  (#731)

* gradient finite differencing

* updated gradient error output

* generic perturbation - update of hiopVector get_elem set_elem

* added fd for RAJA

* get set elem for vec for CUDA and HIP

* fixed bugs cuda and hip

* compilation errors

* added tests for vector set_elem and get_elem

* misc bug fixes

* fixing umpire error

* addtl workaround UMPIRE issues with not recognizing its own allocated memory

* finalized output for gradient

* added disabler of NLP transformations to make it easier to call user provided functions

* Jacobian working

* updated options info

* fixed inaacuracy in option description

* reorganized nlp transforms; updated and reformated some warning messages

* fixed bugs and consolidated code related to nlp transformations

* fixed compilation error for non-mpi

* Hessian methods: EOD

* Derivative check for Hessian of object

* left note and todo about second order derivatives

* fix ci (#735)

---------

Co-authored-by: Nai-Yuan Chiang <chiang7@llnl.gov>

* adding sys import

* making the MPIEvaluator test less time intensive

* using a thread pool executor following up on CI/MPI via mpi4py conversation with Nai-Yuan

* renaming MPIEvaluatorCI to EvaluatorCI since (for now) the file does not explicitly test an MPI evaluator

* better naming for CI that calls evaluates a function via the EvaluationManager class

---------

Co-authored-by: Cosmin G Petra <petra1@llnl.gov>
Co-authored-by: Nai-Yuan Chiang <chiang7@llnl.gov>"
llnl_hiop;e8e4485fdc7e68ed6db25ea8692c5b5c2d42b655;Chiang <chiang7@sephiroth.llnl.gov>;1624658379;"add RAJA setSubmatrixToConstantDiag_w_rowpattern and setSubmatrixToConstantDiag_w_colpattern
"
llnl_hiop;e8ee4d8743a45a2bd2e3a9cb0141496b08f128cf;Nai-Yuan Chiang <chiang7@llnl.gov>;1641565066;"Iterative solver --- BiCGStab implementation (#388)

* bicgstab implementation and unit test
"
llnl_hiop;e8f05a02442f4dda70e93bb5fbd0d4c20bf213a6;Asher Mancinelli <asher.mancinelli@pnnl.gov>;1594662063;"Adding new files for hiopMatrixDense

Broke defs and decls into new file
FYI I should have added this to the previous commit
"
llnl_hiop;e9055790808c4ffb76433a1728019d06f578a010;Tucker Hartland <tucker.hartland@gmail.com>;1745522903;"minor changes
"
llnl_hiop;e925dc634735daa437bc14a00776dc5e9d3334ee;Chiang <chiang7@sephiroth.llnl.gov>;1639200219;"add option file
"
llnl_hiop;e929e63590619d9101b4c2a960ba5ac55f157019;Nai-Yuan Chiang <chiang7@login5.summit.olcf.ornl.gov>;1605911874;"compile sparse-develop with RAJA and UMPIRE on summit
"
llnl_hiop;e92e5e03232ed0d4e1460591d2f5e068ad7670f7;Cosmin Petra <petra1@llnl.gov>;1576606253;"added KKT LinSys MDS class

- interface/header only
"
llnl_hiop;e92e70088b78efe2c252fce8bde915610c15a993;Cameron Rutherford <robert.rutherford@pnnl.gov>;1677817043;Update comment in spack build workflow
llnl_hiop;e93b5c6661c39be13ed7feaf5da1959272b3b31e;Chiang <chiang7@sephiroth.llnl.gov>;1621375744;"Raja implementation
"
llnl_hiop;e93dade5b028794c8bcb7a40c48ab80bd1834dd1;Tucker Hartland <tucker.hartland@gmail.com>;1759429621;"small updates
"
llnl_hiop;e969b39fc2fbb5aa9d545e6685a985642fdbd85a;Chiang <chiang7@sephiroth.llnl.gov>;1641513679;"reuse existing vectors to save memory usage
"
llnl_hiop;e96d63ccb0d9f855d9f1bf241c05b1b7aa481a06;Nai-Yuan Chiang <chiang7@llnl.gov>;1748038552;"HiOpBBPy: fix bug in calling different samplers; update some parameters (#732)

"
llnl_hiop;e97ab73178ff0b632b7a4781ab5311259ca7a572;jwang125 <wangjingyi09@gmail.com>;1638462266;"update pridec options (#368)

* update pridec options
* update the manual to include existing options

Co-authored-by: Frank Wang <wang125@llnl.gov>"
llnl_hiop;e98764f91fd0f144280f442d591164ca141b1e7d;Petra, Cosmin Gheorghita <petra1@llnl.gov>;1503355680;"put a second example for the building
"
llnl_hiop;e98e3775a722fe3ff4c62c8267bd12e4e9bf6b8e;Tucker Hartland <tucker.hartland@gmail.com>;1751471788;"adding mpi4py in case this is the reason why a hiopbbpy test failed in the previous commit to master
"
llnl_hiop;e9aa6c02ffa5d67ed04dce62523bf626aaa344cd;Cosmin G. Petra <petra1@llnl.gov>;1673477203;"fixed bug in Umpire memory backend
"
llnl_hiop;e9caaefe5f18597c69e3bd53c793e4fd14851f26;Cosmin G. Petra <petra1@llnl.gov>;1482529371;"improved outputing format and clarity of the output messages
"
llnl_hiop;e9ea10ef65b402cde099dd1aca01b8842316d459;Cosmin G. Petra <petra1@llnl.gov>;1652918416;"added set_diagonal cuda kernel
"
llnl_hiop;e9f8cc5297ac85b98337773e1eb03b6ed79b0095;nychiang <sorakid507@gmail.com>;1717702742;"change function namel; remive pnnl ci tests
"
llnl_hiop;ea2930e849380148f755a2f5480fc7628ddfb756;Cosmin Petra <petra1@llnl.gov>;1574808098;"added options for choosing the (compressed) linear system
"
llnl_hiop;ea2bf355228a5aaf0bc39c51041284c940cb8475;Tucker Hartland <tucker.hartland@gmail.com>;1755622627;"first cut at readme update including more information about HiOpBBpy
"
llnl_hiop;ea3928d45b1e78aa1f252edd7cfb8bb2e59fd115;Chumbipuma <chumbipuma1@croagunk.the-lab.llnl.gov>;1752163913;"Refactor: Replace hardcoded 'DEFAULT' with mem_space_ in LinearAlgebraFactory calls in HessianDiagPlusRowRank.cpp
"
llnl_hiop;ea4012e6c5ab0960f528ee94a14b08799db2f6d8;Chiang <chiang7@sephiroth.llnl.gov>;1627673048;"fix bug due to merge with previous PR
"
llnl_hiop;ea5cafdc713cd2a9545c765c9eea5a1e781b3d91;Cosmin G Petra <petra1@llnl.gov>;1727050148;"fix adtl compilation issues
"
llnl_hiop;eaa68ccaedc68d117e2faa6f47f8b44c1bcc5a41;fritzgoebel <fritz.goebel@kit.edu>;1649805808;"Fix issue when building without COINHSL (#447)

"
llnl_hiop;eabbaa86a365d745074d4206f1bb43d59e166df5;nychiang <sorakid507@gmail.com>;1752556196;"fix
"
llnl_hiop;eac8c0ec849a4130406f11fe3747103d9f61b8b1;rcrutherford <robert.rutherford@pnnl.gov>;1609276318;"Fixed includes in testMatrixSparse.cpp
"
llnl_hiop;eac9453517055c129272f000a885d3d831317961;Frank Wang <wang125@llnl.gov>;1620098294;"update with standard iteration output and acceptable tolerance
"
llnl_hiop;eaf241757999837bd62a3daf4597a52a6a2b7814;Nai-Yuan Chiang <chiang7@llnl.gov>;1662998132;"enable IR in soft FR (#544)

"
llnl_hiop;eb1ad6321d2c31d2223a121514b5aeb142daf832;rcrutherford <robert.rutherford@pnnl.gov>;1607460969;"Moved setLocalElement for vectorTests to separate implementations.
"
llnl_hiop;eb3142f5060e19977c2589aa6d487ee6b3367e24;nychiang <sorakid507@gmail.com>;1634607083;"add path to CAMP
"
llnl_hiop;eb368dede255628cf8736832df6de2308dff1ce8;Cosmin G. Petra <petra1@llnl.gov>;1656353605;"fixed typos, left refs to the appendix' sections
"
llnl_hiop;eb4df4ac3502ba0220cc76c474585d502a8ccd08;Tucker Hartland <tucker.hartland@gmail.com>;1752608891;"using a thread pool executor following up on CI/MPI via mpi4py conversation with Nai-Yuan
"
llnl_hiop;eb50aebb56366e88a966d168eed260e0addf83be;nychiang <sorakid507@gmail.com>;1678834405;"update usermanual
"
llnl_hiop;eb6504992d31260dd1051ee4f45a16b823393c40;Chiang <chiang7@sephiroth.llnl.gov>;1635914615;"soft FR
"
llnl_hiop;eb6c8afe5288d373de8a8b151843b51bc7065b3e;Cosmin G. Petra <petra1@llnl.gov>;1592612250;"added support for solution(s) getters
"
llnl_hiop;eb7437c53451ac670d1b149c91e005a91223dd49;nychiang <sorakid507@gmail.com>;1668569148;"address C's comments
"
llnl_hiop;ebc89863e6f94648c35102bd1221f6935949ee03;Joseph Macam <joseph.macam@pnnl.gov>;1664816538;"moves pnnl_cleanup to .pre stage and removes files based on age (>6 hours old)
"
llnl_hiop;ebf2ed8d8fbf8a174e876fa0062d68372f507434;Cosmin G. Petra <petra1@llnl.gov>;1586993391;"finished implementation of Jacobian full-body constraints
"
llnl_hiop;ec11bfc64155ab0f8c406ebaba821f0dccc515bc;nychiang <sorakid507@gmail.com>;1605729712;"fix cmake files for lapack and magma
"
llnl_hiop;ec1616d4cc982097476c57533e571e93ef71c5f1;Cosmin G. Petra <petra1@llnl.gov>;1491403176;"IpoptAdapter of hiOp converted to using namespace hiop
"
llnl_hiop;ec1c09afb1cf1c0fc022ffb9f95ed47864262801;Frank Wang <wang125@llnl.gov>;1615527100;"making some changes based on discussion with user
"
llnl_hiop;ec25459afb968cb813e220cfc2fa09c9c3a666e3;Nai-Yuan Chiang <chiang7@llnl.gov>;1642015774;"Dual update for unconstrained optimization problem (#391)

* fix dual update error for unconstrained problem
"
llnl_hiop;ec2b97ae8405280cfc92d9a120dab9ce3a8da11c;Tucker Hartland <tucker.hartland@gmail.com>;1744303596;"initial commits to work on batched BO
"
llnl_hiop;ec33159c91e36fb19f4f58caf8470fc1eb9b696d;Cosmin G. Petra <petra1@llnl.gov>;1656001715;"fixed bug in the numerical computation
"
llnl_hiop;ec3fcd91f50b935bd9a559e45467930b927b3893;Chiang <chiang7@sephiroth.llnl.gov>;1629503263;"remove RAJA::inclusive_scan
"
llnl_hiop;ec5bf1d35b2d6880561b8ffaa7e02f55aeef127d;Cosmin G Petra <petra1@llnl.gov>;1605417516;"Merge pull request #85 from LLNL/nywrk

Adds support for sparse NLPs and sparse linear solvers "
llnl_hiop;ec74024f4a2fb292865ced150202acad5fce54f1;nychiang <sorakid507@gmail.com>;1681966081;"use constraint violation in checkTermination
"
llnl_hiop;ec99cf13e644f12ecfaa5fa2a02941845c482093;Nicholson Koukpaizan <koukpaizannk@ornl.gov>;1675968280;"Remove nvblas.conf from tracked files
"
llnl_hiop;eca78f9f8db9c9cbefa6b1a4b44568b6a10f1f39;nychiang <sorakid507@gmail.com>;1605640059;"fix #79: add new functions to vector kernal
"
llnl_hiop;ecb755427ce95f672e6230432cf07b6e2d97a95e;Cosmin G Petra <petra1@llnl.gov>;1742253380;"fixed typo in Raja Vec Impl
"
llnl_hiop;ecb8df2d28c6338a0b06c805439fb2aeab0f3ffe;nychiang <sorakid507@gmail.com>;1607034576;"fix typo
"
llnl_hiop;ecc06e7d91f4c9ca4e69c6f8fc629bb84a01810f;ryan.danehy@pnnl.gov <dane678@we45149.pnl.gov>;1691537120;"Attempt 3 at Getting pipeline status to show up
"
llnl_hiop;ecc11103a416dd615e5991fbb169178eab8d4a10;Chiang <chiang7@sephiroth.llnl.gov>;1623698421;"test
"
llnl_hiop;ecdb8070d8d723a03fc111e1803671b380a203d6;Cosmin G Petra <petra1@llnl.gov>;1597710825;"Merge pull request #51 from LLNL/gpu-devperf

[dev] performance on GPU "
llnl_hiop;ed085b3113f1e478166643bc79a9d844071d190e;Chiang <chiang7@sephiroth.llnl.gov>;1623698807;"test
"
llnl_hiop;ed45a5097633ee612dc7c24c88a2f5dd172a21ca;Tom Epperly <epperly2@llnl.gov>;1690388967;"Remove unused private data members, resolve overridden virtual functions
"
llnl_hiop;ed4aef535b7d583a2d1d34c26b9226e631ac6010;Cosmin G. Petra <petra1@llnl.gov>;1649867317;"clean up
"
llnl_hiop;ed5251d42c9b8c29a6f86b0d3e2f4e8c2c40d303;Chiang <chiang7@sephiroth.llnl.gov>;1646289530;"rename examples
"
llnl_hiop;ed5915ac66bdefa80171ddb8dd9aa9bf57d58607;Cosmin G. Petra <petra1@llnl.gov>;1657323029;"fix for forcequick mode for MDS
"
llnl_hiop;ed5da170f3916d2f504ec1ea425163f7148a5c1b;Cosmin Petra <petra1@llnl.gov>;1607975955;"clean-up
"
llnl_hiop;ed692a58163c02b4fff20fb6dca53a8f42149020;Nai-Yuan Chiang <chiang7@llnl.gov>;1694514117;"Merge 2e62c252d3ed05fa0e864e524bbb0258a69005c7 into 10b7d3ee0a15cb4949ccee8c905d447b9528794f
"
llnl_hiop;ed79f47903233045da077b46dd04324282b57b12;Cosmin G Petra <petra1@llnl.gov>;1638487737;Update CHANGELOG.md
llnl_hiop;ed8d18db00e07508b445eb46513e9f7cae0c9c2f;pelesh <peless@ornl.gov>;1675900621;Turn of outer iterative refinement with Ginkgo
llnl_hiop;ed9bee11cdd54d1d018a84f405eb890688f7ab34;Cosmin G Petra <petra1@llnl.gov>;1646245418;Update CHANGELOG.md
llnl_hiop;eda984d9a9727d8a8bdab999ecbda6558e61c731;Nicholson Koukpaizan <koukpaizannk@ornl.gov>;1665506909;"Merge remote-tracking branch 'origin/develop' into nvtx-annotations
"
llnl_hiop;edb91b1442c2259425896c62b47d8661e522d19f;Asher Mancinelli <ashermancinelli@gmail.com>;1650661196;"Add env vars for building on Newell
"
llnl_hiop;edb9cb307da3c18816a43d53363c92c230c0a8a9;Cosmin G Petra <petra1@llnl.gov>;1616428379;"Update doc/hiop-policy-compatibility.md

typo

Co-authored-by: bl-ue <54780737+bl-ue@users.noreply.github.com>"
llnl_hiop;edc4e7b3edf98780f18357f52475f8e4b05d397c;nychiang <sorakid507@gmail.com>;1678525720;"process constraints with RAJA
"
llnl_hiop;edc5da53cbab6d479a6844d4612fe1c8c861afe2;Slaven Peles <peless@ornl.gov>;1687838432;"Rename header in ReSolve lib, print warning if IR unsuccessful.
"
llnl_hiop;ede047ed46ad49e5595c96e92cc85de41de23219;Nai-Yuan Chiang <chiang7@llnl.gov>;1655264516;"include chrono (#495)

* include chrono

* remove temp files"
llnl_hiop;ee35c1bfe1ab792a0c16139452336b1ac4bb1604;Asher Mancinelli <asher.mancinelli@pnnl.gov>;1623181202;Merge branch 'develop' into intvec-refactor-dev
llnl_hiop;ee374e52cc693d181ece68e1a9babb6d312eac61;pelesh <peless@ornl.gov>;1676333962;Revert temporary changes made for debugging.
llnl_hiop;ee4397e8ed85d62534df2f59aee93f6158130d0b;Asher Mancinelli <asher.mancinelli@pnnl.gov>;1607710089;"destructor to fix memory leak in intvec
"
llnl_hiop;ee480cd8c997597c8a3a3149fddd8a226d87b1f2;nychiang <sorakid507@gmail.com>;1602097665;"add unit test; build sparse solver by default
"
llnl_hiop;ee6885afacf3d4eeef4d5d9ca9034aed25cb1067;Nai-Yuan Chiang <chiang7@llnl.gov>;1637004273;"Merge 2ea4d74a70061bb50668f9a1d01d7b256d5303a9 into 8b2468e814a03ab2acd0c3fc20d68c4868cd1350
"
llnl_hiop;ee6ce8d091b8cee66289bba3ed69b12545c89c39;Cosmin G. Petra <petra1@llnl.gov>;1493935812;"Moved source directories to src/
"
llnl_hiop;ee7540df52b9d4bdd4bee9b36a926b0ed9e98376;Cosmin G. Petra <petra1@llnl.gov>;1493934967;"Added ""make install""
"
llnl_hiop;eea124371ecc5e452dbfb41ecff89c29832fd7ee;Peles, Slaven <slaven.peles@pnnl.gov>;1593737294;"Merge branch 'install-rpath-fix' into 'cmake-staging-area-dev'

Fixing RPATH for installations

See merge request exasgd/solvers/hiop!26"
llnl_hiop;eeb1f537a9b5ec0e49b2e154f56b84d694339093;pelesh <peless@ornl.gov>;1648598280;"Update cuSOLVER interface to remove calls to deprecated functions. (#427)

* Removing obsolete 'fake inertia' calls from cuSOLVER interface.

Co-authored-by: kswirydo <kasia.swirydowicz@gmail.com>"
llnl_hiop;eeb9bd6030c8cc17a49df753cdac2976fc72c86e;Asher Mancinelli <asher.mancinelli@pnnl.gov>;1608136218;"using magma2.5.4 build on ascent
"
llnl_hiop;eebe855788ad31e2814eddd7d72350d249fd9c6d;Nai-Yuan Chiang <chiang7@llnl.gov>;1742571355;"Add EI and Branin example in (#715)

* create branch

* multiplying the EI acquisition function since we are minimizing it

* minor fix

---------

Co-authored-by: Tucker Hartland <tucker.hartland@gmail.com>"
llnl_hiop;eed1f2f302973ad93149faff32d55e236ab78ffc;pelesh <slaven.peles@pnnl.gov>;1612919970;"Updated style guidelines

- Make the rest of the guidelines consistent with Cosmin's `else` positioning update.
- Moved naming conventions ahead of the declarations guidelines."
llnl_hiop;eeda53cde009f54a93f632bbf9f19ae132ffef5b;Cosmin G Petra <petra1@llnl.gov>;1578066892;Update description of the csr .iajaaa format
llnl_hiop;eee15f056289ebe340b390d2db3a5846ceac22b4;Asher Mancinelli <asher.mancinelli@pnnl.gov>;1591121125;"Merging master
"
llnl_hiop;eee18b3a31609563a17cf341da5cc18efaecea46;Cosmin G Petra <petra1@llnl.gov>;1605424951;"documentation for NLP sparse (#101)

* updated user manual for NLP sparse

* clean up documentation

* renamed a couple of methods too look more uniform with the rest

"
llnl_hiop;eefc102d1c16e59d8e43c5497f2d50c3b6b2c33c;Nai-Yuan Chiang <chiang7@llnl.gov>;1682619243;"rebuild modules on quartz (#619)

"
llnl_hiop;ef09b4278180d3f4cdb0bbae29065b6671174122;Cosmin G. Petra <petra1@llnl.gov>;1615524023;"updated options in user manual
"
llnl_hiop;ef195e01a086578cca7cb81511aa1f3c1cdaa0fe;Cosmin G Petra <petra1@llnl.gov>;1602822383;"LAPACK_LIBRARIES specified as '-D' arguments are correctly linked
"
llnl_hiop;ef1c6dd5aa963414753ce481823f949894324729;Cosmin G. Petra <petra1@llnl.gov>;1605423923;"updated readme files
"
llnl_hiop;ef21444c1230b733bcfc2a88d208872bf4744fd3;nychiang <sorakid507@gmail.com>;1604718373;"fix bugs for full sparse KKT system
"
llnl_hiop;ef233e0774256f7f10e68082a1434861d1741b96;Chiang <chiang7@sephiroth.llnl.gov>;1646352592;"add sparse example 10
"
llnl_hiop;ef33bcc2c491ea5c17ca23ee27ede0016ec4e95c;nychiang <sorakid507@gmail.com>;1678743565;"test, move reduce to cuda kernel
"
llnl_hiop;ef3892b09b971cc620baca8736027547cb6926a6;Slaven Peles <slaven.peles@pnnl.gov>;1608782549;"Change matrix tests class names to match tested classes.
"
llnl_hiop;ef4e8fc5574292e0ffa9a2f23522899dfbeb4f22;Asher Mancinelli <asher.mancinelli@pnnl.gov>;1583273244;"removing float indicators for doubles, adding correct MPI vector inits
"
llnl_hiop;ef52562d1ffc884b4f38b56a1c4f52b2440099b7;Cosmin Petra <petra1@llnl.gov>;1654865664;"added end-of-line (testing)
"
llnl_hiop;ef5d738ebf92802d8636a400230d3fbe7ce87c64;pelesh <slaven.peles@pnnl.gov>;1595217934;"Refactoring vector and dense matrix interfaces (#59)

* Fixing RPATH for installations.

* Enable building with MPI and CUDA code in the same compilation unit

* removing PNNL-specific CI stuff

* boosting cmake min version to 3.12

* Adding new files for hiopMatrixDense

Broke defs and decls into new file
FYI I should have added this to the previous commit

* Replaced all naked news with factory methods

Dense matrix construction is now abstracted away from the individual
implementation such that we will be able to swap new dense matrix
implementations into cosmins kernels

* Use abstract vector interface in all algorithm methods.

* Add linear algebra factory class

* Adding missing LLNL auspices.

* formatting and documentation cleanup

* incremental changes to conform to the style guide

* finalizing correct member var naming conventions

* Use MPI_COM_SELF as default communicator everywhere.

* removed constexpr that was creating compilation errors on macos

Co-authored-by: Mancinelli, Asher J <asher.mancinelli@pnnl.gov>
Co-authored-by: Cosmin G. Petra <petra1@llnl.gov>"
llnl_hiop;ef761e0cb0ec35836899698f2f18870f62f0d8fb;Cosmin G. Petra <petra1@llnl.gov>;1613610995;"updated the example matlab code
"
llnl_hiop;ef80f00c547752f01e61454b606728f9e410144e;Asher Mancinelli <asher.mancinelli@pnnl.gov>;1643227189;"Fix lambda capture for pridec ex9 (#400)

* Fix lambda captures in pridec ex9"
llnl_hiop;ef82c810b3cb3979388ba2c412cfec576934e12c;Cosmin G. Petra <petra1@llnl.gov>;1618264994;"fixed typos in the manual and code alignment
"
llnl_hiop;efb520889a1b5ba62d2367e75d15af5c8377e32a;Cosmin G. Petra <petra1@llnl.gov>;1509747516;"marked dead members of the so-called innerproduct class
"
llnl_hiop;efb9614183b8e5947e1544954e5d391124d16308;nychiang <sorakid507@gmail.com>;1634607083;"add path to CAMP
"
llnl_hiop;efc3b0e24af7c84ce802453b0bb6aa3e2a8a2f6a;Cosmin G. Petra <petra1@llnl.gov>;1626646760;"Merge branch 'develop' into pridec-options-dev
"
llnl_hiop;efd2fcd5eee8d2f37c510a1a68978822a06f437b;Nai-Yuan Chiang <chiang7@llnl.gov>;1718225155;"add new function for warmstart (#688)

* add new function for warmstart

* change function namel; remive pnnl ci tests

* remove push mirror to PNNL

* Update spack_build.yml to remove E4S cache and use newer OS (#689)

* Update spack_build.yml to remove E4S cache and use newer OS

* Build ^libevent~openssl

* add back PNNL CI

---------

Co-authored-by: Cameron Rutherford <robert.rutherford@pnnl.gov>"
llnl_hiop;efde2579da03a6aace30292ae8d494639e991191;Cosmin Petra <petra1@llnl.gov>;1574225483;"added transAddToSymDenseUpperTriangle and added 'UpperTriagle' suffiex to 'addToSymDense' to make it clear that only upper triangle is updated
"
llnl_hiop;efed73612854b252fd5575231647406f0c70983f;Nai-Yuan Chiang <chiang7@llnl.gov>;1630340976;"Sparse gpu kernel dev 1 (#301)

* RAJA copyRowsFrom

loop through nnz instead of rows in some RAJA code

* add method to hiopVectorInt; unit test for CopyRowsFrom

* update copyRowsFrom; Add copy_rows_block_from

* remove RAJA::inclusive_scan

* use index_type and size_type in new functions

Co-authored-by: Chiang <chiang7@sephiroth.llnl.gov>
Co-authored-by: Nai-Yuan Chiang <chiang7@login1.ascent.olcf.ornl.gov>"
llnl_hiop;eff37be150d1028626900790ba56b2ae1731dfb1;Cosmin G. Petra <petra1@llnl.gov>;1537379933;"improved error msg and formating for hovError and HovWarning
"
llnl_hiop;eff508bd11705a65bf86905ffb15c8e887a94485;Rutherford, Cameron <robert.rutherford@pnnl.gov>;1676938454;"Add reporting of status to PNNL pipelines.
"
llnl_hiop;f02da4ebaca0bebb93f3499780514629a7eb1932;nychiang <sorakid507@gmail.com>;1611983908;"current implementation
"
llnl_hiop;f02f3c57ef7327503403c49f0db38d2b2b30d2b6;Nicholson Koukpaizan <koukpaizannk@ornl.gov>;1679671735;"Instrument outer iterative refinement solver
"
llnl_hiop;f0352414eef79609aa84a97285d627948df77864;Slaven Peles <slaven.peles@pnnl.gov>;1595297962;"Fix bug in refactored startingAtCopyFromStartingAt function.
"
llnl_hiop;f04ca3289f26cc1bde737f246f043681b35902df;Asher Mancinelli <asher.mancinelli@pnnl.gov>;1606797123;"Removing RAJA from github actions build (#125)

"
llnl_hiop;f051f7d066491d95aaadd8b4136e156ff6570f34;nychiang <sorakid507@gmail.com>;1677551435;"add driver
"
llnl_hiop;f0a0b0eb861f71ad39d5677f2eaba6e89ab76664;Cosmin G. Petra <petra1@llnl.gov>;1666821939;"changed csr kernels to take block size as arguments (not the whole exec policies class)
"
llnl_hiop;f0de791941abe250f5cd43b2aaeee251f93d7f90;Cosmin G Petra <petra1@llnl.gov>;1741987038;"adding weights through the code (linear system and resids)
"
llnl_hiop;f0e6b3407d717c07d7b32c3c4cc37db8a24c825c;Nai-Yuan Chiang <chiang7@login1.ascent.olcf.ornl.gov>;1616117776;"use one norm to measure constraint violation
"
llnl_hiop;f1296e0cb1220de1e340e9eaa25c1f3b7532c8e5;Peles, Slaven <slaven.peles@pnnl.gov>;1593740328;"Merge branch 'mixed-cuda-mpi-dev' into 'cmake-staging-area-dev'

Enable building with MPI and CUDA code in the same compilation unit

See merge request exasgd/solvers/hiop!28"
llnl_hiop;f129e28eaa68432383598c9b61e8e2f463229ff8;Asher Mancinelli <asher.mancinelli@pnnl.gov>;1591488991;"Unit Testing Suite [PNNL] (#41)

* Add Cosmin's GPU implementation plan to master.

* Simple example of a unit test.

* Reorganize tests.

* Added placeholder for matrix tests.

* Clean up and comment the code.

* Add first functioning matrix tests.

* Added a nontrivial matrix test.

* adding MPI support and some small test cases

* adding suggestions from @pele118
- removed memory leak
- added header gaurds for mpi header

* adding test for selectPattern

* squashing new tests into a single scope

* removed warnings as errors and copyFrom to use nontrivial constants

* fixing include ordering

* - helper method to get internal data
- removed manual memory allocation

* added testScale

* Added tests for
- componentMult
- componentDiv

* test for componentDiv_p_selectPattern

* removing float indicators for doubles, adding correct MPI vector inits

* Enable MPI tests for vectors.

* cloning vectors instead of initializing new ones

* tests for most basic L1 and L2 norms

* test infnorm

* Revert ""Merge branch 'dev/ut-mpi' into 'dev/unit_tests'""

This reverts merge request !2

* Updated plan.md

* Updated plan.md

* Update plan.md

* Updated plan.md

* Implemented MPI-enabled unit tests for hiopVectorPar class.

* Add warning options to CMake and fix warnings in unit tests.

* Add CI for HiOp

Added, configured and tested CI pipeline for HiOp. Tests run on Newell and Marianas.

* Complete unit tests for `hiopVectorPar`.

* Update plan.md

* added a list with small things to be done

* adding type aliasing for local/global ordinal types and real types

* provided an end-of-month update

* Update plan/plan.md

* Add Cosmin's GPU implementation plan to master.

* Updated plan.md

* Updated plan.md

* Update plan.md

* Updated plan.md

* Update plan.md

* added a list with small things to be done

* provided an end-of-month update

* Update plan/plan.md

* removing references to old cmake warnings and options targets

* First take on dense matrix unit tests.

- Upper triangle unit tests are skipped pending additional clarifications on implementation.
- Test `matrixTimesMatTrans` segfaults, needs to be more investigated.
- Test `matrixAssertSymmetry` is used only in sequential tests.

* merge branch unit-tests-fix into dev/unit_tests_rebase_master for small fixes before submitting PR on github

* Resolved small issues with matrix unit tests addressed in #21
Also added tests specific to hiopMatrixDense

* No longer skipping shiftRows test

* removing trailing whitespace

* Indenting according to style guidelines

* Removing internal information from public branch

* Removing PNNL build script

* Removing PNNL-specific CI

* Fix warnings and a mem leak in vector tests.

* Added null checks to avail null deref warnings

* Resolving warnings

* removing incorrectly linked warnings and options

Author: @ashermancinelli 
Co-authored-by: Slaven Peles <slaven.peles@pnnl.gov>"
llnl_hiop;f131f57dd33ea1d0e6ef7db3a502fe6775ab552e;Cosmin G Petra <petra1@llnl.gov>;1658407980;"Performance timers update (#517)

* fix for linsolve stats for MDS

* cleaned up and documented performance timers

* renamed start_linsolve method to reset"
llnl_hiop;f138556153c310e536413b94a15869e21b786aef;Cosmin G. Petra <petra1@llnl.gov>;1637353182;"reviewers' comments
"
llnl_hiop;f13b2edae4f896b37db5a133d33f38a5771fcd25;Nai-Yuan Chiang <chiang7@llnl.gov>;1641315480;"fix create_raw_array in ex4 (#386)

* fix create_raw_array in ex4"
llnl_hiop;f16385a265c8d014983feb7411055014300022f2;nychiang <sorakid507@gmail.com>;1684796157;"rename files
"
llnl_hiop;f17007c8b92bfbe07a2605c7afc2ac0f2eb35f8e;Asher Mancinelli <asher.mancinelli@pnnl.gov>;1583264926;"added testScale
"
llnl_hiop;f17c1cf4f6c591a5dbd5d084bbf01e2a2e676ecf;Tucker Hartland <tucker.hartland@gmail.com>;1762292984;"EI update so that BnB-BO can be run with EI acquisition
"
llnl_hiop;f18e717bb1a36d9cf3c87690d127124d1215da1e;Cosmin G. Petra <petra1@llnl.gov>;1589481064;"testing and bug fixing

valgrind, ubuntu compilation
"
llnl_hiop;f18ecaa0d83660a88b41cde5f284d33ec215f900;Cosmin G. Petra <petra1@llnl.gov>;1589516058;"cosmetics
"
llnl_hiop;f192d5ccd152ecbf5cb5edf4ab2b1db4461beb2a;nychiang <sorakid507@gmail.com>;1695957319;"fix quartz ci and one unit test
"
llnl_hiop;f1acd3cd5542673adf34f88e5f9920b2c0c4f865;nychiang <sorakid507@gmail.com>;1641274656;"fix create_raw_array in ex4
"
llnl_hiop;f1cc9bc59f84148a174414c0ccf1956d5086f57c;Cosmin G. Petra <petra1@llnl.gov>;1662157452;"allocators for Cpp and Cuda memory
"
llnl_hiop;f1facb8b6a8de4179ac363eabc7dc61f9ae7bd90;Cameron Rutherford <robert.rutherford@pnnl.gov>;1677821774;Fix missing -
llnl_hiop;f200691168667d9fe650a8bdc077d3ab11e9e4e6;rcrutherford <robert.rutherford@pnnl.gov>;1607020412;"Defined getLocalElement in vectorTests.hpp.
"
llnl_hiop;f202418a6a1a81a8e10f78b8c3737e1d20f4a2bc;Cosmin G. Petra <petra1@llnl.gov>;1625514797;"upper cases for umpire memory spaces
"
llnl_hiop;f227d1f3e2de0e70b11569a29232701814a5697d;Cosmin G. Petra <petra1@llnl.gov>;1573489805;"added size accessor method
"
llnl_hiop;f23012752b12aa48e40bb8eccb86f9db28aefe26;Asher Mancinelli <ashermancinelli@gmail.com>;1625173710;"Remove spurious comment
"
llnl_hiop;f237468d53f84ac2e6cf0832c2ce9a9e3666f24f;fritzgoebel <fritz.goebel@kit.edu>;1651410065;"Add prototype for ginkgo solver integration (#433)

* Add prototype for ginkgo solver integration

* Add tests for using Ginkgo solver

* Review Updates
"
llnl_hiop;f250ca00eef4d7ccb780ba89718a1a467b0d22a4;Asher Mancinelli <ashermancinelli@gmail.com>;1589086996;"Merge pull request #1 from pelesh/PNNL/asher/cmake-fix

Improvements to CMake configuration"
llnl_hiop;f2764ce986da211905084735fbd8105f283a42e5;Cosmin Petra <petra1@llnl.gov>;1574288619;"refactorized code to reuse 'Compressed' linear system functionality from Quasi-Newton to Full-Newton
"
llnl_hiop;f2b9a93947653dbee31c31c2d82638fcd2c7d538;Cosmin G. Petra <petra1@llnl.gov>;1482189109;"added outputing for matrices
"
llnl_hiop;f2c38f7aa06d71b69666b8cb75d0847637338841;Nai-Yuan Chiang <chiang7@llnl.gov>;1743376846;"Add github workflow tests for HiOpBBPy (#716)

* test CI

* remove ipopt as a dependency

* update some parameters

* address Cosmin's comments

* test CI

* address comments

* fix bug, turn on CI

* save y_opt from 1000 runs

* address comments

* moving saved data from the base hiop directory in order to avoid overcrowding, obtaining the path of the python __file__ in order that we can load the saved data according to the python file and not from where the file is run from. This enables us to be able to run (from hiop base dir) python src/Drivers/hiopbbpy/BODriver.py and (from hiop/src/Drivers/hiopbbpy) python BODriver.py. Previously there was an error when I tried running the latter case.

---------

Co-authored-by: Tucker Hartland <tucker.hartland@gmail.com>"
llnl_hiop;f2e0e37aa721b4e5c63792d95cce7da344197808;Cosmin G. Petra <petra1@llnl.gov>;1666824011;"updated documentation and added draft of the new options (+documentation)
"
llnl_hiop;f2ee8e52580472fa3428a68309ace372cf72fde8;Juraj Kardos <juraj.kardos@usi.ch>;1564446654;"adding rho0 option
"
llnl_hiop;f2ee94cb7ba86265b51272f88681c102c8967548;Cosmin G. Petra <petra1@llnl.gov>;1611344647;"consolidated options

 - ensured consistency for some new option
 - disabled warnings for inconsistent options not set by the user
"
llnl_hiop;f2ff137db973794a5a16022d01874094b6362e14;nychiang <sorakid507@gmail.com>;1692909268;"remove some unused var
"
llnl_hiop;f3158af48c2bf1152787b8b3121088172b133530;Juraj Kardos <juraj.kardos@usi.ch>;1566938265;"using hiop's zl,zu to compute the dual infeasibility, tuning algorithm for AugLagr driver
"
llnl_hiop;f319c799519d36b46c87a54ce7b9129c0debe013;Tucker Hartland <tucker.hartland@gmail.com>;1752708220;"Merge branch 'hiopbbpy-v0.08-dev' of https://github.com/LLNL/hiop into hiopbbpy-v0.08-dev
"
llnl_hiop;f325ba420eee26930f0922b13e86ae7e9e37bd1d;Michel Schanen <mschanen@anl.gov>;1588885467;"build shared library too
"
llnl_hiop;f3380538eb5efc124f55a3ae87614dd1308816cc;Tom Epperly <epperly2@llnl.gov>;1715135834;"* Patch two leaked pointers that are the root cause of multiple other leaks. (#685)

"
llnl_hiop;f3721555da8fd8219d4e7b08c9bcb1c91832ca42;Nicholson Koukpaizan <koukpaizannk@ornl.gov>;1736460358;"Guard hipblas path change with a condition on HIP_VERSION.
"
llnl_hiop;f381623b65bdaee8968f88c9b164bc4599f01744;nychiang <sorakid507@gmail.com>;1605640059;"fix #79: add new functions to vector kernal
"
llnl_hiop;f38c9a7f47ab4b18b5f1a14728b7d451213d6378;rcrutherford <robert.rutherford@pnnl.gov>;1675896123;"Remove verbose output from build script and fix newell.
"
llnl_hiop;f3a71845db16b51d1e379cf3db92222d81d5abb8;Cosmin G. Petra <petra1@llnl.gov>;1613614102;"finalish touches
"
llnl_hiop;f3bb87410ad5d3e3a2223c65c66d128d6656a4df;Jingyi Wang <wang125@lassen709.coral.llnl.gov>;1606858641;"update ex8 class
"
llnl_hiop;f3d54f32a7db23784851c1d03f5905fb6a3a67e3;Chumbipuma <chumbipuma1@croagunk.the-lab.llnl.gov>;1750460770;"Add RAJA interface header for DenseConsEx2 example
"
llnl_hiop;f3e0a1ee9e29508dc359850dc33c7420fb66b376;Mancinelli, Asher J <asher.mancinelli@pnnl.gov>;1593737294;"Fixing RPATH for installations.
"
llnl_hiop;f3ebb9864644fd2ad19e985adeaa4b8bb31a9dc8;Cosmin G. Petra <petra1@llnl.gov>;1654613760;"Merge branch 'develop' into xl-compile-fix
"
llnl_hiop;f3f40369eed39a360b9216c3f956fb0466cc06b9;Cosmin G. Petra <petra1@llnl.gov>;1535997673;"build options (e.g., HIOP_USE_MPI and HIOP_DEEPCHECKS) end up as macros in a header file (at 'build' time) instead of being specified as preprocessor (-D) directives

 - so that codes that use HiOp as a library do not have to deal/define with these
"
llnl_hiop;f3f626d87ef46021a90ca595174eefd0e2415e49;Cosmin G. Petra <petra1@llnl.gov>;1626127914;"added specialized option classes for NLP and PriDec
"
llnl_hiop;f40b13f3c99580bc08db29f4afcbc52790c9cd46;Katarzyna Swirydowicz <swir617@newell01.pnl.gov>;1622848106;"Add interface to cuSolver/KLU linear solver
"
llnl_hiop;f40f8cfb804a2dc45c50a37f24fd6e26eaecbd1d;Cosmin G Petra <petra1@llnl.gov>;1614794448;Update README_developers.md
llnl_hiop;f434329bdcc67f63728bcd1adfbc927214405fc8;Cameron Rutherford <robert.rutherford@pnnl.gov>;1664307389;Update .gitlab-ci.yml
llnl_hiop;f438cdfbe71bfb44a8bb44a2daeff838f44ccb73;Cosmin G. Petra <petra1@llnl.gov>;1595876034;"modified the sign in the Kron reduction
"
llnl_hiop;f44045df7ddfe6acfff81f37a3def6ed00fc9b43;nychiang <sorakid507@gmail.com>;1605640059;"fix #79: add new functions to vector kernal
"
llnl_hiop;f44592152e18c89196474d31c3e7f228ec1c4874;Cameron Rutherford <robert.rutherford@pnnl.gov>;1657038369;"Update Marianas variables and disable Newell CI, upgrade to C++14 and CUDA 14 (#508)

* Update marianas variables and disable Newell CI.

* Use C++14 and CUDA 14 & CMake fixes."
llnl_hiop;f47f2acf76619990389df732f7f63fb4ed4bf9f3;chiang7 <chiang7@llnl.gov>;1636491374;"fix bugs
"
llnl_hiop;f48fc3898f1f9347a85a3029a3f547e2eeb5a146;George Chumbipuma <gc51@rice.edu>;1753911156;"Replace matrix copyFrom with memcpy for MPI-reduced buffers in updateInternalBFGSRepresentation
"
llnl_hiop;f498530367b869868c848ab733cdec100f6e8476;Cosmin G. Petra <petra1@llnl.gov>;1653073491;"cuda csr kernel for get diagonal
"
llnl_hiop;f499c6abfe02b0a7043f8a61108c4ab462cd280f;nychiang <sorakid507@gmail.com>;1685145751;"correct names and add comments
"
llnl_hiop;f4a4669ca2dbc18696d4bd2a127da5edad02c8b3;Asher Mancinelli <asher.mancinelli@pnnl.gov>;1624990971;"Fix cmake error message, bump version info (#271)

"
llnl_hiop;f4ad4d46b08d44c92ffbd3b31473e9e9f09a2a26;Chiang <chiang7@sephiroth.llnl.gov>;1623480715;"test
"
llnl_hiop;f4b8db872289bf6881b5bb6564ca8f43752f4794;Rutherford, Cameron <robert.rutherford@pnnl.gov>;1726789183;"Load MPI through printed variables from spack.
"
llnl_hiop;f4bf7fbc831ec12ab249ea26f13b2124bad0cded;Frank Wang <wang125@llnl.gov>;1641344526;"adding both ex9 sparse and ex9 sparse raja examples
"
llnl_hiop;f4c0840f875f4ab218acff015a872805998f8993;Rutherford, Cameron <robert.rutherford@pnnl.gov>;1676939120;"Add valid runner for CI status runners.
"
llnl_hiop;f4d0d46bec479078191d08d3fe66b321b243f014;Cosmin G. Petra <petra1@llnl.gov>;1707156913;"options for the Newton solver
"
llnl_hiop;f4efdba0d65b699448d62755039c2b7772188632;Cosmin G. Petra <petra1@llnl.gov>;1590192968;"updated ex5
"
llnl_hiop;f509398aece73eabada8b2b348f271ca728e3f3b;Cosmin Petra <petra1@llnl.gov>;1574472149;"correct matrices in XDYcYd::update
"
llnl_hiop;f54a55e7c923b34eaa2d8f8deed6954015424b26;nychiang <sorakid507@gmail.com>;1661966852;"add pdf file; change date
"
llnl_hiop;f5545cc4848149c5d04cc04b66c5eb9a6acedd53;rcrutherford <robert.rutherford@pnnl.gov>;1620946707;"Correct TPL export configuration.
"
llnl_hiop;f55d259d1d06628ffdd7d3243250efa330240646;Zack Galbreath <zack.galbreath@kitware.com>;1614874195;"New CMake configuration variable: HIOP_GPU_PLATFORM

This new drop-down menu allows users to select between different
supported GPU platforms, currently CUDA vs. HIP.
"
llnl_hiop;f567977bd8038ad9f3f2711a7b3d61ea7b306ab5;pelesh <slaven.peles@pnnl.gov>;1596000189;"Merge with master fix for dev-kronred-update (#65)

Light update of the interface to support the application (mat-vec) of the mapping from nonauxiliary to auxiliary buses"
llnl_hiop;f5720526324033f70400c69d37ea0d85c2727cea;Cosmin G. Petra <petra1@llnl.gov>;1492444552;"Stable(ish) linear algebra options

Added iterative refinement code (based on triangular solves) and improved the warning reporting.
"
llnl_hiop;f5852d943159f95348e87c5daeacd840efe45660;Chiang <chiang7@sephiroth.llnl.gov>;1643767843;"remove temporary files
"
llnl_hiop;f59be27d7f437eee102cf6ee0ce5dae2d158833e;Cosmin G. Petra <petra1@llnl.gov>;1586556533;"upper triangular access of HiOp NLP matrices
"
llnl_hiop;f5a5a274f9b63ebb0b2b5b017c61efca61f8b746;nychiang <sorakid507@gmail.com>;1661373905;"create branch and 1st draft
"
llnl_hiop;f5a94703b2c045b4a981248232087077e544f806;Cosmin G. Petra <petra1@llnl.gov>;1648484068;"fixed typo
"
llnl_hiop;f5ac73a2f9581771e6d24f544c123c0b0caef8d5;Cosmin Petra <petra1@llnl.gov>;1583364818;Updated plan.md
llnl_hiop;f5ce3e1971e3a498f70faaf49212624b7366714a;nychiang <sorakid507@gmail.com>;1724893097;"fix llnl ci
"
llnl_hiop;f5d3782651c7b597d05dc331efc3147d4415e2bf;Jingyi Wang <wang125@lassen709.coral.llnl.gov>;1604089786;"Ex8 first commit
"
llnl_hiop;f5d466e963443c0fe1df34eea6518b45f9dc4dc7;Asher Mancinelli <ashermancinelli@gmail.com>;1624321102;"Use comments with full specs for modulefiles
"
llnl_hiop;f5d8e4af73b5990c34f13c68189e4aae6af93955;Cosmin G. Petra <petra1@llnl.gov>;1487441374;"cmake builds the 'hiop' library.
"
llnl_hiop;f601b9f5c9b1277726239df1b5a76d9cd0d6c42a;Cosmin G. Petra <petra1@llnl.gov>;1623132493;"fixed issues caused by the merge of PriDec solver
"
llnl_hiop;f62426960343eb02f2732bdbd78542abc4a04d6e;Cameron Rutherford <robert.rutherford@pnnl.gov>;1660743726;"Fix hiop CMake for C++14 and rocm exporting. (#523)

"
llnl_hiop;f626738bd8326a56b2c8c6d2e314234f270d19bd;Cosmin G Petra <petra1@llnl.gov>;1653497457;"HIOP_USE_MAGMA optional under HIOP_USE_GPU (#479)

* HIOP_USE_MAGMA can be optional
"
llnl_hiop;f6330df08f4bd8dc79dca272fa9a181aeb4ab8b3;Cosmin G. Petra <petra1@llnl.gov>;1537307020;"fixed bugs
"
llnl_hiop;f65dd527dcfe845eff76a9a8696c5e1e4c9796f6;Peles, Slaven <slaven.peles@pnnl.gov>;1585259137;"Merge branch 'dev/unit_tests_ci' into 'dev/unit_tests'

Added CI configurations scripts

See merge request exasgd/solvers/hiop!7"
llnl_hiop;f66a5769e889b48957eebf5fdaed10541db83952;nychiang <sorakid507@gmail.com>;1660786590;"address C's comments
"
llnl_hiop;f6719475723c2fde66dc34cc6b46da43a4299ed0;Cosmin G Petra <petra1@llnl.gov>;1616012734;"0.4 release doc (#200)

* updated tech report

* updated options in user manual
"
llnl_hiop;f673600d6a4fbc1a67616a743808c00a892599ce;Chiang <chiang7@sephiroth.llnl.gov>;1629499562;"fix bugs introduced by merging with develop branch
"
llnl_hiop;f68917e364ca8534060fab0e811776cbcd4c7741;Asher Mancinelli <asher.mancinelli@pnnl.gov>;1607385193;"removing unneeded doxygen warnings
"
llnl_hiop;f6a28e07d95be109e41f98a1e909110230333f5b;Cosmin G. Petra <petra1@llnl.gov>;1639506193;"accelerated Hessian for AugLagr and fixed bug in appendScaledJacobian
"
llnl_hiop;f6ab61b021bb71d8672fb010be1e97dececa2d21;Chiang <chiang7@sephiroth.llnl.gov>;1641345668;"address reviewers' comments
"
llnl_hiop;f6ba1ba0e765aa6803906be5e8f7904b3b7849c6;Asher Mancinelli <asher.mancinelli@pnnl.gov>;1605641185;"Refactored gitlab-ci for less repetition
"
llnl_hiop;f6c2ee294e0922ab35f9ec1ccf3945a3848f2528;nychiang <sorakid507@gmail.com>;1649900158;"update strumpack interface
"
llnl_hiop;f6c4460d1a2beba5464f170dbca1803e2650f2c3;Cosmin G. Petra <petra1@llnl.gov>;1640651158;"added CSR storage class with XDY mult and basic storage conversions
"
llnl_hiop;f6c9c5de4e8a8d1e1352abb5a9653913e970f4f5;Tucker Hartland <tucker.hartland@gmail.com>;1756337232;"removing something unneeded from an example. first cut at hiopbbpy documentation
"
llnl_hiop;f6ca9361125e86205a001de410a5b2b7dbfe40f7;rcrutherford <robert.rutherford@pnnl.gov>;1607023188;"Fixed bug in vectorCopyTo in vectorTests.hpp.
"
llnl_hiop;f6da92e6cf772c3c6bd882b787c07926f5eabdcc;Cosmin G Petra <petra1@llnl.gov>;1518624353;"required cmake 2.8 instead of 3.0
"
llnl_hiop;f6e4b5d56436675a1ea0619578c435ab6f7412cf;Chiang <chiang7@sephiroth.llnl.gov>;1621383589;"rebase to develop
"
llnl_hiop;f706b58936c90a25c06d55450e08e8b9abe884d2;rcrutherford <robert.rutherford@pnnl.gov>;1608156976;"Implemented getLocalDataConst in matrix tests for both vectors and matrices.
"
llnl_hiop;f70f773a182b5c104e9c1de07a278ad4d2ea1cf8;Tucker Hartland <tucker.hartland@gmail.com>;1750008497;"adding EvaluationManager function to utilities __init__ so that they can be imported via from hiopbbpy.utils import ... when using a python environment with hiopbbpy installed
"
llnl_hiop;f71e1c752a12e40c4936296b5535b5432485e930;nychiang <sorakid507@gmail.com>;1660692482;"create branch
"
llnl_hiop;f72dfd9dd1b6e8dcbbe2b8acaf0f66a2d14f7f38;Cosmin G. Petra <petra1@llnl.gov>;1588786421;"added skeleton of Primal-Dual perturbation calculator class

also updated the build system and updated the calling code (IPM Newton Alg)
"
llnl_hiop;f75b7c6dd061bdb7a9d0dccccee3b14b2fca7f8f;nychiang <sorakid507@gmail.com>;1614357835;"check if sparse matrix are sorted
"
llnl_hiop;f770143dbb599de653f973502eb21c268ae4fac3;kswirydo <kasia.swirydowicz@gmail.com>;1657831996;"cuda kernels interface, removing cusolver_ir_inner, formatting
"
llnl_hiop;f773a6291e1478bd36d54dee979cdefb532c4f1a;Nai-Yuan Chiang <chiang7@llnl.gov>;1654711764;"return unscaled duals (#489)

"
llnl_hiop;f7a01114f079934701d8f7bf8fc5c6070dbfcfab;nychiang <sorakid507@gmail.com>;1756499305;"fix logger if opt y is occured at the initial points
"
llnl_hiop;f7a776e8d9b7f6a64d08fa21ff1f689efda44e4b;Juraj Kardos <juraj.kardos@usi.ch>;1564436562;"Adapting logger to work with hiopResidualAugLagr
"
llnl_hiop;f7b6c99907b508943b1b7bb9353772cd349ca1f8;Juraj Kardos <juraj.kardos@usi.ch>;1565714021;"wider range of rho0 and lambda0
"
llnl_hiop;f7b85b0e646b332737ea36cd158705f922d4186d;Cosmin G. Petra <petra1@llnl.gov>;1649280811;"removed old CSRStorage code
"
llnl_hiop;f7c4d6414b7e0becfc9fdc7bbe554cf89977bf98;Cosmin G. Petra <petra1@llnl.gov>;1675108076;"added documentation
"
llnl_hiop;f7c9822996f4f6e265174dc3db69deef839c6741;Juraj Kardos <juraj.kardos@usi.ch>;1565028962;"new strategy for initializing the slack variables
"
llnl_hiop;f7da1849ea8d4f5022795211c1f423183c43bab3;Cosmin G. Petra <petra1@llnl.gov>;1580748429;"added storage class for sparse matrices in triplet format

it is a template that support double, float, float complex, double complex
"
llnl_hiop;f82c000f2d893f4d4abe8cb59e9b7a327a755337;nataliarodriguez-uc <natalia_rodriguezuc@berkeley.edu>;1754894128;"testing added to bnb on bounds
"
llnl_hiop;f82fa069e90be2337a37f2cf7b78ed73c40c5862;Cosmin G. Petra <petra1@llnl.gov>;1589243301;"cosmetics

suffixed data members with _, improved comments
"
llnl_hiop;f83e08f0ae712bc3a5d83747039f2c467d348cee;Philip C. Roth <rothpc@ornl.gov>;1680879291;"Ensure contingency index sends are completed.
"
llnl_hiop;f86bba5e8c8ecaed5584985a93fec75740e933be;Asher Mancinelli <ashermancinelli@gmail.com>;1628618194;"Add updated summit variables
"
llnl_hiop;f87115f97765d6e61343f61aef57deb0886ae7f9;Cosmin G Petra <petra1@llnl.gov>;1616780943;Update README_summit.md
llnl_hiop;f875172ee61e49eefc196c6e824ec85bdd45cda9;Slaven Peles <peless@ornl.gov>;1684719213;"Unfriend ReSolve from its HiOp interface.
"
llnl_hiop;f8c448f3aeb953e819125c96293ed1161c5d3b5d;Mancinelli, Asher J <asher.mancinelli@pnnl.gov>;1585970646;"Complete unit tests for `hiopVectorPar`.
"
llnl_hiop;f8cde778891da4201c96f2de6169d36f9303e849;Chiang <chiang7@sephiroth.llnl.gov>;1624677926;"add unit test
"
llnl_hiop;f8e6ca72b35fc9879548b446c21439c420c8d7ce;Tucker Hartland <tucker.hartland@gmail.com>;1746496602;"changing version number
"
llnl_hiop;f8f18037a48567255547868980c9a20e289fb8ff;Nai-Yuan Chiang <chiang7@llnl.gov>;1694513802;"create branch, switch to cpp14
"
llnl_hiop;f8f92fda4f7233de1cdbcb5bd05a6532cf311405;Slaven Peles <peless@ornl.gov>;1683727823;"Put IR in a separate namespace outside .
"
llnl_hiop;f8f97a5f58375e660b78fc2d8f7693136b767bf1;nychiang <sorakid507@gmail.com>;1692901859;"pass quartz CI
"
llnl_hiop;f90c365c51fd460542af785a9ed84f98d3a2b053;Cosmin G. Petra <petra1@llnl.gov>;1661965455;"added memory backends spec
"
llnl_hiop;f90cd67df92d6050b0a3a78a63efdc7e8e8bfc7d;Cosmin G Petra <petra1@llnl.gov>;1703787678;Update CHANGELOG.md
llnl_hiop;f910234311d51a91cf14c1cc6844d53a55167b21;Cosmin G. Petra <petra1@llnl.gov>;1537312562;"returned the right global size for n_upp
"
llnl_hiop;f92cee33f855703295b9e96b29c54e0215de3c9c;Cosmin Petra <petra1@llnl.gov>;1582830374;"minor/cosmetic
"
llnl_hiop;f9599d74987308887ea1f5a33f4f780d54333c6a;Peles, Slaven <slaven.peles@pnnl.gov>;1593740328;"Enable building with MPI and CUDA code in the same compilation unit
"
llnl_hiop;f95d876ddc7bab3e5e3bd1916ad6f0d410aa1dba;Cosmin G Petra <petra1@llnl.gov>;1583545511;"Merge c8a42d8646125370a947dd734a971dd649913b55 into d0dd75ba3f879c1f98670459eddfd603152839ec
"
llnl_hiop;f97036e2d5e67623394656f2d2807fd8ad2dcd7a;Cosmin G Petra <petra1@llnl.gov>;1673670671;"reorganization of device namespace  (#582)

* renamed device namespace to cuda or hip

* consistent file names

* fixed build errors

* omp issues

* consistent filenames"
llnl_hiop;f9936d583ef2b0b2803296423887f1e65035a979;Cosmin G Petra <petra1@llnl.gov>;1649272676;"removed IR code from condensed sparse class (#445)

"
llnl_hiop;f99b9fb10ca95733a49d7509216a6f4ca83e3344;Slaven Peles <peless@ornl.gov>;1684508046;"Created RefactorizationSolver class.
"
llnl_hiop;f99e35c3b16474b94cca66fd14f661df5493b367;nychiang <sorakid507@gmail.com>;1606860946;"use type long long
"
llnl_hiop;f9c9b34a52552753d1da57efd33b2edcd11ae9e8;nychiang <sorakid507@gmail.com>;1613795691;"relax bound before solving the problem
"
llnl_hiop;f9ef443aae8b577e76ee76076351fab70fc18139;nychiang <sorakid507@gmail.com>;1737682401;"create branch
"
llnl_hiop;f9f6145403fbf60614402519748bf1a32e3b991e;Nicholson Koukpaizan <koukpaizannk@ornl.gov>;1667341883;"Missing RANGE_POP
"
llnl_hiop;fa1640076ffcb783ef25cf17d1c868158347332b;Cosmin G Petra <petra1@llnl.gov>;1752244827;"left note and todo about second order derivatives
"
llnl_hiop;fa61c1993128afd65a3cb21301c1f131922ceef8;Cosmin G Petra <petra1@llnl.gov>;1648750552;"Release0.6  (#442)

* updated user manual

added Frank as ""author"" to the  user manual

* up'ed VERSION

* updated CHANGELOG.md
"
llnl_hiop;fa6eb4c32ac548c67dcbda2a7c7bf718a816adde;Cosmin G. Petra <petra1@llnl.gov>;1512934839;"bug fixes and quartz sync
"
llnl_hiop;fa743cd313fbcac2e3120e0da7d580b054a7cb62;Cosmin Petra <petra1@llnl.gov>;1654866000;"cleaning up (testing)
"
llnl_hiop;fa89b530762d7c0730201d0ecc7de11ebed6783a;Cosmin G. Petra <petra1@llnl.gov>;1756234197;"updated user manual pdf
"
llnl_hiop;faa4527b882107e7b93c3b614197a3bfed94e446;nychiang <sorakid507@gmail.com>;1606859242;"fix bug due to rebase; set RAJA Umpire to OFF by defaule; Address issue #136
"
llnl_hiop;fad6849e17d4b23e3c1ee0e8383739ed2fd2559e;Cosmin G. Petra <petra1@llnl.gov>;1580920414;"finished initial implementation of the complex dense matrix

a test was added
"
llnl_hiop;fada9d6fc8aa127678bb168c7722d0e9839444b6;kswirydo <kasia.swirydowicz@gmail.com>;1648008190;"cuSolverRf works on ex7
"
llnl_hiop;faece4a107ae6b34f03658119dfbc0ce60a62c4b;Cosmin G Petra <petra1@llnl.gov>;1750702224;"Derivative check for Hessian of object
"
llnl_hiop;fb021e16c043a5662e9078d6a301feb90e3c2e71;nychiang <sorakid507@gmail.com>;1606859242;"fix bug due to rebase; set RAJA Umpire to OFF by defaule; Address issue #136
"
llnl_hiop;fb04b97765e19b770a3d838b45757a82af455e77;Juraj Kardos <juraj.kardos@usi.ch>;1565738812;"adding option to switch to QN at n-th AL subproblem
"
llnl_hiop;fb11188a3ab6a6a0b9abeaf4ae31ad30cefeb3e5;nychiang <sorakid507@gmail.com>;1604990038;"fix CMake file and bugs in formulating CSR matrix
"
llnl_hiop;fb24e0c99198c69a70e2a9867978b7646da7a517;Cosmin Petra <petra1@llnl.gov>;1578072143;"implemented write KKT for the dense linear systems
"
llnl_hiop;fb2b990387c1e5a6fdd99240c357b4374cb7e365;Cosmin G. Petra <petra1@llnl.gov>;1475021500;"updated ex1 to match the recent change in the abstract interface
"
llnl_hiop;fb34ba854c06348e839525f44d51c5c57a2da666;Cosmin G. Petra <petra1@llnl.gov>;1480729603;"added a method to compute dual infeasibility separetely
"
llnl_hiop;fb41bde146804986125646afe95cbfd8e298a51b;Rutherford, Cameron <robert.rutherford@pnnl.gov>;1726250340;"Fix cache path and TMPDIR.
"
llnl_hiop;fb4251510c32b6a0a5e3d0cfacd9f6fec83f1923;nychiang <sorakid507@gmail.com>;1689980070;"update hiopVectorPar::copyFrom
"
llnl_hiop;fb96276a0af9e76686608e1c74611714fd846ecc;Nai-Yuan Chiang <chiang7@batch4.summit.olcf.ornl.gov>;1607496169;"add EX6_raja; change some interfaces in sparse linsys; some raja functions are missing
"
llnl_hiop;fb96e30f3fddfdfa50d5588be374af544bbc6b69;Cosmin G. Petra <petra1@llnl.gov>;1605719432;"disabled public access to double pointer in hiopMatrixDense

 - data_local() method replaces all other data accessors
 - extensive pointer arithmetic changes in the low-rank Hessian approximation class as it was intimately connected with the internals of MatrixDenseRowMajor for performance considerations
 - get_M() is now protected
"
llnl_hiop;fb9dbf8f7a80fb406e3741d544128b4b39600412;Katarzyna Swirydowicz <swir617@newell01.pnl.gov>;1622848106;"Add interface to cuSolver/KLU linear solver
"
llnl_hiop;fb9edf09ca2f64e37241989af40124a58fed7525;Cosmin G. Petra <petra1@llnl.gov>;1674749848;"added asserts for copy failures (CUDA memory backend)
"
llnl_hiop;fba9380e8201ef2d2a46e8647854be7d91765ea6;Cosmin Petra <petra1@llnl.gov>;1577148120;"added more hovMatrices info

and provided geters for nx sparse and dense
"
llnl_hiop;fbc637a8a6719f0a03e0aacece36eefcebcef833;Tucker Hartland <tucker.hartland@gmail.com>;1751489126;"bug fix for CI
"
llnl_hiop;fbca5d39aa6a7a46471c5b65e232ec656e9c24b3;Juraj Kardos <juraj.kardos@usi.ch>;1564511967;"debugging Mat-Vec
"
llnl_hiop;fbd30b3c235828ef15463132f8f0f28f5ec75d26;Asher Mancinelli <asher.mancinelli@pnnl.gov>;1602004344;"Updating readme to reflect raja/gpu options
"
llnl_hiop;fbef557e88e9f201d7961d072f2fd5d9d36553ac;nychiang <sorakid507@gmail.com>;1607115618;"fix bug in convertToCSR in sparse matrix. Now STRUMPACK can solve the full system with 5000 variables""
"
llnl_hiop;fc20c90b93c85f11e0950343a2a4aaf6adac26d2;Frank Wang <wang125@llnl.gov>;1613371676;"updating style issues
"
llnl_hiop;fc2207522b6c2a2f63dcca7736083495898f1e63;nychiang <sorakid507@gmail.com>;1742449823;"minor fix
"
llnl_hiop;fc2b25dd0dcea1dc6f0989002fa1c6301c929f0d;Cosmin G Petra <petra1@llnl.gov>;1742314241;"fixing logBarWeighted in RAJA vector
"
llnl_hiop;fc3571cedaf01b8ce6377e3daaa8ff59806312ca;Slaven Peles <peless@ornl.gov>;1684541209;"Remove unnecessary memory allocation in cusolver-lu solve function.
"
llnl_hiop;fc80911317d4216ea8509ba8b25abe3c3316bcc8;Cosmin G Petra <petra1@llnl.gov>;1639784029;"fixed bug related to uninitialized counter
"
llnl_hiop;fc8ddca24e09cd7ee7346d647cf45b5480ac86ae;Asher Mancinelli <asher.mancinelli@pnnl.gov>;1619213808;"Use shared and static in CI
"
llnl_hiop;fc91d8858550d2dcaa593be6848c1b17414a65ed;fritzgoebel <fritz.goebel@kit.edu>;1676907632;"Add choice for triangular solver implementation for Ginkgo (#585)

* Add choice for triangular solver implementation for Ginkgo, remove iterative refinement inside Ginkgo integration

* Add options to configure Ginkgo GMRES

* Update ginkgo install on Newell and Deception.

* Remove verbose output from build script and fix newell.

* Turn of outer iterative refinement with Ginkgo

* Increase verbosity for Ginkgo CUDA test and turning off non-sparse tests temporarily.

* Remove nvblas.conf from tracked files

* Update GINKGO on Ascent

* Use Ginkgo triangular solver as default instead of vendor implementation

* Revert temporary changes made for debugging.

* Used gcc/9.1.0-based GINKGO module on Ascent for consistency

* Address Review Comments

---------

Co-authored-by: ni7660@kit.edu <ni7660@hkn1993.localdomain>
Co-authored-by: rcrutherford <robert.rutherford@pnnl.gov>
Co-authored-by: pelesh <peless@ornl.gov>
Co-authored-by: Nicholson Koukpaizan <koukpaizannk@ornl.gov>"
llnl_hiop;fc9e34fca6b9d1818bfeee9844101c0511b796b2;Cosmin G. Petra <petra1@llnl.gov>;1666964876;"adding openmp raja

StdCpp mem backend compatible with Umpire ""HOST""

fixed raja exec policy for mds ex1

tests need not run DEVICE mem space for openmp RAJA backend
"
llnl_hiop;fcbaa4ec88d33a448070d14d00f3e65f8f4f44de;Cosmin G. Petra <petra1@llnl.gov>;1586929175;"Implemented support for one-call evaluation of constraints

meaning both equalities and inequalities in one call
"
llnl_hiop;fcc9ab8dacffd0564548ecddb7207adededf6b73;Cosmin G. Petra <petra1@llnl.gov>;1611011057;"updated Ipopt adapter to work with the newest HiOp interface
"
llnl_hiop;fccef253c5542302ac0139351c44521117187148;Tom Epperly <epperly2@llnl.gov>;1690383626;"Try resolving issues discovered with -Wall -Werror
"
llnl_hiop;fcd29a04d9b28f57f3ab85f95f969924843a5546;nychiang <sorakid507@gmail.com>;1602097665;"add unit test; build sparse solver by default
"
llnl_hiop;fcde4a3df136849982ac066e249414436cbbb286;Asher Mancinelli <asher.mancinelli@pnnl.gov>;1637273451;"convert vector to diag matrix
"
llnl_hiop;fcef41db4a4eaa284fcdf5096ca586e115224ad5;nychiang <sorakid507@gmail.com>;1652310934;"fix bug
"
llnl_hiop;fd0874682e6d91f078dc687f1c6379f67d490086;Cosmin G. Petra <petra1@llnl.gov>;1474991894;"added LinAlg directory
"
llnl_hiop;fd2ce6143adc03eb9c902839587c08afe03ecea6;nychiang <sorakid507@gmail.com>;1651078625;"minor fix
"
llnl_hiop;fd4b118733543cc13fb4dbd2fd66f9e87e16890e;Asher Mancinelli <asher.mancinelli@pnnl.gov>;1607447817;"cleaned up build/test logic for matrix
"
llnl_hiop;fd76c4df7617e32d83fd41da4830ab893733572a;Cosmin Petra <petra1@llnl.gov>;1582671859;"MA86Z solver updates

matrix conversion and some API
"
llnl_hiop;fd7c8c6f5e5f2a90fb1184ea76ec37ad938e8738;nychiang <sorakid507@gmail.com>;1696630081;"remove typo
"
llnl_hiop;fd884b5ea96fa542f4010aeb0aa97569f9fa32e9;Slaven Peles <peless@ornl.gov>;1657682967;"Very minor style correction.
"
llnl_hiop;fd8d756abdb88d7731993cf8c6a4ae3f3b8e17fb;nychiang <sorakid507@gmail.com>;1655758404;"fix and test
"
llnl_hiop;fd9ee297f3ccfb67b65224f0a84c064fa5525319;Cosmin G Petra <petra1@llnl.gov>;1652206325;updated contributions and funding
llnl_hiop;fdbf56d96efc078d4ca0f5cc31956e312346a60a;Asher Mancinelli <ashermancinelli@gmail.com>;1622581495;"Clarify language in cmake error [skip ci]
"
llnl_hiop;fdc6d21b0c79e852b5e9809ee0745caf75d4a74b;nychiang <sorakid507@gmail.com>;1685578469;"add support to fortran mpi compiler
"
llnl_hiop;fde956d4e19eb2a848282d1cf526c35686c16286;Nai-Yuan Chiang <chiang7@llnl.gov>;1647551679;"change some parameter values related to MA57 pivot and filter LS(#424)

Co-authored-by: Chiang <chiang7@sephiroth.llnl.gov>"
llnl_hiop;fe014623ee01f81d67864d6087af57b9fce78a77;Chumbipuma <chumbipuma1@croagunk.the-lab.llnl.gov>;1750789534;"Add RAJA implementation of Dense Constraints Example 2 with MPI support and RAJA loop policies
"
llnl_hiop;fe0d148e5e1edeaa9ef3d8687fcfed0e48c0674a;Cosmin G Petra <petra1@llnl.gov>;1737742194;"Merge pull request #702 from nkoukpaizan/nicholson/fix-hipblas-path

Fix hipblas path"
llnl_hiop;fe1be4d65b660616deba4c47e588216151cce3bf;rcrutherford <robert.rutherford@pnnl.gov>;1608615524;"removed erroneous #elif in place for #else.
"
llnl_hiop;fe1f321e58654088924f759ec8cc93547922b0a6;Nicholson Koukpaizan <koukpaizannk@ornl.gov>;1679669468;"Merge branch 'ir-testing-dev' into nvtx-annotations-ir-testing-dev
"
llnl_hiop;fe2026d1bfc7c954f0b35b5d614687f758920928;Chiang <chiang7@sephiroth.llnl.gov>;1623798092;"add method to hiopVectorInt; unit test for CopyRowsFrom
"
llnl_hiop;fe36cbab0cef85cbb2e366eeda5f90fd401f98dc;Jaelyn Litzinger <jaelyn.litzinger@pnnl.gov>;1661274212;"update branch with remote develop

Conflicts:
	scripts/newellVariables.sh
"
llnl_hiop;fe37e18379aa4d3f99786a26754740e605eada7d;Asher Mancinelli <asher.mancinelli@pnnl.gov>;1635973380;"fixed tests
"
llnl_hiop;fe4ab33054357c775d7d48f3f3dba9a91288caeb;Slaven Peles <peless@ornl.gov>;1691771945;"Removing redundant hiopLinSolverSymSparseReSolveGPU class.
"
llnl_hiop;fe5a6a945ad6c99850c47d0a7f0aff86ede7bedc;Jorge Alejandro Chumbipuma <chumbipuma1@lassen709.coral.llnl.gov>;1752764742;"Stub: Add shift_elems to hiopVectorCuda as not-yet-implemented (asserts). Makes class concrete.
"
llnl_hiop;fe5b95fa3a44ef77fbf9648b66ab05a29efab680;Cosmin G. Petra <petra1@llnl.gov>;1513564879;"COPYRIGHT info in the files in interface, linalg, and utils directories
"
llnl_hiop;fe646d29211833167ab83c17847bbc7f7d430893;Cosmin G. Petra <petra1@llnl.gov>;1644278535;"Merge branch 'linsolv-safemode-dev' into csr-interface-dev
"
llnl_hiop;fe6ec35370d370e9c3c53ebf7af6475b4ed8ae1b;Chiang <chiang7@sephiroth.llnl.gov>;1630707924;"fix RAJA issue
"
llnl_hiop;fe832a37f51742241f5ba595e59d6e714c63d417;Cosmin G. Petra <petra1@llnl.gov>;1642113050;"added iterative refinement for condensed linsys via Krylov
"
llnl_hiop;fe8c86069db4acbd79c0bfb9625bb5c62ba47722;kswirydo <kasia.swirydowicz@gmail.com>;1655179458;"proper cleanup functions, error handling, more
"
llnl_hiop;fe8c93c80ed6d016a18871cb247d50a1de7958eb;Cosmin G. Petra <petra1@llnl.gov>;1597710421;"fixed incorrect buffer size in matTransTimes

addresses issue #61
"
llnl_hiop;fe911d60f86a59c6db9891dc20326910bab2bf27;Frank Wang <wang125@llnl.gov>;1641600154;"cleaning up files including renaming existing files to standards
"
llnl_hiop;fe91924afc70185d5df6565853f7d8f65d3a3c65;Nai-Yuan Chiang <chiang7@llnl.gov>;1650382930;"add back cusolver example (#456)

"
llnl_hiop;fea12a4a62e6cd21cc9f7a73962110ddd48999f7;nychiang <sorakid507@gmail.com>;1666827871;"add ci for raja::openmp
"
llnl_hiop;fec27bf97a7a0ee8ba801fd39cd29f98e658cf03;Tucker Hartland <tucker.hartland@gmail.com>;1752025907;"multistart local search now can be done in parallel. this required removing various lambda functions as they are incompatible with the pickling that is done in the backend of the evaluation_manager
"
llnl_hiop;fec7257716ded188dd1736bd2a3a638b18f8f1d2;Cosmin G Petra <petra1@llnl.gov>;1611880750;"Adapter fix (#181)

* updated Ipopt adapter to work with the newest HiOp interfaces

* fixed timing of inertia and updated some messages

Co-authored-by: nychiang <sorakid507@gmail.com>"
llnl_hiop;feddfe84e1592eb805abb8bbbba7b17e4d86fbe0;Asher Mancinelli <asher.mancinelli@pnnl.gov>;1613057298;"linking to hip::device for linalg kernels
"
llnl_hiop;fee30ea3ed775ef9cd5e061b35a6d154ac47ca70;Cosmin G. Petra <petra1@llnl.gov>;1625500651;"fixed an incorrect assert
"
llnl_hiop;fee555e5efae46937bf92be998f5da8097750657;nychiang <sorakid507@gmail.com>;1604718373;"fix bugs for full sparse KKT system
"
llnl_hiop;fee97c40c2a9bea9e69531ecf8c3198b0ad6212a;Cosmin G. Petra <petra1@llnl.gov>;1481241497;"added adtl verbosity levels in the enum
"
llnl_hiop;fee9e50f9bc9825b23e510ed4308a5e686d14184;kswirydo <kasia.swirydowicz@gmail.com>;1649298062;"CUSOLVER + FGMRES-IR implementation started
"
llnl_hiop;feecc23db64654eb7346a85353866c05bd5b8b33;Cosmin G. Petra <petra1@llnl.gov>;1648493470;"updated ex6 and ex7 to select linear solvers properly
"
llnl_hiop;ff0686bcd458c16a3927ff813ed726711445001c;Nai-Yuan Chiang <chiang7@llnl.gov>;1741971115;"Add Bayesian Optimization into HiOp (#711)

* create branch

* add submodule smt

* add files into the correct folders

* remove smt

* update url

* remove python temp files

* addressing some of Cosmins concerns and cleaning up BODriver

---------

Co-authored-by: Tucker Hartland <tucker.hartland@gmail.com>"
llnl_hiop;ff14130652b992fcf7b1fc7c4a96f65b98d184cd;Chiang <chiang7@sephiroth.llnl.gov>;1623964145;"remove comments
"
llnl_hiop;ff3882fa0414b2996ba9336f1166976753678ad2;Cosmin G. Petra <petra1@llnl.gov>;1580746130;"fixed printf integer types mismatch warning
"
llnl_hiop;ff65d5ddfe06e86fbf4c7e85cc7cd6680d28fe46;nychiang <sorakid507@gmail.com>;1602097580;"add unit test; add opt obj for selfcheck
"
llnl_hiop;ff66fa76b1383f723a5a49ae18829e7240253fe5;kswirydo <kasia.swirydowicz@gmail.com>;1654661217;"cusolver, inner iterative refinement, class skeletons, options
"
llnl_hiop;ff6b8f3ddb70797194dbc7d5c05952fc750ee135;Jonathan Wong <jonwong12@users.noreply.github.com>;1542425439;"Merge 2a025d1cb2c1cdb474a96e1b7ad0b1e17d2ef2d1 into 5a7a350084a335c7515eb394b871730af93f8a07
"
llnl_hiop;ff7a3dc0b1755d289163771cde20ec0df683cd5a;Cosmin G. Petra <petra1@llnl.gov>;1580785735;"bug fixing in complex sparse matrices classes
"
llnl_hiop;ff821c92ce69a89c6b8963f1e49876ce4bef3139;Slaven Peles <slaven.peles@pnnl.gov>;1612761134;"Expand descriptions of style guidelines.
"
llnl_hiop;ff86f9e5c7b47664e82a8e210714700e1ae87e4a;Michel Schanen <mschanen@anl.gov>;1602204257;"source path fixed
"
llnl_hiop;ffb7bbea6d91d5eb11472a8b41c18b0221dc9639;Slaven Peles <peless@ornl.gov>;1684884081;"Possibly fix segfault in CI.
"
llnl_hiop;ffba482b277abe0f1b156600fb9086c78b24d326;Cosmin G. Petra <petra1@llnl.gov>;1573849437;"changed names of some parameters to be more specific
"
llnl_hiop;ffef2f6e89bc61d11579501f0c8ae736695e31c5;nychiang <sorakid507@gmail.com>;1605729712;"fix cmake files for lapack and magma
"
llnl_hiop;fff1daaa41d5ca8d38a9a9e3e851f091c417ebea;nychiang <sorakid507@gmail.com>;1685493857;"fix after rebase, add dense ex4 to CI
"
